board,rows_present_cols,cert_exact,cert_count,cert_tau,cert_rerun_min,cert_rerun_max,N1_exact,N1_tau,q100_exact,q100_tau,f100_exact,f100_tau,q1_exact,q1_tau,f1_exact,f1_tau
0,"[[1,2],[0,2,3,4,5,7],[1,2,3,5],[0,1,3,5],[4,5,6]]",1.0,399.0,1.0,399.0,399.0,0.8107769423558897,0.8107769423558897,0.8082706766917294,0.8082706766917294,0.8032581453634086,0.8032581453634086,0.949874686716792,0.949874686716792,0.9523809523809523,0.9523809523809523
1,"[[2,7],[0,1,2,3,6,7],[0,2,3,5],[1,3,4,6],[1,2,6]]",0.9949874686716792,397.0,0.9949874686716792,397.0,397.0,0.7957393483709273,0.7957393483709273,0.7994987468671679,0.7994987468671679,0.7994987468671679,0.7994987468671679,0.9598997493734336,0.9598997493734336,0.9674185463659147,0.9674185463659147
2,"[[0,2],[0,3,4,5,6,7],[1,2,4,5],[1,4,5,7],[3,4,6]]",0.9924812030075187,396.0,0.9924812030075187,396.0,396.0,0.7243107769423559,0.7243107769423559,0.731829573934837,0.731829573934837,0.7343358395989975,0.7343358395989975,0.924812030075188,0.924812030075188,0.9273182957393483,0.9273182957393483
3,"[[2,7],[0,1,2,3,5,7],[1,4,5,6],[0,1,3,7],[2,3,5]]",0.9924812030075187,396.0,0.9924812030075187,396.0,396.0,0.7518796992481203,0.7518796992481203,0.7531328320802005,0.7531328320802005,0.7556390977443609,0.7556390977443609,0.9598997493734336,0.9598997493734336,0.9649122807017544,0.9649122807017544
4,"[[2,6],[0,1,2,5,6,7],[0,2,3,7],[1,2,3,5],[1,3,5]]",1.0,399.0,1.0,399.0,399.0,0.8446115288220551,0.8446115288220551,0.8383458646616542,0.8383458646616542,0.8408521303258145,0.8408521303258145,0.9624060150375939,0.9624060150375939,0.9598997493734336,0.9598997493734336
5,"[[2,7],[0,2,3,4,6,7],[1,2,4,7],[2,4,6,7],[0,3,4]]",1.0,399.0,1.0,399.0,399.0,0.8822055137844611,0.8822055137844611,0.8834586466165414,0.8834586466165414,0.8847117794486216,0.8847117794486216,0.9899749373433584,0.9899749373433584,0.9874686716791979,0.9874686716791979
6,"[[1,5],[1,2,3,4,5,7],[3,5,6,7],[0,1,3,6],[4,5,6]]",0.9874686716791979,394.0,0.9874686716791979,393.0,394.0,0.8095238095238095,0.8095238095238095,0.8032581453634086,0.8032581453634086,0.8007518796992481,0.8007518796992481,0.9448621553884712,0.9448621553884712,0.9448621553884712,0.9448621553884712
7,"[[0,7],[0,1,3,4,5,6],[0,1,3,5],[1,2,5,6],[2,3,5]]",1.0,399.0,1.0,399.0,399.0,0.8070175438596491,0.8070175438596491,0.8070175438596491,0.8070175438596491,0.8070175438596491,0.8070175438596491,0.9461152882205514,0.9461152882205514,0.9348370927318296,0.9348370927318296
8,"[[3,6],[0,2,3,4,6,7],[0,2,3,4],[0,2,4,5],[2,6,7]]",0.9949874686716792,397.0,0.9949874686716792,397.0,397.0,0.843358395989975,0.843358395989975,0.8308270676691729,0.8308270676691729,0.8333333333333334,0.8333333333333334,0.9799498746867168,0.9799498746867168,0.9674185463659147,0.9674185463659147
9,"[[1,2],[0,1,2,3,4,5],[1,5,6,7],[0,1,4,7],[2,4,7]]",0.9949874686716792,397.0,0.9949874686716792,397.0,397.0,0.7957393483709273,0.7957393483709273,0.7982456140350878,0.7982456140350878,0.7957393483709273,0.7957393483709273,0.9323308270676691,0.9323308270676691,0.9323308270676691,0.9323308270676691
10,"[[3,7],[0,2,3,4,5,6],[0,1,2,6],[1,3,5,6],[3,5,7]]",1.0,399.0,1.0,399.0,399.0,0.7781954887218046,0.7781954887218046,0.7781954887218046,0.7781954887218046,0.7832080200501254,0.7832080200501254,0.9699248120300752,0.9699248120300752,0.9674185463659147,0.9674185463659147
11,"[[0,4],[1,2,3,4,6,7],[2,4,6,7],[1,2,3,7],[1,5,7]]",1.0,399.0,1.0,399.0,399.0,0.8095238095238095,0.8095238095238095,0.8120300751879699,0.8120300751879699,0.8145363408521303,0.8145363408521303,0.9423558897243107,0.9423558897243107,0.9423558897243107,0.9423558897243107
12,"[[5,6],[0,1,2,3,4,7],[0,1,3,4],[2,3,5,6],[2,3,4]]",1.0,399.0,1.0,399.0,399.0,0.7794486215538847,0.7794486215538847,0.7769423558897243,0.7769423558897243,0.7694235588972431,0.7694235588972431,0.9924812030075187,0.9924812030075187,0.9899749373433584,0.9899749373433584
13,"[[3,4],[0,1,2,3,6,7],[0,1,3,7],[1,5,6,7],[1,3,5]]",1.0,399.0,1.0,399.0,399.0,0.8283208020050126,0.8283208020050126,0.8295739348370927,0.8295739348370927,0.8295739348370927,0.8295739348370927,0.9473684210526315,0.9473684210526315,0.9398496240601504,0.9398496240601504
14,"[[2,6],[0,1,2,3,5,6],[0,2,3,7],[0,1,4,6],[1,3,5]]",0.9824561403508771,392.0,0.9824561403508771,392.0,392.0,0.7593984962406015,0.7593984962406015,0.7669172932330827,0.7669172932330827,0.7669172932330827,0.7669172932330827,0.9122807017543859,0.9122807017543859,0.9122807017543859,0.9122807017543859
15,"[[0,6],[0,1,4,5,6,7],[0,1,5,7],[2,3,4,6],[4,5,6]]",1.0,399.0,1.0,399.0,399.0,0.7894736842105263,0.7894736842105263,0.8045112781954887,0.8045112781954887,0.8095238095238095,0.8095238095238095,0.9899749373433584,0.9899749373433584,0.9849624060150376,0.9849624060150376
16,"[[2,4],[1,3,4,5,6,7],[0,3,5,6],[1,4,5,7],[2,3,6]]",0.9849624060150376,393.0,0.9849624060150376,393.0,393.0,0.7355889724310777,0.7355889724310777,0.7368421052631579,0.7368421052631579,0.7368421052631579,0.7368421052631579,0.9423558897243107,0.9423558897243107,0.9448621553884712,0.9448621553884712
17,"[[3,4],[1,2,3,5,6,7],[0,2,6,7],[2,4,5,6],[0,1,2]]",1.0,399.0,1.0,399.0,399.0,0.7243107769423559,0.7243107769423559,0.7218045112781954,0.7218045112781954,0.7293233082706767,0.7293233082706767,0.9223057644110275,0.9223057644110275,0.9197994987468672,0.9197994987468672
18,"[[2,5],[1,2,3,4,6,7],[0,2,4,7],[0,2,4,5],[2,5,7]]",1.0,399.0,1.0,399.0,399.0,0.8671679197994987,0.8671679197994987,0.8646616541353384,0.8646616541353384,0.8721804511278195,0.8721804511278195,0.9799498746867168,0.9799498746867168,0.974937343358396,0.974937343358396
19,"[[1,2],[0,2,3,4,5,7],[1,2,5,6],[0,4,5,6],[0,2,4]]",0.9949874686716792,397.0,0.9949874686716792,397.0,397.0,0.7957393483709273,0.7957393483709273,0.7944862155388471,0.7944862155388471,0.7969924812030075,0.7969924812030075,0.9699248120300752,0.9699248120300752,0.9649122807017544,0.9649122807017544
20,"[[3,7],[1,2,3,4,6,7],[0,5,6,7],[0,3,4,6],[1,6,7]]",0.9899749373433584,395.0,0.9899749373433584,394.0,395.0,0.8170426065162907,0.8170426065162907,0.8145363408521303,0.8145363408521303,0.8195488721804511,0.8195488721804511,0.9473684210526315,0.9473684210526315,0.9473684210526315,0.9473684210526315
21,"[[0,3],[0,2,3,4,5,7],[1,4,5,6],[0,2,4,7],[1,3,5]]",0.9924812030075187,396.0,0.9924812030075187,395.0,396.0,0.7268170426065163,0.7268170426065163,0.7218045112781954,0.7218045112781954,0.7243107769423559,0.7243107769423559,0.9649122807017544,0.9649122807017544,0.9674185463659147,0.9674185463659147
22,"[[2,6],[0,1,2,4,5,6],[0,1,4,7],[3,5,6,7],[5,6,7]]",0.9924812030075187,396.0,0.9924812030075187,396.0,396.0,0.7894736842105263,0.7894736842105263,0.7894736842105263,0.7894736842105263,0.7844611528822055,0.7844611528822055,0.9448621553884712,0.9448621553884712,0.9448621553884712,0.9448621553884712
23,"[[0,4],[0,1,2,3,4,6],[0,1,3,4],[0,1,3,6],[1,5,6]]",1.0,399.0,1.0,399.0,399.0,0.8847117794486216,0.8847117794486216,0.8909774436090225,0.8909774436090225,0.8897243107769424,0.8897243107769424,1.0,1.0,1.0,1.0
24,"[[4,7],[2,3,4,5,6,7],[1,2,3,6],[1,4,5,7],[0,5,7]]",1.0,399.0,1.0,399.0,399.0,0.7731829573934837,0.7731829573934837,0.7781954887218046,0.7781954887218046,0.768170426065163,0.768170426065163,0.949874686716792,0.949874686716792,0.9523809523809523,0.9523809523809523
25,"[[1,6],[0,1,2,4,6,7],[1,3,4,7],[0,3,5,6],[2,4,7]]",0.9949874686716792,397.0,0.9949874686716792,397.0,397.0,0.7268170426065163,0.7268170426065163,0.7293233082706767,0.7293233082706767,0.7293233082706767,0.7293233082706767,0.9573934837092731,0.9573934837092731,0.9573934837092731,0.9573934837092731
26,"[[0,7],[0,1,2,3,4,5],[0,1,2,3],[0,3,4,5],[4,6,7]]",1.0,399.0,1.0,399.0,399.0,0.7694235588972431,0.7694235588972431,0.7694235588972431,0.7694235588972431,0.7719298245614035,0.7719298245614035,0.9699248120300752,0.9699248120300752,0.9674185463659147,0.9674185463659147
27,"[[1,3],[0,3,4,5,6,7],[1,2,4,7],[2,3,6,7],[0,3,6]]",1.0,399.0,1.0,399.0,399.0,0.7781954887218046,0.7781954887218046,0.7832080200501254,0.7832080200501254,0.7857142857142857,0.7857142857142857,0.9724310776942355,0.9724310776942355,0.9699248120300752,0.9699248120300752
28,"[[4,5],[0,1,2,3,4,7],[0,1,4,5],[1,5,6,7],[0,1,5]]",1.0,399.0,1.0,399.0,399.0,0.8596491228070176,0.8596491228070176,0.8446115288220551,0.8446115288220551,0.8421052631578947,0.8421052631578947,0.9573934837092731,0.9573934837092731,0.9573934837092731,0.9573934837092731
29,"[[1,7],[0,1,3,5,6,7],[2,3,6,7],[2,3,5,7],[1,2,5]]",0.9949874686716792,397.0,0.9949874686716792,397.0,397.0,0.8408521303258145,0.8408521303258145,0.8320802005012531,0.8320802005012531,0.8333333333333334,0.8333333333333334,0.9448621553884712,0.9448621553884712,0.9448621553884712,0.9448621553884712
30,"[[3,4],[0,1,2,3,5,6],[0,1,6,7],[0,2,6,7],[0,2,4]]",1.0,399.0,1.0,399.0,399.0,0.7719298245614035,0.7719298245614035,0.7694235588972431,0.7694235588972431,0.7593984962406015,0.7593984962406015,0.943609022556391,0.943609022556391,0.9348370927318296,0.9348370927318296
31,"[[3,7],[0,2,3,4,6,7],[1,2,3,4],[4,5,6,7],[1,2,5]]",0.9849624060150376,393.0,0.9849624060150376,392.0,393.0,0.7255639097744361,0.7255639097744361,0.7280701754385965,0.7280701754385965,0.7280701754385965,0.7280701754385965,0.9323308270676691,0.9323308270676691,0.9373433583959899,0.9373433583959899
32,"[[2,4],[1,2,3,4,5,6],[0,1,4,6],[0,2,4,6],[1,3,6]]",0.9949874686716792,397.0,0.9949874686716792,397.0,397.0,0.8621553884711779,0.8621553884711779,0.8596491228070176,0.8596491228070176,0.8596491228070176,0.8596491228070176,0.9874686716791979,0.9874686716791979,0.9874686716791979,0.9874686716791979
33,"[[4,6],[0,2,4,5,6,7],[0,4,6,7],[2,3,4,6],[0,1,2]]",0.9949874686716792,397.0,0.9949874686716792,397.0,397.0,0.8220551378446115,0.8220551378446115,0.8195488721804511,0.8195488721804511,0.8195488721804511,0.8195488721804511,0.968671679197995,0.968671679197995,0.9674185463659147,0.9674185463659147
34,"[[0,5],[1,3,4,5,6,7],[0,1,3,5],[0,3,5,6],[1,4,5]]",1.0,399.0,1.0,399.0,399.0,0.893483709273183,0.893483709273183,0.8909774436090225,0.8909774436090225,0.8959899749373433,0.8959899749373433,1.0,1.0,0.9949874686716792,0.9949874686716792
35,"[[6,7],[0,1,2,4,5,6],[2,4,5,7],[1,4,5,6],[1,2,6]]",1.0,399.0,1.0,399.0,399.0,0.849624060150376,0.849624060150376,0.8370927318295739,0.8370927318295739,0.8270676691729323,0.8270676691729323,0.9573934837092731,0.9573934837092731,0.9423558897243107,0.9423558897243107
36,"[[4,5],[2,3,4,5,6,7],[2,5,6,7],[1,2,3,7],[1,2,5]]",1.0,399.0,1.0,399.0,399.0,0.8395989974937343,0.8395989974937343,0.8395989974937343,0.8395989974937343,0.8395989974937343,0.8395989974937343,0.9774436090225563,0.9774436090225563,0.974937343358396,0.974937343358396
37,"[[0,3],[0,1,2,3,4,7],[0,1,3,5],[2,4,6,7],[1,3,4]]",1.0,399.0,1.0,399.0,399.0,0.7894736842105263,0.7894736842105263,0.7894736842105263,0.7894736842105263,0.7894736842105263,0.7894736842105263,0.9849624060150376,0.9849624060150376,0.9824561403508771,0.9824561403508771
38,"[[6,7],[0,1,3,4,5,6],[0,1,4,6],[0,1,4,7],[0,3,7]]",1.0,399.0,1.0,399.0,399.0,0.8546365914786967,0.8546365914786967,0.8471177944862155,0.8471177944862155,0.8471177944862155,0.8471177944862155,0.9624060150375939,0.9624060150375939,0.9598997493734336,0.9598997493734336
39,"[[1,7],[1,2,3,4,6,7],[2,3,4,5],[1,2,3,6],[1,6,7]]",1.0,399.0,1.0,399.0,399.0,0.843358395989975,0.843358395989975,0.8421052631578947,0.8421052631578947,0.8383458646616542,0.8383458646616542,0.9987468671679198,0.9987468671679198,1.0,1.0
40,"[[6,7],[0,1,3,4,5,6],[1,2,4,6],[0,1,2,5],[0,4,5]]",0.9949874686716792,397.0,0.9949874686716792,397.0,397.0,0.7719298245614035,0.7719298245614035,0.768170426065163,0.768170426065163,0.768170426065163,0.768170426065163,0.9373433583959899,0.9373433583959899,0.9323308270676691,0.9323308270676691
41,"[[1,7],[1,2,3,4,5,6],[1,2,4,7],[1,4,6,7],[2,4,7]]",1.0,399.0,1.0,399.0,399.0,0.9097744360902256,0.9097744360902256,0.9047619047619048,0.9047619047619048,0.899749373433584,0.899749373433584,0.9649122807017544,0.9649122807017544,0.9624060150375939,0.9624060150375939
42,"[[0,1],[0,1,2,3,5,6],[2,3,4,5],[0,1,4,7],[0,1,7]]",0.9949874686716792,397.0,0.9949874686716792,397.0,397.0,0.8070175438596491,0.8070175438596491,0.8045112781954887,0.8045112781954887,0.8095238095238095,0.8095238095238095,0.9824561403508771,0.9824561403508771,0.9824561403508771,0.9824561403508771
43,"[[2,3],[2,3,4,5,6,7],[2,3,5,6],[0,2,5,7],[0,4,6]]",0.9949874686716792,397.0,0.9949874686716792,397.0,397.0,0.8095238095238095,0.8095238095238095,0.8120300751879699,0.8120300751879699,0.8170426065162907,0.8170426065162907,0.9586466165413534,0.9586466165413534,0.949874686716792,0.949874686716792
44,"[[1,5],[0,1,2,3,5,6],[0,1,2,4],[1,2,4,6],[0,3,7]]",0.9949874686716792,397.0,0.9949874686716792,397.0,397.0,0.7694235588972431,0.7694235588972431,0.7656641604010025,0.7656641604010025,0.7731829573934837,0.7731829573934837,0.9473684210526315,0.9473684210526315,0.9473684210526315,0.9473684210526315
45,"[[2,4],[0,3,4,5,6,7],[0,2,4,6],[0,1,6,7],[0,1,6]]",1.0,399.0,1.0,399.0,399.0,0.8220551378446115,0.8220551378446115,0.8220551378446115,0.8220551378446115,0.8220551378446115,0.8220551378446115,0.9649122807017544,0.9649122807017544,0.9624060150375939,0.9624060150375939
46,"[[1,7],[0,1,2,5,6,7],[1,2,3,5],[0,1,6,7],[0,6,7]]",1.0,399.0,1.0,399.0,399.0,0.8609022556390977,0.8609022556390977,0.8659147869674185,0.8659147869674185,0.8634085213032582,0.8634085213032582,0.9974937343358395,0.9974937343358395,1.0,1.0
47,"[[0,3],[0,2,3,4,6,7],[1,2,3,4],[1,2,5,7],[0,3,6]]",1.0,399.0,1.0,399.0,399.0,0.7669172932330827,0.7669172932330827,0.7644110275689223,0.7644110275689223,0.7694235588972431,0.7694235588972431,0.9899749373433584,0.9899749373433584,0.9874686716791979,0.9874686716791979
48,"[[1,3],[1,2,4,5,6,7],[2,3,4,7],[0,2,4,6],[0,5,6]]",1.0,399.0,1.0,399.0,399.0,0.706766917293233,0.706766917293233,0.7005012531328321,0.7005012531328321,0.7005012531328321,0.7005012531328321,0.9373433583959899,0.9373433583959899,0.9398496240601504,0.9398496240601504
49,"[[0,4],[0,3,4,5,6,7],[1,3,6,7],[0,1,2,3],[1,4,7]]",0.9899749373433584,395.0,0.9899749373433584,394.0,394.0,0.7706766917293233,0.7706766917293233,0.768170426065163,0.768170426065163,0.7656641604010025,0.7656641604010025,0.9398496240601504,0.9398496240601504,0.9448621553884712,0.9448621553884712
