t_rel,util,mem_mib
0.03,0,3061
0.54,0,3051
1.41,0,3029
1.55,2,3075
2.06,0,3075
2.56,0,3075
3.07,0,3071
3.58,0,3070
4.09,0,3070
4.59,0,3068
5.10,0,3068
5.61,0,3068
6.12,0,3065
6.63,0,3065
7.14,0,3065
7.66,0,3037
8.16,0,3024
8.67,0,3024
9.17,0,3024
9.69,1,3033
10.19,0,3033
10.69,0,3033
11.19,0,3033
11.71,0,3032
12.22,0,3027
12.73,0,3027
13.23,0,3026
13.75,0,3026
14.26,0,3025
14.77,0,3025
15.28,0,3025
15.79,0,3025
16.30,0,3023
16.80,0,3023
17.31,0,3019
17.81,0,3019
18.32,0,3019
18.83,0,3015
19.33,0,3015
19.84,0,3015
20.36,0,3015
20.87,0,3015
21.37,0,3015
21.88,0,3015
22.39,0,3015
22.89,0,3015
23.40,0,3015
23.92,0,3015
24.43,0,3015
24.94,0,3015
25.45,0,3015
25.96,0,3015
26.46,0,3015
26.98,0,3015
27.48,0,3015
27.99,0,3015
28.50,0,3015
29.01,0,3015
29.51,0,3015
30.02,0,3015
30.52,0,3015
31.04,0,3015
31.54,0,3015
32.05,0,3015
32.55,0,3015
33.06,0,3015
33.57,0,3015
34.07,0,3015
34.57,0,3015
35.08,0,3015
35.59,0,3015
36.11,0,3015
36.62,0,3015
37.12,0,3015
37.63,0,3015
38.13,0,3015
38.65,0,3015
39.16,0,3015
39.68,0,3015
40.18,0,3015
40.69,0,3015
41.20,0,3015
41.71,0,3015
42.23,0,3015
42.74,0,3015
43.25,0,3015
43.75,0,3015
44.26,0,3015
44.77,0,3015
45.28,0,3022
45.79,0,3022
46.30,0,3022
46.81,0,3022
47.31,0,3022
47.82,0,3022
48.32,0,3021
48.83,0,3021
49.33,0,3021
49.85,0,3021
50.36,0,3017
50.87,0,3017
51.37,0,3017
51.88,0,3017
52.38,0,3017
52.89,0,3017
53.40,0,3017
53.91,0,3017
54.43,0,3017
54.94,0,3017
55.45,0,3017
55.96,0,3017
56.47,0,3017
56.98,0,3017
57.48,0,3017
57.99,0,3017
58.49,0,3017
59.01,0,3017
59.51,0,3017
60.02,0,3017
60.53,0,3017
61.05,0,3017
61.55,0,3017
62.06,0,3017
62.56,0,3017
63.07,0,3017
63.57,0,3017
64.08,0,3017
64.60,0,3017
65.11,0,3017
65.61,0,3017
66.12,0,3017
66.63,0,3017
67.14,0,3017
67.64,0,3022
68.15,0,3022
68.66,0,3020
69.17,0,3020
69.68,0,3020
70.19,0,3020
70.70,0,3020
71.21,0,3020
71.71,0,3020
72.22,0,3020
72.73,0,3016
73.24,0,3016
73.75,0,3016
74.26,0,3016
74.76,0,3016
75.27,0,3016
75.77,0,3016
76.28,0,3016
76.78,0,3016
77.29,0,3016
77.81,0,3016
78.32,0,3016
78.83,0,3016
79.34,0,3016
79.85,0,3016
80.36,0,3016
80.87,0,3016
81.38,0,3016
81.88,0,3016
82.39,0,3016
82.90,0,3016
83.41,0,3016
83.92,0,3016
84.43,0,3016
84.95,0,3016
85.45,0,3016
85.96,0,3016
86.47,0,3016
86.98,0,3016
87.50,0,3016
88.01,0,3016
88.52,0,3016
89.03,0,3016
89.54,0,3016
90.05,0,3016
90.56,0,3016
91.07,0,3016
91.58,0,3016
92.08,0,3016
92.59,0,3016
93.09,0,3016
93.60,0,3016
94.12,0,3016
94.63,0,3016
95.15,0,3016
95.66,0,3016
96.17,0,3016
96.68,0,3016
97.18,0,3016
97.69,0,3016
98.19,0,3016
98.70,0,3016
99.20,0,3016
99.71,0,3016
100.22,0,3016
100.73,0,3016
101.24,0,3016
101.75,0,3016
102.25,0,3016
102.77,0,3016
103.27,0,3016
103.78,0,3016
104.29,0,3016
104.80,0,3016
105.30,0,3016
105.82,0,3016
106.32,0,3016
106.83,0,3016
107.33,0,3016
107.84,0,3016
108.35,0,3016
108.85,0,3016
109.36,0,3016
109.88,0,3016
110.39,0,3016
110.89,0,3016
111.39,0,3016
111.89,0,3016
112.41,0,3016
112.91,0,3016
113.42,0,3016
113.92,0,3016
114.43,0,3016
114.94,0,3016
115.45,0,3016
115.95,0,3016
116.47,0,3016
116.97,0,3016
117.48,0,3016
117.98,0,3016
118.50,0,3016
119.00,0,3016
119.51,0,3016
120.01,0,3016
120.52,0,3016
121.04,0,3016
121.55,0,3016
122.05,0,3016
122.56,0,3016
123.08,0,3016
123.58,0,3016
124.09,0,3016
124.60,0,3016
125.10,0,3016
125.62,0,3016
126.14,0,3016
126.65,0,3016
127.16,0,3020
127.67,0,3020
128.17,0,3020
128.68,0,3020
129.19,0,3020
129.70,0,3020
130.21,0,3020
130.72,0,3020
131.23,0,3020
131.75,0,3020
132.25,0,3020
132.77,0,3016
133.27,0,3016
133.78,0,3016
134.28,0,3016
134.80,0,3016
135.30,0,3016
135.81,0,3016
136.33,0,3016
136.84,0,3016
137.34,0,3016
137.86,0,3016
138.36,0,3016
138.87,0,3016
139.37,0,3016
139.88,0,3024
140.40,3,3248
140.91,24,7498
141.42,3,15587
141.93,97,15587
142.45,98,15571
142.96,99,15575
143.47,96,15575
143.99,95,15575
144.49,95,15575
145.00,98,15575
145.50,96,15575
146.01,96,15575
146.51,94,15577
147.03,97,15577
147.53,99,15577
148.04,99,15579
148.54,98,15579
149.06,97,15579
149.57,97,15579
150.08,97,15579
150.58,96,15579
151.10,96,15579
151.60,97,15579
152.11,99,15579
152.62,97,15579
153.13,97,15579
153.64,97,15579
154.15,98,15579
154.67,97,15579
155.18,98,15579
155.68,97,15579
156.19,97,15579
156.69,99,15579
157.20,98,15579
157.72,99,15579
158.23,98,15579
158.73,97,15579
159.25,96,15579
159.75,96,15579
160.26,98,15579
160.78,95,15579
161.29,94,15579
161.79,93,15579
162.30,96,15579
162.81,97,15579
163.32,98,15581
163.83,97,15581
164.35,97,15581
164.86,98,15581
165.37,98,15581
165.87,97,15581
166.39,97,15581
166.89,97,15581
167.40,97,15581
167.90,98,15581
168.42,98,15581
168.92,96,15581
169.42,97,15581
169.94,97,15581
170.45,98,15581
170.96,98,15581
171.48,98,15581
171.99,98,15581
172.49,98,15581
173.00,99,15581
173.50,99,15581
174.01,97,15581
174.53,98,15581
175.04,94,15581
175.55,95,15581
176.05,96,15581
176.56,95,15581
177.07,95,15581
177.57,98,15581
178.08,99,15581
178.58,97,15581
179.09,96,15581
179.59,97,15581
180.11,97,15581
180.61,97,15581
181.12,97,15581
181.62,97,15581
182.13,97,15581
182.63,99,15581
183.15,98,15581
183.65,97,15581
184.16,96,15581
184.68,97,15581
185.19,96,15581
185.70,95,15581
186.21,96,15581
186.71,96,15581
187.22,99,15581
187.74,98,15586
188.25,98,15586
188.75,97,15586
189.26,97,15586
189.77,97,15586
190.28,97,15586
190.78,97,15586
191.28,97,15586
191.78,95,15585
192.29,95,15585
192.80,98,15585
193.31,97,15581
193.81,95,15581
194.33,96,15581
194.84,97,15581
195.35,96,15581
195.87,97,15581
196.38,95,15581
196.89,97,15581
197.40,97,15581
197.90,98,15581
198.41,98,15581
198.91,98,15581
199.42,97,15588
199.93,97,15590
200.44,97,15590
200.96,97,15590
201.47,96,15581
201.99,97,15581
202.50,96,15581
203.00,97,15581
203.51,96,15581
204.03,98,15581
204.54,97,15581
205.04,98,15581
205.55,97,15581
206.07,97,15581
206.58,95,15581
207.10,97,15581
207.61,95,15581
208.12,99,15581
208.63,98,15581
209.15,97,15581
209.66,96,15581
210.16,96,15581
210.67,98,15581
211.17,98,15581
211.69,98,15581
212.19,98,15581
212.70,99,15581
213.20,98,15581
213.72,97,15581
214.23,97,15581
214.74,97,15581
215.24,97,15581
215.76,97,15581
216.26,95,15581
216.77,97,15581
217.28,99,15581
217.79,98,15581
218.29,98,15581
218.80,96,15581
219.31,95,15581
219.82,98,15581
220.32,97,15581
220.83,97,15581
221.35,96,15581
221.85,98,15581
222.36,99,15581
222.87,97,15581
223.37,98,15581
223.88,98,15581
224.38,95,15581
224.89,96,15581
225.40,96,15581
225.90,98,15581
226.40,95,15581
226.92,97,15581
227.42,95,15581
227.93,98,15581
228.44,98,15581
228.95,98,15581
229.47,97,15581
229.97,97,15581
230.48,97,15581
230.99,98,15581
231.49,97,15581
232.00,97,15581
232.52,95,15581
233.03,97,15581
233.53,98,15581
234.04,98,15581
234.55,96,15581
235.06,98,15581
235.56,95,15581
236.07,95,15581
236.58,95,15581
237.09,97,15581
237.59,97,15581
238.09,98,15581
238.59,99,15581
239.11,98,15581
239.62,98,15581
240.13,97,15581
240.63,97,15581
241.15,98,15581
241.65,97,15581
242.16,97,15581
242.66,96,15581
243.17,100,15581
243.67,98,15581
244.18,97,15581
244.68,98,15581
245.19,96,15581
245.69,97,15581
246.20,99,15581
246.71,97,15581
247.21,97,15585
247.71,96,15585
248.22,98,15585
248.73,98,15585
249.23,97,15585
249.73,96,15585
250.24,98,15585
250.75,97,15585
251.26,97,15585
251.78,98,15585
252.30,95,15585
252.81,97,15581
253.31,98,15581
253.82,99,15581
254.33,98,15581
254.85,97,15581
255.35,97,15581
255.86,97,15581
256.37,97,15581
256.89,96,15581
257.39,97,15581
257.90,97,15581
258.42,100,15581
258.92,97,15581
259.44,98,15581
259.95,98,15581
260.46,97,15581
260.97,97,15581
261.49,97,15581
262.00,98,15581
262.52,97,15581
263.03,97,15581
263.53,98,15581
264.03,98,15581
264.54,98,15581
265.05,96,15581
265.55,96,15581
266.06,96,15581
266.56,97,15581
267.07,96,15581
267.57,97,15581
268.08,96,15581
268.60,96,15581
269.11,99,15581
269.63,98,15581
270.14,98,15581
270.65,98,15581
271.16,97,15581
271.68,97,15581
272.19,97,15581
272.70,94,15581
273.21,93,15581
273.73,99,15581
274.24,98,15581
274.74,98,15581
275.26,97,15581
275.76,97,15581
276.27,96,15581
276.78,95,15581
277.29,97,15581
277.79,96,15581
278.31,97,15581
278.81,99,15581
279.32,98,15581
279.82,98,15581
280.34,97,15581
280.84,96,15581
281.35,97,15581
281.86,94,15581
282.37,93,15581
282.88,94,15581
283.39,95,15581
283.90,98,15581
284.41,99,15581
284.91,97,15581
285.42,97,15581
285.94,97,15581
286.45,97,15581
286.96,97,15581
287.47,97,15581
287.99,97,15581
288.50,96,15581
289.00,98,15581
289.51,98,15581
290.03,97,15581
290.53,97,15581
291.04,97,15581
291.54,95,15581
292.05,96,15581
292.56,96,15581
293.07,95,15581
293.58,97,15581
294.09,99,15581
294.60,97,15581
295.12,98,15581
295.63,98,15581
296.13,98,15581
296.64,97,15581
297.14,98,15581
297.65,98,15581
298.17,98,15581
298.68,96,15581
299.19,95,15581
299.70,98,15581
300.20,96,15581
300.71,97,15581
301.21,97,15581
301.72,97,15581
302.22,97,15581
302.73,97,15581
303.23,95,15581
303.74,97,15581
304.26,99,15581
304.76,99,15581
305.28,97,15581
305.79,95,15581
306.29,97,15581
306.81,93,15581
307.31,95,15581
307.81,93,15585
308.33,92,15585
308.85,99,15585
309.36,97,15585
309.86,98,15585
310.37,97,15585
310.87,98,15585
311.38,97,15585
311.89,97,15585
312.40,96,15585
312.91,97,15585
313.42,94,15581
313.93,99,15581
314.44,98,15581
314.96,98,15581
315.46,96,15581
315.97,98,15581
316.48,97,15581
316.98,96,15581
317.49,96,15581
317.99,98,15581
318.50,97,15581
319.01,98,15581
319.52,99,15581
320.03,99,15581
320.54,98,15581
321.05,97,15581
321.56,97,15581
322.06,97,15581
322.57,96,15581
323.07,95,15581
323.58,97,15581
324.09,98,15581
324.60,99,15581
325.12,97,15581
325.63,96,15581
326.13,97,15581
326.64,97,15581
327.14,97,15581
327.65,98,15581
328.16,96,15581
328.67,97,15581
329.17,98,15581
329.68,100,15581
330.19,98,15581
330.70,97,15581
331.20,96,15581
331.70,97,15581
332.22,96,15581
332.73,96,15581
333.24,95,15581
333.76,97,15581
334.27,99,15581
334.78,99,15581
335.29,98,15581
335.81,97,15581
336.31,97,15581
336.82,97,15581
337.32,97,15581
337.83,97,15581
338.35,95,15581
338.86,99,15581
339.37,97,15581
339.88,96,15581
340.38,96,15581
340.89,96,15581
341.39,96,15581
341.90,96,15581
342.42,97,15581
342.93,97,15581
343.45,97,15581
343.96,98,15581
344.47,99,15581
344.98,98,15581
345.50,97,15581
346.01,98,15581
346.52,97,15581
347.03,95,15581
347.53,97,15581
348.04,95,15581
348.54,96,15581
349.05,99,15581
349.56,98,15581
350.07,97,15581
350.59,98,15581
351.10,97,15581
351.60,98,15581
352.11,97,15581
352.62,97,15581
353.13,96,15581
353.63,96,15581
354.14,99,15581
354.64,98,15581
355.15,98,15581
355.65,98,15581
356.17,98,15581
356.68,96,15581
357.19,97,15581
357.70,95,15581
358.20,97,15581
358.71,94,15581
359.22,98,15581
359.72,98,15581
360.23,97,15581
360.74,97,15581
361.25,97,15581
361.75,98,15581
362.26,97,15581
362.77,96,15581
363.28,95,15581
363.79,99,15581
364.30,98,15581
364.82,98,15581
365.33,97,15581
365.85,98,15581
366.35,98,15581
366.86,98,15581
367.36,97,15585
367.88,97,15585
368.39,96,15585
368.90,99,15585
369.42,98,15585
369.92,98,15585
370.43,97,15585
370.93,96,15585
371.44,96,15585
371.94,96,15585
372.45,94,15585
372.95,95,15581
373.46,94,15595
373.97,97,15600
374.47,98,15600
374.99,99,15600
375.50,97,15590
376.00,97,15590
376.51,97,15590
377.03,97,15590
377.54,95,15590
378.05,97,15590
378.57,96,15594
379.07,98,15594
379.58,99,15601
380.09,97,15602
380.59,96,15602
381.10,96,15602
381.60,96,15594
382.11,97,15594
382.61,95,15590
383.12,97,15590
383.62,98,15590
384.13,98,15590
384.65,100,15581
385.16,98,15581
385.66,97,15581
386.18,97,15581
386.68,97,15581
387.19,98,15581
387.69,95,15581
388.20,96,15581
388.71,95,15581
389.22,99,15581
389.73,98,15581
390.24,97,15581
390.74,96,15581
391.24,97,15581
391.74,96,15581
392.26,96,15581
392.76,97,15581
393.27,97,15581
393.77,98,15581
394.29,99,15581
394.80,99,15581
395.31,98,15581
395.81,95,15581
396.32,97,15581
396.82,98,15581
397.33,96,15581
397.85,96,15581
398.35,97,15581
398.87,98,15581
399.38,99,15581
399.90,98,15581
400.41,97,15581
400.92,98,15581
401.43,98,15581
401.93,96,15581
402.45,97,15581
402.95,97,15581
403.46,97,15581
403.97,96,15581
404.48,99,15581
404.98,97,15581
405.49,96,15581
405.99,96,15581
406.50,96,15581
407.00,95,15581
407.51,97,15581
408.01,97,15581
408.52,96,15581
409.02,98,15581
409.53,99,15581
410.03,98,15581
410.54,98,15581
411.05,97,15581
411.56,97,15581
412.07,98,15581
412.58,95,15581
413.08,96,15581
413.59,97,15581
414.09,96,15581
414.60,98,15581
415.11,98,15581
415.62,97,15581
416.12,97,15581
416.63,97,15581
417.15,97,15581
417.66,97,15581
418.16,96,15581
418.67,97,15581
419.17,98,15581
419.68,98,15581
420.20,97,15581
420.71,96,15581
421.23,96,15581
421.74,97,15581
422.25,95,15581
422.75,98,15581
423.27,92,15581
423.78,95,15581
424.29,92,15581
424.81,92,15581
425.32,98,15581
425.83,97,15581
426.33,97,15581
426.85,96,15586
427.36,96,15586
427.87,75,15586
428.38,0,15586
428.89,98,15586
429.40,100,15586
429.91,99,15586
430.41,100,15586
430.93,100,15586
431.43,99,15585
431.94,98,15585
432.45,99,15581
432.96,99,15581
433.46,99,15581
433.97,99,15581
434.49,98,15581
435.00,99,15581
435.50,99,15581
436.01,98,15581
436.52,97,15581
437.03,97,15589
437.54,99,15589
438.05,98,15589
438.55,96,15589
439.06,98,15588
439.56,98,15596
440.08,100,15596
440.59,99,15598
441.10,99,15600
441.62,99,15596
442.13,100,15596
442.64,99,15583
443.15,99,15581
443.67,99,15581
444.18,99,15581
444.70,98,15581
445.21,99,15581
445.72,98,15581
446.24,99,15581
446.75,98,15581
447.26,98,15581
447.77,98,15581
448.29,99,15581
448.80,98,15581
449.30,98,15581
449.81,99,15581
450.31,99,15581
450.82,99,15581
451.33,100,15581
451.84,99,15581
452.34,99,15581
452.85,98,15581
453.36,99,15581
453.87,99,15581
454.39,99,15581
454.90,97,15581
455.40,99,15581
455.91,98,15581
456.41,98,15581
456.92,99,15581
457.42,99,15581
457.94,98,15581
458.45,99,15581
458.96,98,15581
459.46,99,15581
459.97,99,15581
460.48,97,15581
460.99,98,15581
461.49,99,15581
462.00,98,15581
462.50,100,15581
463.01,98,15581
463.52,100,15581
464.03,100,15581
464.55,99,15581
465.06,98,15581
465.57,98,15581
466.08,99,15581
466.58,99,15581
467.09,99,15581
467.60,99,15581
468.10,99,15581
468.60,96,15581
469.11,97,15581
469.63,99,15581
470.14,97,15581
470.64,99,15581
471.15,97,15581
471.65,98,15581
472.16,98,15581
472.67,99,15581
473.18,99,15581
473.69,100,15581
474.21,100,15581
474.72,99,15581
475.23,100,15581
475.74,99,15581
476.25,99,15581
476.77,98,15581
477.28,99,15581
477.78,97,15581
478.29,97,15581
478.81,99,15581
479.32,98,15581
479.82,97,15581
480.33,99,15581
480.84,98,15581
481.35,99,15581
481.87,98,15581
482.38,97,15581
482.88,99,15581
483.39,99,15581
483.91,98,15581
484.42,99,15581
484.92,99,15581
485.43,100,15581
485.94,99,15581
486.45,99,15581
486.96,100,15581
487.46,99,15586
487.97,99,15586
488.49,99,15586
488.99,99,15586
489.50,99,15586
490.00,99,15586
490.51,99,15586
491.01,99,15586
491.53,97,15585
492.03,98,15585
492.54,98,15585
493.05,98,15581
493.56,96,15581
494.08,98,15581
494.58,97,15581
495.09,97,15581
495.59,97,15581
496.10,100,15581
496.61,99,15581
497.12,100,15581
497.63,99,15581
498.14,99,15581
498.65,99,15581
499.16,99,15581
499.67,98,15581
500.17,99,15581
500.68,99,15581
501.19,97,15581
501.70,99,15581
502.20,98,15581
502.71,98,15581
503.23,98,15581
503.74,98,15581
504.25,96,15581
504.76,99,15581
505.26,99,15581
505.77,99,15581
506.27,98,15581
506.78,100,15581
507.29,98,15581
507.80,100,15581
508.32,100,15581
508.83,99,15581
509.34,98,15581
509.85,99,15581
510.36,98,15581
510.86,99,15581
511.37,97,15581
511.87,98,15581
512.38,98,15581
512.90,98,15581
513.41,99,15581
513.92,98,15581
514.43,99,15581
514.94,98,15581
515.45,99,15581
515.96,99,15581
516.47,98,15581
516.97,99,15581
517.48,97,15581
517.99,99,15581
518.50,100,15581
519.02,99,15581
519.53,99,15581
520.04,99,15581
520.55,99,15581
521.05,99,15581
521.57,98,15581
522.07,99,15581
522.58,99,15581
523.08,98,15581
523.59,98,15581
524.09,99,15581
524.61,99,15581
525.11,98,15581
525.62,98,15581
526.13,99,15581
526.64,99,15581
527.14,97,15581
527.66,98,15581
528.16,97,15581
528.68,100,15581
529.19,99,15581
529.70,99,15581
530.22,100,15581
530.73,100,15581
531.23,99,15581
531.74,99,15581
532.24,99,15581
532.75,98,15581
533.26,99,15581
533.78,99,15581
534.28,98,15581
534.79,98,15581
535.29,97,15581
535.80,97,15581
536.30,97,15581
536.82,98,15581
537.32,99,15581
537.83,99,15581
538.34,99,15581
538.85,99,15581
539.37,100,15581
539.88,97,15581
540.39,100,15581
540.90,100,15581
541.41,98,15581
541.92,98,15581
542.43,98,15581
542.94,99,15581
543.46,99,15581
543.97,99,15581
544.47,99,15581
544.98,99,15581
545.50,98,15581
546.00,99,15581
546.50,99,15581
547.01,98,15586
547.51,99,15586
548.02,99,15586
548.52,99,15586
549.03,99,15586
549.54,97,15586
550.05,98,15586
550.56,99,15586
551.07,100,15585
551.58,98,15585
552.09,99,15585
552.60,99,15581
553.11,99,15581
553.61,99,15581
554.12,99,15581
554.64,99,15581
555.15,99,15581
555.65,99,15581
556.16,99,15581
556.66,99,15581
557.17,99,15581
557.68,97,15581
558.19,98,15581
558.69,99,15581
559.20,98,15581
559.71,98,15581
560.23,97,15581
560.74,99,15581
561.25,100,15581
561.75,99,15581
562.26,100,15581
562.78,99,15581
563.29,99,15581
563.80,99,15581
564.31,98,15581
564.81,99,15581
565.32,98,15581
565.83,97,15581
566.33,97,15581
566.83,98,15581
567.34,97,15581
567.84,99,15581
568.35,97,15581
568.86,99,15581
569.37,99,15581
569.88,98,15581
570.39,99,15581
570.90,99,15581
571.41,99,15581
571.93,99,15581
572.44,100,15581
572.94,100,15581
573.45,98,15581
573.96,98,15581
574.47,100,15581
574.97,99,15581
575.49,99,15581
576.00,97,15581
576.50,97,15581
577.01,98,15581
577.53,97,15581
578.04,99,15581
578.55,99,15581
579.06,98,15581
579.56,99,15581
580.08,98,15581
580.58,99,15581
581.09,99,15581
581.60,98,15581
582.11,98,15581
582.62,98,15581
583.13,99,15581
583.65,100,15581
584.16,97,15581
584.66,100,15581
585.17,100,15581
585.67,99,15581
586.18,99,15581
586.70,98,15581
587.21,99,15581
587.71,99,15581
588.22,99,15581
588.74,99,15581
589.25,98,15581
589.75,97,15581
590.26,98,15581
590.77,97,15581
591.28,99,15581
591.80,98,15581
592.31,97,15581
592.82,98,15581
593.33,99,15581
593.83,98,15581
594.34,100,15581
594.85,100,15581
595.36,98,15581
595.86,100,15581
596.37,100,15581
596.88,99,15581
597.39,99,15581
597.89,99,15581
598.40,99,15581
598.90,98,15581
599.41,97,15581
599.92,98,15581
600.43,97,15581
600.93,99,15581
601.44,98,15581
601.96,98,15581
602.47,99,15581
602.98,98,15581
603.49,99,15581
604.00,99,15581
604.51,98,15581
605.02,99,15581
605.53,98,15581
606.05,99,15581
606.56,100,15581
607.06,99,15581
607.57,100,15586
608.09,100,15586
608.60,99,15586
609.11,99,15586
609.61,98,15586
610.13,98,15586
610.64,99,15586
611.14,99,15586
611.65,98,15586
612.17,98,15585
612.68,99,15585
613.19,98,15585
613.70,99,15581
614.21,97,15581
614.74,98,15581
615.25,98,15589
615.76,98,15589
616.27,96,15588
616.78,100,15588
617.30,99,15588
617.81,100,15588
618.31,98,15588
618.83,99,15588
619.34,99,15584
619.85,98,15593
620.36,99,15595
620.87,99,15598
621.39,98,15602
621.90,98,15602
622.41,98,15602
622.92,97,15589
623.43,99,15589
623.95,99,15589
624.45,97,15589
624.96,99,15589
625.47,98,15589
625.99,98,15589
626.50,99,15589
627.00,99,15584
627.51,97,15584
628.02,100,15584
628.53,100,15589
629.04,98,15589
629.55,99,15589
630.05,100,15589
630.56,98,15589
631.07,98,15589
631.58,99,15589
632.10,99,15589
632.61,97,15584
633.11,99,15584
633.62,98,15584
634.14,97,15581
634.65,99,15581
635.16,99,15581
635.67,99,15581
636.19,99,15581
636.70,99,15581
637.20,99,15581
637.71,98,15581
638.22,99,15581
638.73,98,15581
639.25,98,15581
639.76,100,15581
640.26,98,15581
640.77,100,15581
641.27,100,15581
641.78,99,15581
642.29,99,15581
642.80,99,15581
643.31,98,15581
643.82,99,15581
644.33,99,15581
644.84,98,15581
645.36,99,15581
645.87,99,15581
646.38,97,15581
646.89,99,15581
647.39,99,15581
647.90,97,15581
648.40,99,15581
648.92,98,15581
649.42,99,15581
649.93,99,15581
650.43,99,15581
650.94,100,15581
651.44,98,15581
651.95,100,15581
652.45,100,15581
652.96,99,15581
653.48,99,15581
653.99,99,15581
654.50,98,15581
655.01,97,15581
655.52,98,15581
656.03,99,15581
656.55,99,15581
657.06,97,15581
657.57,99,15581
658.08,97,15581
658.58,98,15581
659.09,99,15581
659.60,99,15581
660.11,98,15581
660.61,98,15581
661.12,99,15581
661.62,98,15581
662.14,100,15581
662.64,100,15581
663.15,100,15581
663.67,99,15581
664.18,98,15581
664.68,99,15581
665.19,98,15581
665.71,98,15581
666.22,99,15581
666.73,98,15581
667.23,98,15586
667.75,99,15586
668.26,98,15586
668.76,99,15586
669.27,99,15586
669.79,99,15586
670.30,98,15586
670.81,100,15586
671.32,98,15586
671.83,97,15586
672.34,98,15586
672.84,99,15582
673.36,100,15582
673.86,99,15582
674.37,99,15582
674.87,99,15582
675.38,100,15582
675.90,100,15582
676.40,99,15582
676.90,98,15582
677.42,98,15582
677.93,99,15582
678.44,98,15582
678.94,98,15582
679.45,98,15582
679.96,97,15590
680.47,99,15590
680.97,98,15590
681.48,96,15590
681.99,99,15582
682.50,99,15582
683.01,99,15582
683.53,98,15582
684.04,99,15582
684.55,100,15582
685.07,100,15582
685.57,99,15582
686.08,99,15582
686.58,100,15582
687.09,99,15582
687.60,99,15582
688.11,99,15582
688.62,97,15582
689.13,98,15582
689.64,99,15582
690.15,98,15582
690.66,98,15582
691.17,99,15582
691.69,98,15582
692.20,99,15582
692.72,99,15582
693.23,99,15582
693.73,99,15582
694.24,99,15582
694.74,99,15582
695.25,97,15582
695.75,96,15582
696.26,100,15582
696.76,99,15582
697.28,100,15582
697.78,100,15582
698.29,99,15582
698.80,99,15582
699.31,99,15582
699.81,99,15582
700.32,99,15582
700.84,99,15582
701.35,98,15582
701.85,98,15582
702.35,99,15582
702.87,97,15582
703.38,99,15582
703.89,98,15582
704.40,99,15582
704.92,100,15582
705.43,98,15582
705.94,98,15582
706.45,98,15582
706.95,100,15582
707.46,100,15582
707.97,98,15582
708.48,99,15582
708.99,100,15582
709.50,99,15582
710.01,99,15582
710.52,99,15582
711.02,98,15582
711.54,99,15582
712.05,99,15582
712.56,97,15582
713.06,99,15582
713.57,97,15582
714.08,99,15582
714.59,98,15582
715.10,98,15582
715.61,98,15582
716.11,99,15582
716.62,99,15582
717.14,98,15582
717.65,99,15582
718.16,100,15582
718.67,97,15582
719.18,100,15582
719.69,100,15582
720.20,98,15582
720.70,98,15582
721.22,99,15582
721.73,98,15582
722.25,99,15582
722.76,98,15582
723.26,99,15582
723.77,98,15582
724.27,99,15582
724.79,99,15582
725.29,98,15582
725.80,98,15582
726.31,99,15582
726.82,99,15582
727.32,98,15582
727.83,98,15586
728.35,98,15586
728.85,98,15586
729.36,100,15586
729.88,99,15586
730.39,99,15586
730.90,100,15586
731.41,99,15586
731.92,99,15586
732.44,98,15586
732.95,99,15586
733.46,99,15582
733.97,98,15582
734.48,98,15582
734.99,99,15582
735.50,98,15582
736.01,97,15582
736.51,98,15582
737.02,99,15582
737.54,98,15582
738.04,97,15582
738.55,98,15582
739.05,96,15582
739.56,99,15582
740.07,100,15582
740.58,99,15582
741.10,100,15582
741.61,99,15582
742.12,99,15582
742.63,98,15582
743.13,99,15582
743.64,99,15582
744.15,99,15582
744.66,98,15582
745.17,99,15582
745.67,99,15582
746.19,99,15582
746.70,98,15582
747.21,99,15582
747.72,98,15582
748.24,99,15582
748.75,98,15582
749.25,99,15582
749.76,99,15582
750.27,100,15582
750.78,100,15582
751.29,97,15582
751.80,99,15582
752.31,100,15582
752.82,99,15582
753.33,99,15582
753.84,99,15582
754.34,97,15582
754.86,99,15582
755.37,99,15582
755.88,98,15582
756.38,99,15582
756.89,98,15582
757.39,99,15582
757.91,99,15582
758.41,98,15582
758.92,99,15582
759.42,98,15582
759.93,99,15582
760.43,98,15582
760.95,98,15582
761.46,100,15582
761.98,96,15582
762.49,100,15582
763.00,99,15582
763.50,98,15582
764.01,99,15582
764.51,98,15582
765.02,99,15582
765.52,99,15582
766.03,99,15582
766.55,99,15582
767.06,99,15582
767.56,98,15582
768.06,99,15582
768.56,98,15582
769.07,98,15582
769.58,99,15582
770.09,97,15582
770.60,97,15582
771.11,96,15582
771.63,98,15582
772.14,99,15582
772.65,99,15582
773.16,99,15582
773.68,99,15582
774.18,100,15582
774.69,100,15582
775.20,99,15582
775.71,99,15582
776.22,99,15582
776.72,99,15582
777.23,98,15582
777.73,99,15582
778.25,99,15582
778.76,98,15582
779.27,98,15582
779.77,98,15582
780.28,99,15582
780.80,98,15582
781.31,98,15582
781.81,98,15582
782.32,97,15582
782.83,99,15582
783.34,97,15582
783.85,99,15582
784.36,99,15582
784.87,100,15582
785.38,100,15582
785.90,99,15582
786.41,98,15582
786.91,99,15582
787.41,99,15586
787.93,99,15586
788.44,99,15586
788.94,98,15586
789.45,99,15586
789.97,99,15586
790.48,99,15586
790.98,98,15586
791.48,98,15586
791.99,99,15586
792.49,98,15586
793.01,97,15582
793.51,95,15582
794.03,98,15582
794.54,97,15582
795.04,98,15582
795.55,99,15582
796.07,100,15582
796.58,100,15582
797.10,99,15582
797.60,99,15582
798.11,99,15582
798.62,99,15582
799.13,99,15582
799.65,99,15582
800.16,98,15582
800.67,98,15582
801.18,98,15582
801.68,97,15582
802.19,97,15582
802.69,99,15582
803.19,99,15582
803.70,98,15582
804.21,99,15582
804.73,98,15582
805.24,99,15582
805.74,98,15582
806.25,99,15582
806.76,99,15582
807.27,100,15582
807.77,99,15582
808.28,99,15582
808.78,99,15582
809.29,98,15582
809.80,98,15582
810.31,99,15582
810.82,97,15582
811.34,97,15582
811.85,99,15582
812.37,99,15582
812.87,98,15582
813.38,99,15582
813.89,99,15582
814.40,99,15582
814.91,99,15582
815.43,98,15582
815.93,98,15582
816.43,99,15582
816.95,100,15582
817.46,98,15582
817.96,99,15582
818.47,100,15582
818.98,99,15582
819.48,99,15582
819.98,99,15582
820.50,98,15582
821.01,99,15582
821.52,99,15582
822.02,99,15582
822.54,99,15582
823.05,98,15582
823.57,99,15582
824.08,98,15582
824.59,98,15582
825.11,96,15582
825.62,98,15582
826.13,99,15582
826.64,99,15582
827.14,97,15582
827.65,99,15582
828.15,100,15582
828.66,99,15582
829.17,99,15582
829.68,100,15582
830.19,99,15582
830.70,99,15582
831.21,98,15582
831.71,99,15582
832.23,99,15582
832.73,97,15582
833.24,97,15582
833.75,99,15582
834.26,98,15582
834.77,99,15582
835.28,97,15582
835.79,98,15582
836.30,98,15582
836.81,99,15582
837.32,98,15582
837.83,100,15582
838.33,100,15582
838.85,100,15582
839.36,99,15582
839.87,99,15582
840.37,100,15582
840.88,99,15582
841.38,99,15582
841.89,98,15582
842.39,99,15582
842.89,99,15582
843.41,98,15582
843.92,99,15582
844.42,98,15582
844.93,99,15582
845.44,99,15582
845.95,98,15582
846.45,99,15582
846.97,99,15586
847.48,99,15586
847.99,99,15586
848.49,98,15586
849.01,100,15586
849.51,99,15586
850.02,99,15586
850.52,100,15586
851.03,100,15586
851.53,99,15586
852.04,99,15586
852.54,99,15582
853.05,99,15582
853.56,98,15582
854.07,99,15582
854.58,99,15582
855.09,99,15582
855.61,99,15582
856.11,99,15582
856.62,98,15582
857.12,98,15582
857.64,99,15582
858.15,98,15582
858.66,97,15582
859.17,95,15582
859.68,98,15589
860.20,100,15590
860.71,100,15590
861.21,99,15590
861.72,99,15581
862.22,100,15581
862.73,99,15581
863.23,99,15581
863.74,99,15581
864.26,99,15581
864.77,99,15581
865.27,99,15581
865.78,99,15581
866.29,97,15581
866.80,98,15581
867.30,98,15581
867.81,98,15581
868.32,99,15581
868.83,99,15581
869.35,99,15581
869.86,99,15581
870.37,98,15581
870.88,100,15581
871.38,99,15581
871.89,100,15581
872.40,99,15581
872.91,99,15581
873.41,99,15581
873.92,99,15581
874.42,98,15581
874.93,99,15581
875.44,99,15581
875.96,98,15581
876.46,99,15581
876.97,99,15581
877.47,98,15581
877.98,98,15581
878.49,99,15581
879.00,99,15581
879.52,98,15581
880.03,98,15581
880.53,97,15581
881.05,98,15581
881.55,98,15581
882.06,99,15581
882.57,98,15581
883.08,99,15581
883.58,100,15581
884.09,100,15581
884.59,99,15581
885.10,99,15581
885.61,99,15581
886.12,99,15581
886.63,99,15581
887.15,99,15581
887.65,98,15581
888.16,99,15581
888.67,99,15581
889.18,99,15581
889.69,98,15581
890.21,97,15581
890.72,98,15581
891.23,99,15581
891.73,98,15581
892.24,97,15581
892.74,98,15581
893.25,98,15581
893.76,100,15581
894.27,99,15581
894.77,99,15581
895.27,99,15581
895.77,99,15581
896.28,99,15581
896.80,99,15581
897.31,99,15581
897.82,99,15581
898.33,99,15581
898.85,98,15581
899.36,98,15581
899.87,97,15581
900.38,98,15581
900.90,99,15581
901.41,99,15581
901.92,98,15581
902.43,98,15581
902.93,99,15581
903.44,99,15581
903.96,100,15581
904.47,99,15581
904.97,100,15581
905.48,99,15581
905.98,98,15581
906.49,99,15581
906.99,98,15581
907.49,99,15586
908.01,99,15586
908.52,98,15586
909.02,98,15586
909.53,99,15586
910.04,98,15586
910.55,99,15586
911.07,99,15586
911.58,98,15585
912.08,98,15585
912.59,98,15585
913.10,99,15581
913.61,99,15581
914.11,97,15581
914.62,100,15581
915.13,99,15581
915.64,99,15581
916.14,100,15581
916.65,100,15581
917.15,99,15581
917.66,99,15581
918.17,99,15581
918.68,99,15581
919.20,99,15581
919.70,99,15589
920.21,99,15589
920.71,98,15589
921.22,97,15589
921.73,97,15581
922.25,99,15581
922.76,98,15581
923.27,97,15581
923.77,98,15581
924.28,99,15581
924.79,99,15581
925.30,100,15581
925.80,99,15581
926.31,98,15581
926.82,100,15581
927.33,100,15581
927.83,99,15581
928.35,99,15581
928.86,99,15581
929.37,99,15581
929.87,98,15581
930.38,99,15581
930.89,99,15581
931.40,98,15581
931.91,99,15581
932.42,97,15581
932.93,99,15581
933.43,99,15581
933.93,99,15581
934.45,99,15581
934.95,98,15581
935.46,97,15581
935.98,99,15581
936.49,100,15581
936.99,99,15581
937.50,98,15581
938.02,98,15581
938.53,99,15581
939.04,99,15581
939.55,99,15581
940.05,99,15581
940.56,98,15581
941.08,99,15581
941.59,99,15581
942.10,99,15581
942.61,99,15581
943.13,98,15581
943.64,99,15581
944.14,99,15581
944.65,98,15581
945.16,96,15581
945.67,98,15581
946.17,99,15581
946.67,97,15581
947.17,98,15581
947.68,100,15581
948.20,96,15581
948.71,100,15581
949.21,100,15581
949.72,98,15581
950.24,99,15581
950.75,99,15581
951.26,99,15581
951.77,99,15581
952.28,98,15581
952.80,99,15581
953.31,98,15581
953.82,99,15581
954.33,97,15581
954.84,98,15581
955.35,99,15581
955.86,98,15581
956.36,96,15581
956.87,97,15581
957.39,99,15581
957.90,99,15581
958.40,99,15581
958.91,98,15581
959.43,99,15581
959.94,100,15581
960.44,100,15581
960.95,99,15581
961.46,98,15581
961.97,99,15581
962.47,97,15581
962.98,98,15581
963.49,99,15581
964.00,98,15581
964.51,98,15581
965.02,98,15581
965.53,99,15581
966.04,99,15581
966.55,98,15581
967.05,99,15586
967.56,99,15586
968.07,99,15586
968.57,98,15586
969.08,99,15586
969.60,98,15586
970.11,99,15586
970.61,99,15586
971.12,99,15585
971.62,100,15585
972.13,99,15585
972.63,98,15581
973.14,98,15581
973.66,99,15581
974.17,99,15581
974.68,98,15581
975.19,99,15581
975.69,99,15581
976.20,98,15581
976.72,98,15581
977.23,99,15581
977.73,99,15581
978.24,98,15581
978.75,97,15581
979.27,96,15581
979.78,98,15581
980.28,99,15581
980.79,99,15581
981.30,100,15581
981.81,99,15581
982.33,99,15581
982.84,99,15581
983.35,99,15581
983.86,98,15581
984.37,99,15581
984.88,98,15581
985.39,99,15581
985.90,98,15581
986.41,97,15581
986.92,98,15581
987.42,98,15581
987.93,97,15581
988.45,98,15581
988.96,99,15581
989.46,98,15581
989.97,99,15581
990.48,98,15581
990.99,100,15581
991.51,99,15581
992.02,99,15581
992.52,100,15581
993.03,100,15581
993.54,99,15581
994.04,99,15581
994.55,99,15581
995.07,99,15581
995.58,98,15581
996.09,98,15581
996.61,99,15581
997.12,98,15581
997.62,98,15581
998.13,99,15581
998.65,99,15581
999.16,99,15581
999.66,98,15581
1000.17,98,15581
1000.69,99,15581
1001.20,99,15581
1001.70,99,15581
1002.21,100,15581
1002.72,99,15581
1003.24,97,15581
1003.75,99,15581
1004.26,100,15581
1004.77,99,15581
1005.29,99,15581
1005.80,99,15581
1006.31,99,15581
1006.81,99,15581
1007.32,98,15581
1007.82,99,15581
1008.33,99,15581
1008.83,99,15581
1009.34,98,15581
1009.85,99,15581
1010.36,99,15581
1010.86,98,15581
1011.37,98,15581
1011.88,96,15581
1012.39,99,15581
1012.89,100,15581
1013.40,100,15581
1013.92,99,15581
1014.43,98,15581
1014.93,100,15581
1015.44,99,15581
1015.95,99,15581
1016.46,99,15581
1016.97,99,15581
1017.49,99,15581
1018.00,99,15581
1018.51,98,15581
1019.02,99,15581
1019.54,97,15581
1020.04,99,15581
1020.55,98,15581
1021.07,97,15581
1021.58,98,15581
1022.08,99,15581
1022.59,99,15581
1023.10,99,15581
1023.62,98,15581
1024.12,100,15581
1024.63,99,15581
1025.14,100,15581
1025.64,99,15581
1026.14,98,15581
1026.66,99,15581
1027.17,99,15581
1027.67,98,15586
1028.19,99,15586
1028.70,99,15586
1029.20,99,15586
1029.71,99,15586
1030.21,99,15586
1030.72,99,15586
1031.22,98,15586
1031.73,99,15585
1032.24,99,15585
1032.75,99,15585
1033.25,98,15581
1033.76,98,15581
1034.26,98,15581
1034.77,99,15581
1035.29,99,15581
1035.80,100,15581
1036.31,98,15581
1036.82,98,15581
1037.33,99,15581
1037.84,99,15581
1038.35,99,15581
1038.87,99,15581
1039.37,99,15581
1039.88,99,15581
1040.39,99,15581
1040.91,99,15581
1041.42,99,15581
1041.93,99,15581
1042.44,98,15581
1042.95,97,15581
1043.46,98,15581
1043.96,99,15581
1044.47,97,15581
1044.98,98,15581
1045.49,97,15581
1046.00,97,15581
1046.51,97,15581
1047.01,96,15581
1047.52,95,15581
1048.03,95,15581
1048.54,95,15581
1049.05,99,15581
1049.57,100,15581
1050.07,98,15581
1050.58,100,15581
1051.09,99,15581
1051.60,97,15581
1052.10,96,15581
1052.61,97,15581
1053.11,97,15581
1053.62,96,15581
1054.13,98,15581
1054.64,91,15581
1055.16,87,15581
1055.67,0,16871
1056.17,99,16871
1056.69,98,16871
1057.20,100,16871
1057.71,100,16871
1058.22,99,16880
1058.72,99,16880
1059.22,100,16880
1059.73,99,16880
1060.25,97,16879
1060.76,98,16878
1061.27,99,16877
1061.79,97,16877
1062.29,99,16873
1062.80,99,16873
1063.30,99,16873
1063.80,99,16873
1064.30,99,16873
1064.81,99,16871
1065.32,99,16871
1065.83,99,16871
1066.33,97,16871
1066.84,98,16871
1067.34,99,16871
1067.85,97,16871
1068.35,100,16871
1068.87,99,16871
1069.38,98,16871
1069.89,99,16871
1070.40,99,16871
1070.91,99,16871
1071.42,99,16871
1071.93,99,16871
1072.43,99,16871
1072.94,99,16871
1073.46,99,16871
1073.97,99,16871
1074.48,99,16871
1074.99,97,16871
1075.51,99,16871
1076.02,97,16871
1076.53,98,16871
1077.04,97,16871
1077.54,97,16871
1078.06,98,16871
1078.56,99,16871
1079.07,100,16871
1079.57,98,16871
1080.08,100,16871
1080.59,99,16871
1081.10,99,16871
1081.60,99,16871
1082.11,99,16871
1082.62,99,16871
1083.13,99,16871
1083.63,99,16871
1084.14,99,16871
1084.64,99,16871
1085.15,96,16871
1085.65,99,16871
1086.17,98,16871
1086.68,98,16871
1087.19,98,16876
1087.71,98,16876
1088.21,99,16876
1088.71,99,16876
1089.22,98,16876
1089.72,99,16876
1090.23,99,16876
1090.75,100,16876
1091.26,98,16875
1091.77,100,16875
1092.28,99,16875
1092.78,99,16871
1093.29,99,16871
1093.81,99,16871
1094.32,99,16871
1094.82,99,16871
1095.33,99,16871
1095.85,99,16871
1096.36,98,16871
1096.86,99,16871
1097.38,99,16871
1097.88,98,16871
1098.39,98,16871
1098.89,97,16871
1099.40,99,16871
1099.91,99,16871
1100.42,98,16871
1100.93,98,16871
1101.44,97,16871
1101.95,100,16871
1102.46,98,16871
1102.97,100,16871
1103.48,99,16871
1103.98,99,16871
1104.49,99,16871
1104.99,99,16871
1105.50,99,16871
1106.00,99,16871
1106.51,99,16871
1107.03,99,16871
1107.54,99,16871
1108.06,97,16871
1108.57,97,16871
1109.08,99,16871
1109.60,97,16871
1110.10,98,16871
1110.61,98,16871
1111.12,99,16871
1111.62,98,16871
1112.13,99,16871
1112.64,99,16871
1113.15,99,16871
1113.67,100,16871
1114.18,99,16871
1114.69,100,16871
1115.20,98,16871
1115.70,99,16871
1116.21,99,16871
1116.71,99,16871
1117.23,99,16871
1117.74,99,16871
1118.25,97,16871
1118.77,97,16871
1119.28,99,16871
1119.80,98,16871
1120.31,99,16871
1120.82,99,16871
1121.33,99,16871
1121.83,99,16871
1122.34,98,16871
1122.86,97,16871
1123.37,98,16871
1123.88,97,16871
1124.39,97,16871
1124.91,100,16871
1125.42,99,16871
1125.93,99,16871
1126.45,98,16871
1126.95,100,16871
1127.46,99,16871
1127.96,99,16871
1128.47,99,16871
1128.97,99,16871
1129.48,98,16871
1129.98,99,16871
1130.49,99,16871
1131.01,99,16871
1131.52,98,16871
1132.02,99,16871
1132.53,99,16871
1133.04,98,16871
1133.55,99,16871
1134.06,99,16871
1134.57,97,16871
1135.08,99,16871
1135.60,99,16871
1136.10,99,16871
1136.61,99,16871
1137.12,100,16871
1137.63,99,16871
1138.14,100,16871
1138.65,100,16871
1139.16,99,16871
1139.67,99,16871
1140.19,99,16871
1140.70,98,16871
1141.21,97,16871
1141.72,97,16871
1142.22,99,16871
1142.74,97,16871
1143.24,99,16871
1143.75,98,16871
1144.25,99,16871
1144.76,99,16871
1145.27,98,16871
1145.78,99,16871
1146.30,99,16871
1146.81,98,16871
1147.31,99,16871
1147.81,100,16876
1148.31,99,16876
1148.82,98,16876
1149.33,99,16876
1149.84,99,16876
1150.34,99,16876
1150.85,99,16876
1151.37,99,16876
1151.87,99,16875
1152.37,99,16875
1152.88,99,16875
1153.40,98,16871
1153.91,99,16871
1154.43,99,16871
1154.93,99,16871
1155.44,99,16871
1155.96,98,16871
1156.46,97,16871
1156.97,99,16871
1157.48,97,16871
1157.99,97,16871
1158.50,100,16871
1159.02,100,16871
1159.52,99,16871
1160.03,100,16871
1160.54,99,16880
1161.06,99,16882
1161.57,99,16884
1162.07,99,16886
1162.58,99,16886
1163.10,99,16886
1163.61,99,16871
1164.11,99,16871
1164.62,99,16871
1165.13,99,16871
1165.64,98,16871
1166.16,98,16871
1166.67,99,16871
1167.18,97,16871
1167.69,98,16871
1168.20,99,16871
1168.71,99,16871
1169.22,99,16871
1169.73,98,16871
1170.23,99,16871
1170.74,100,16871
1171.25,99,16871
1171.76,100,16871
1172.27,99,16871
1172.78,99,16871
1173.29,99,16871
1173.81,98,16871
1174.31,99,16871
1174.82,99,16871
1175.34,99,16871
1175.85,99,16871
1176.36,99,16871
1176.87,98,16871
1177.37,99,16871
1177.88,99,16871
1178.40,98,16871
1178.91,99,16871
1179.41,99,16871
1179.92,97,16871
1180.43,97,16871
1180.94,100,16871
1181.44,99,16871
1181.95,100,16871
1182.47,98,16871
1182.98,100,16871
1183.49,99,16871
1184.01,99,16871
1184.51,99,16871
1185.02,99,16871
1185.54,98,16871
1186.05,99,16871
1186.56,99,16871
1187.07,98,16871
1187.58,99,16871
1188.10,98,16871
1188.61,98,16871
1189.12,98,16871
1189.62,97,16871
1190.13,98,16871
1190.64,99,16871
1191.15,98,16871
1191.66,98,16871
1192.17,99,16871
1192.69,100,16871
1193.20,99,16871
1193.70,98,16871
1194.21,99,16871
1194.72,99,16871
1195.23,99,16871
1195.75,99,16871
1196.26,99,16871
1196.77,98,16871
1197.28,99,16871
1197.79,98,16871
1198.30,97,16871
1198.81,98,16871
1199.32,97,16871
1199.84,99,16871
1200.35,99,16871
1200.86,99,16871
1201.37,99,16871
1201.89,99,16871
1202.40,98,16871
1202.90,99,16871
1203.41,100,16871
1203.93,100,16871
1204.44,97,16871
1204.95,100,16871
1205.47,100,16871
1205.97,99,16871
1206.49,98,16871
1206.99,99,16871
1207.50,97,16876
1208.01,99,16876
1208.52,99,16876
1209.03,99,16876
1209.54,99,16876
1210.05,99,16876
1210.55,98,16876
1211.07,99,16876
1211.57,99,16875
1212.08,98,16875
1212.59,98,16875
1213.10,98,16871
1213.61,99,16871
1214.12,97,16871
1214.62,98,16871
1215.13,100,16871
1215.63,100,16871
1216.14,98,16871
1216.66,100,16871
1217.17,100,16871
1217.68,99,16871
1218.20,98,16871
1218.71,99,16871
1219.21,99,16871
1219.73,99,16879
1220.24,99,16879
1220.75,98,16880
1221.26,99,16880
1221.77,98,16871
1222.28,96,16871
1222.79,97,16871
1223.30,99,16871
1223.82,99,16871
1224.33,99,16871
1224.84,99,16871
1225.36,98,16871
1225.87,99,16871
1226.39,100,16871
1226.90,100,16871
1227.41,98,16871
1227.93,100,16871
1228.44,100,16871
1228.95,98,16871
1229.46,98,16871
1229.98,98,16871
1230.49,99,16871
1231.00,99,16879
1231.51,99,16879
1232.01,98,16878
1232.52,99,16878
1233.04,99,16878
1233.55,98,16878
1234.06,99,16878
1234.57,99,16878
1235.07,98,16874
1235.58,99,16874
1236.10,98,16874
1236.61,97,16871
1237.12,98,16871
1237.63,99,16871
1238.14,100,16871
1238.65,100,16871
1239.16,99,16878
1239.67,100,16878
1240.18,99,16878
1240.70,98,16878
1241.20,99,16878
1241.71,99,16878
1242.23,99,16878
1242.74,99,16878
1243.25,99,16874
1243.76,98,16874
1244.27,99,16874
1244.78,99,16871
1245.28,99,16871
1245.79,99,16871
1246.29,99,16871
1246.81,97,16871
1247.32,99,16871
1247.83,97,16871
1248.34,99,16871
1248.84,98,16871
1249.35,100,16871
1249.85,100,16871
1250.36,98,16871
1250.88,100,16871
1251.39,99,16871
1251.89,99,16871
1252.40,99,16871
1252.92,99,16871
1253.42,99,16871
1253.94,99,16871
1254.45,99,16871
1254.96,99,16871
1255.47,98,16871
1255.98,99,16871
1256.49,99,16871
1256.99,98,16871
1257.50,99,16871
1258.01,98,16871
1258.52,99,16871
1259.03,99,16871
1259.54,98,16871
1260.05,99,16871
1260.56,97,16871
1261.08,100,16871
1261.59,100,16871
1262.09,98,16871
1262.59,100,16871
1263.11,99,16871
1263.61,99,16871
1264.12,99,16871
1264.63,99,16871
1265.14,99,16871
1265.65,99,16871
1266.17,99,16871
1266.68,99,16871
1267.18,99,16876
1267.69,99,16876
1268.21,99,16876
1268.72,98,16876
1269.22,99,16876
1269.73,99,16876
1270.23,97,16876
1270.74,98,16876
1271.25,98,16875
1271.76,98,16875
1272.27,96,16871
1272.79,99,16871
1273.29,100,16871
1273.80,99,16871
1274.30,99,16871
1274.81,99,16871
1275.31,100,16871
1275.82,99,16871
1276.32,99,16871
1276.83,99,16871
1277.34,98,16871
1277.86,99,16871
1278.37,98,16871
1278.88,97,16871
1279.38,97,16871
1279.89,99,16871
1280.39,98,16871
1280.90,99,16871
1281.42,99,16871
1281.93,99,16871
1282.44,99,16871
1282.95,99,16871
1283.47,98,16871
1283.97,98,16871
1284.48,98,16871
1284.98,99,16871
1285.50,99,16871
1286.01,100,16871
1286.51,99,16871
1287.02,99,16871
1287.52,99,16871
1288.04,99,16871
1288.55,98,16871
1289.05,99,16871
1289.57,99,16871
1290.08,98,16871
1290.58,99,16871
1291.09,99,16871
1291.59,98,16871
1292.11,98,16871
1292.62,99,16871
1293.13,97,16871
1293.64,96,16871
1294.15,97,16871
1294.65,98,16871
1295.17,98,16871
1295.68,97,16871
1296.19,100,16871
1296.71,100,16871
1297.22,99,16871
1297.73,99,16871
1298.24,100,16871
1298.75,99,16871
1299.26,99,16871
1299.76,99,16871
1300.27,99,16871
1300.78,99,16871
1301.29,98,16871
1301.80,98,16871
1302.31,99,16871
1302.82,98,16871
1303.34,99,16871
1303.85,99,16871
1304.36,97,16871
1304.86,99,16871
1305.37,98,16871
1305.87,99,16871
1306.38,99,16871
1306.88,99,16871
1307.39,100,16871
1307.90,100,16871
1308.41,99,16871
1308.93,100,16871
1309.44,98,16871
1309.96,99,16871
1310.46,99,16871
1310.96,99,16871
1311.46,98,16871
1311.97,98,16871
1312.47,97,16871
1312.99,99,16871
1313.50,99,16871
1314.01,99,16871
1314.52,99,16871
1315.03,99,16871
1315.53,98,16871
1316.04,99,16871
1316.55,99,16871
1317.06,98,16871
1317.57,97,16871
1318.08,98,16871
1318.58,99,16871
1319.10,100,16871
1319.61,99,16871
1320.12,100,16871
1320.62,99,16871
1321.13,100,16871
1321.65,99,16871
1322.16,99,16871
1322.66,99,16871
1323.17,98,16871
1323.68,99,16871
1324.18,99,16871
1324.69,96,16871
1325.21,99,16871
1325.72,99,16871
1326.23,99,16871
1326.74,97,16871
1327.24,99,16871
1327.74,98,16876
1328.25,97,16876
1328.75,99,16876
1329.26,97,16876
1329.78,99,16876
1330.29,99,16876
1330.79,99,16876
1331.30,100,16876
1331.82,99,16875
1332.33,100,16875
1332.83,99,16875
1333.34,99,16871
1333.85,99,16871
1334.36,99,16871
1334.87,99,16871
1335.38,98,16871
1335.90,98,16871
1336.40,99,16871
1336.91,99,16871
1337.42,98,16871
1337.93,99,16871
1338.45,99,16871
1338.96,99,16871
1339.47,99,16871
1339.99,98,16871
1340.49,99,16871
1341.00,99,16871
1341.51,97,16871
1342.01,98,16871
1342.53,100,16871
1343.03,100,16871
1343.54,98,16871
1344.05,99,16871
1344.56,100,16871
1345.06,99,16871
1345.57,99,16871
1346.09,99,16871
1346.60,99,16871
1347.11,99,16871
1347.62,98,16871
1348.12,99,16871
1348.63,98,16871
1349.15,99,16871
1349.66,99,16871
1350.17,98,16871
1350.69,98,16871
1351.20,99,16871
1351.71,99,16871
1352.23,97,16871
1352.73,99,16871
1353.25,99,16871
1353.76,98,16871
1354.28,99,16871
1354.78,100,16871
1355.30,99,16871
1355.81,99,16871
1356.31,100,16871
1356.82,99,16871
1357.33,99,16871
1357.84,99,16871
1358.36,98,16871
1358.87,99,16871
1359.37,98,16871
1359.88,97,16871
1360.38,99,16871
1360.89,97,16871
1361.39,98,16871
1361.90,99,16871
1362.40,99,16871
1362.92,98,16871
1363.42,99,16871
1363.93,99,16871
1364.44,98,16871
1364.95,100,16871
1365.46,99,16871
1365.97,100,16871
1366.47,99,16871
1366.97,99,16871
1367.49,99,16871
1368.00,99,16871
1368.51,99,16871
1369.02,98,16871
1369.53,99,16871
1370.03,99,16871
1370.54,99,16871
1371.05,99,16871
1371.55,99,16871
1372.06,98,16871
1372.56,99,16871
1373.07,99,16871
1373.57,98,16871
1374.08,99,16871
1374.60,99,16871
1375.11,99,16871
1375.62,97,16871
1376.14,99,16871
1376.65,100,16871
1377.15,99,16871
1377.66,100,16871
1378.17,99,16871
1378.68,99,16871
1379.20,100,16871
1379.70,99,16871
1380.22,99,16871
1380.73,99,16871
1381.23,99,16871
1381.74,99,16871
1382.26,99,16871
1382.77,99,16871
1383.28,98,16871
1383.79,99,16871
1384.31,99,16871
1384.82,97,16871
1385.33,99,16871
1385.84,98,16871
1386.34,98,16871
1386.85,98,16871
1387.36,99,16876
1387.87,99,16876
1388.39,99,16876
1388.90,100,16876
1389.41,99,16876
1389.93,98,16876
1390.44,99,16876
1390.95,99,16875
1391.46,98,16875
1391.97,99,16875
1392.48,98,16871
1392.98,99,16871
1393.50,99,16871
1394.01,99,16871
1394.52,99,16871
1395.04,98,16871
1395.55,98,16871
1396.06,99,16871
1396.56,99,16871
1397.07,98,16871
1397.59,99,16871
1398.10,99,16871
1398.61,100,16871
1399.12,100,16871
1399.63,99,16879
1400.13,100,16880
1400.65,100,16880
1401.16,98,16880
1401.66,98,16871
1402.17,99,16871
1402.68,99,16871
1403.20,99,16871
1403.71,99,16871
1404.22,99,16871
1404.74,99,16871
1405.24,99,16871
1405.76,99,16871
1406.27,98,16871
1406.78,99,16871
1407.29,98,16871
1407.81,97,16871
1408.31,99,16871
1408.82,98,16871
1409.33,97,16871
1409.84,98,16871
1410.35,100,16871
1410.86,99,16871
1411.37,100,16871
1411.87,99,16871
1412.38,99,16871
1412.88,99,16871
1413.39,99,16871
1413.91,99,16871
1414.41,98,16871
1414.93,98,16871
1415.44,97,16871
1415.95,99,16871
1416.47,98,16871
1416.98,98,16871
1417.48,98,16871
1417.99,99,16871
1418.50,98,16871
1419.01,98,16871
1419.52,99,16871
1420.03,99,16871
1420.54,99,16871
1421.05,100,16871
1421.56,100,16871
1422.07,99,16871
1422.58,100,16871
1423.09,99,16871
1423.60,99,16871
1424.11,99,16871
1424.63,99,16871
1425.14,98,16871
1425.65,99,16871
1426.16,99,16871
1426.66,99,16871
1427.17,99,16871
1427.67,99,16871
1428.19,99,16871
1428.69,99,16871
1429.20,98,16871
1429.70,99,16871
1430.21,99,16871
1430.72,98,16871
1431.22,98,16871
1431.72,99,16871
1432.23,98,16871
1432.73,100,16871
1433.24,99,16871
1433.76,100,16871
1434.27,98,16871
1434.78,100,16871
1435.29,99,16871
1435.81,99,16871
1436.32,99,16871
1436.84,99,16871
1437.35,97,16871
1437.86,99,16871
1438.37,98,16871
1438.89,98,16871
1439.40,99,16871
1439.91,98,16871
1440.42,98,16871
1440.93,99,16871
1441.44,99,16871
1441.95,98,16871
1442.46,99,16871
1442.97,98,16871
1443.49,98,16871
1443.99,99,16871
1444.50,100,16871
1445.01,99,16871
1445.52,100,16871
1446.02,100,16871
1446.54,99,16871
1447.04,98,16871
1447.54,98,16876
1448.04,99,16876
1448.55,99,16876
1449.06,98,16876
1449.57,99,16876
1450.07,99,16876
1450.58,98,16876
1451.09,99,16876
1451.60,99,16876
1452.11,98,16875
1452.63,99,16875
1453.14,99,16871
1453.65,98,16871
1454.15,99,16871
1454.66,99,16871
1455.16,100,16871
1455.67,100,16871
1456.17,99,16871
1456.68,100,16871
1457.19,100,16871
1457.70,98,16871
1458.21,98,16871
1458.72,99,16871
1459.24,99,16871
1459.74,99,16879
1460.25,99,16881
1460.76,98,16883
1461.27,99,16885
1461.78,99,16885
1462.29,99,16885
1462.80,99,16872
1463.31,98,16872
1463.82,98,16872
1464.33,99,16872
1464.84,98,16872
1465.35,97,16872
1465.87,99,16872
1466.37,99,16872
1466.87,98,16872
1467.38,100,16872
1467.89,100,16872
1468.39,99,16872
1468.90,99,16872
1469.41,99,16872
1469.93,99,16872
1470.43,99,16872
1470.94,99,16872
1471.44,98,16872
1471.95,97,16872
1472.46,97,16872
1472.97,99,16872
1473.48,97,16872
1474.00,98,16872
1474.51,98,16872
1475.02,98,16872
1475.53,99,16872
1476.03,99,16872
1476.54,99,16872
1477.06,99,16872
1477.57,99,16872
1478.07,100,16872
1478.58,99,16872
1479.08,100,16872
1479.59,98,16872
1480.09,99,16872
1480.60,99,16872
1481.10,99,16872
1481.62,99,16872
1482.12,98,16872
1482.63,99,16872
1483.14,99,16872
1483.65,98,16872
1484.17,99,16872
1484.68,99,16872
1485.18,99,16872
1485.69,99,16872
1486.19,99,16872
1486.70,99,16872
1487.20,98,16872
1487.71,97,16872
1488.22,99,16872
1488.73,98,16872
1489.25,99,16872
1489.76,97,16872
1490.28,100,16872
1490.79,100,16872
1491.29,98,16872
1491.80,99,16872
1492.30,99,16872
1492.81,99,16872
1493.31,99,16872
1493.83,99,16872
1494.34,99,16872
1494.85,98,16872
1495.35,99,16872
1495.85,98,16872
1496.36,98,16872
1496.87,99,16872
1497.38,97,16872
1497.88,98,16872
1498.40,98,16872
1498.91,99,16872
1499.41,98,16872
1499.92,100,16872
1500.42,100,16872
1500.93,99,16872
1501.43,100,16872
1501.94,100,16872
1502.46,98,16872
1502.97,98,16872
1503.48,98,16872
1503.99,99,16872
1504.50,99,16872
1505.01,99,16872
1505.51,98,16872
1506.02,98,16872
1506.53,99,16872
1507.04,99,16872
1507.55,99,16876
1508.06,99,16876
1508.56,98,16876
1509.07,99,16876
1509.59,99,16876
1510.10,99,16876
1510.62,98,16876
1511.12,99,16876
1511.63,98,16876
1512.15,98,16876
1512.65,99,16876
1513.16,100,16872
1513.68,99,16872
1514.19,98,16872
1514.70,99,16872
1515.21,99,16872
1515.72,99,16872
1516.23,99,16872
1516.74,98,16872
1517.26,99,16872
1517.77,99,16872
1518.28,98,16872
1518.78,99,16872
1519.29,99,16872
1519.80,97,16872
1520.31,99,16872
1520.81,98,16872
1521.32,97,16872
1521.84,98,16872
1522.35,99,16872
1522.85,100,16872
1523.36,100,16872
1523.88,100,16872
1524.38,100,16872
1524.89,99,16872
1525.40,98,16872
1525.91,98,16872
1526.43,99,16872
1526.93,99,16872
1527.44,99,16872
1527.94,98,16872
1528.45,99,16872
1528.95,98,16872
1529.46,98,16872
1529.96,99,16872
1530.47,99,16872
1530.98,98,16872
1531.50,98,16872
1532.01,99,16872
1532.52,98,16872
1533.03,99,16872
1533.53,98,16872
1534.04,98,16872
1534.55,100,16872
1535.06,99,16872
1535.57,100,16872
1536.09,99,16872
1536.60,98,16872
1537.10,98,16872
1537.60,99,16872
1538.11,99,16872
1538.63,99,16872
1539.14,97,16872
1539.64,99,16872
1540.15,99,16872
1540.66,99,16872
1541.17,99,16872
1541.68,99,16872
1542.19,99,16872
1542.70,98,16872
1543.21,99,16872
1543.72,97,16872
1544.24,97,16872
1544.75,96,16872
1545.26,100,16872
1545.78,100,16872
1546.28,98,16872
1546.80,99,16872
1547.31,100,16872
1547.82,99,16872
1548.33,99,16872
1548.85,99,16872
1549.36,99,16872
1549.87,99,16872
1550.38,99,16872
1550.90,98,16872
1551.40,97,16872
1551.90,99,16872
1552.42,98,16872
1552.92,98,16872
1553.43,99,16872
1553.94,97,16872
1554.45,98,16872
1554.96,99,16872
1555.47,99,16872
1555.97,98,16872
1556.49,98,16872
1557.00,100,16872
1557.51,99,16872
1558.02,100,16872
1558.53,100,16872
1559.05,99,16872
1559.56,99,16872
1560.06,99,16872
1560.57,99,16872
1561.07,99,16872
1561.58,98,16872
1562.10,99,16872
1562.60,99,16872
1563.11,98,16872
1563.61,99,16872
1564.13,99,16872
1564.64,98,16872
1565.14,99,16872
1565.65,98,16872
1566.15,98,16872
1566.66,98,16872
1567.18,99,16872
1567.69,100,16876
1568.19,100,16876
1568.71,99,16876
1569.22,100,16876
1569.73,100,16876
1570.23,99,16876
1570.75,98,16876
1571.25,99,16876
1571.76,99,16876
1572.27,99,16876
1572.79,98,16876
1573.29,99,16872
1573.80,99,16872
1574.30,99,16872
1574.81,98,16872
1575.33,98,16872
1575.84,99,16872
1576.34,98,16872
1576.85,98,16872
1577.35,99,16872
1577.86,99,16872
1578.38,98,16872
1578.89,99,16872
1579.40,100,16872
1579.91,99,16872
1580.43,100,16872
1580.94,100,16872
1581.44,99,16872
1581.96,99,16872
1582.46,99,16872
1582.97,99,16872
1583.47,99,16872
1583.98,99,16872
1584.50,99,16872
1585.01,99,16872
1585.51,99,16872
1586.02,98,16872
1586.52,99,16872
1587.03,98,16872
1587.55,98,16872
1588.06,99,16872
1588.56,98,16872
1589.07,98,16872
1589.58,98,16872
1590.09,100,16872
1590.61,100,16872
1591.12,99,16872
1591.62,99,16872
1592.13,100,16872
1592.63,99,16872
1593.14,99,16872
1593.65,99,16872
1594.16,99,16872
1594.66,99,16872
1595.17,99,16872
1595.68,99,16872
1596.19,99,16872
1596.69,98,16872
1597.20,99,16872
1597.70,99,16872
1598.22,99,16872
1598.73,99,16872
1599.24,99,16872
1599.74,98,16872
1600.26,99,16872
1600.77,99,16872
1601.28,99,16872
1601.80,99,16872
1602.31,100,16872
1602.81,99,16872
1603.33,100,16872
1603.84,100,16872
1604.35,99,16872
1604.86,99,16872
1605.36,99,16872
1605.87,99,16872
1606.37,99,16872
1606.89,99,16872
1607.39,97,16872
1607.90,99,16872
1608.42,97,16872
1608.93,99,16872
1609.45,99,16872
1609.96,98,16872
1610.46,98,16872
1610.97,99,16872
1611.47,99,16872
1611.98,98,16872
1612.50,100,16872
1613.01,99,16872
1613.52,99,16872
1614.04,99,16872
1614.54,100,16872
1615.05,99,16872
1615.56,99,16872
1616.08,99,16872
1616.59,99,16872
1617.10,98,16872
1617.61,99,16872
1618.12,99,16872
1618.62,99,16872
1619.13,99,16872
1619.63,98,16872
1620.15,99,16872
1620.65,98,16872
1621.16,99,16872
1621.66,99,16872
1622.18,99,16872
1622.68,98,16872
1623.19,99,16872
1623.70,99,16872
1624.22,100,16872
1624.73,99,16872
1625.24,99,16872
1625.75,99,16872
1626.26,100,16872
1626.76,99,16872
1627.28,99,16872
1627.78,99,16876
1628.30,98,16876
1628.81,99,16876
1629.32,99,16876
1629.82,98,16876
1630.33,99,16876
1630.84,99,16876
1631.35,99,16876
1631.85,98,16876
1632.36,99,16876
1632.87,99,16876
1633.38,98,16872
1633.89,99,16872
1634.40,98,16872
1634.91,100,16872
1635.43,99,16872
1635.94,100,16872
1636.45,99,16872
1636.96,99,16872
1637.47,99,16872
1637.97,99,16872
1638.48,98,16872
1639.00,98,16872
1639.51,99,16879
1640.02,99,16881
1640.53,99,16883
1641.05,99,16885
1641.56,99,16885
1642.06,98,16885
1642.57,99,16871
1643.07,99,16871
1643.58,98,16871
1644.10,99,16871
1644.61,98,16871
1645.11,98,16871
1645.63,98,16871
1646.14,99,16871
1646.65,100,16871
1647.16,99,16871
1647.67,99,16871
1648.17,98,16871
1648.68,100,16871
1649.19,99,16871
1649.71,99,16871
1650.22,99,16871
1650.73,99,16871
1651.25,98,16871
1651.76,99,16871
1652.26,98,16871
1652.77,99,16871
1653.28,99,16871
1653.79,99,16871
1654.29,98,16871
1654.80,99,16871
1655.30,98,16871
1655.81,98,16871
1656.31,99,16871
1656.82,99,16871
1657.34,99,16871
1657.85,100,16871
1658.35,99,16871
1658.86,100,16871
1659.36,99,16871
1659.88,99,16871
1660.39,99,16871
1660.90,99,16871
1661.40,99,16871
1661.91,99,16871
1662.42,99,16871
1662.93,99,16871
1663.43,99,16871
1663.94,99,16871
1664.44,98,16871
1664.95,99,16871
1665.45,99,16871
1665.96,98,16871
1666.46,99,16871
1666.97,99,16871
1667.47,99,16871
1667.99,98,16871
1668.50,100,16871
1669.01,100,16871
1669.51,99,16871
1670.03,100,16871
1670.53,99,16871
1671.04,99,16871
1671.55,100,16871
1672.06,99,16871
1672.57,99,16871
1673.07,99,16871
1673.59,99,16871
1674.09,99,16871
1674.60,99,16871
1675.10,99,16871
1675.61,99,16871
1676.13,99,16871
1676.64,98,16871
1677.15,99,16871
1677.66,99,16871
1678.16,99,16871
1678.68,98,16871
1679.19,99,16871
1679.70,99,16871
1680.22,100,16871
1680.72,98,16871
1681.24,100,16871
1681.75,99,16871
1682.25,100,16871
1682.76,99,16871
1683.27,99,16871
1683.78,99,16871
1684.29,99,16871
1684.81,99,16871
1685.32,99,16871
1685.83,99,16871
1686.34,99,16871
1686.85,99,16871
1687.36,99,16876
1687.87,99,16876
1688.37,99,16876
1688.89,98,16876
1689.40,99,16876
1689.91,99,16876
1690.43,98,16876
1690.94,98,16875
1691.44,98,16875
1691.95,97,16875
1692.45,95,16871
1692.97,96,16871
1693.47,96,16871
1693.98,97,16871
1694.49,100,16871
1695.00,99,16871
1695.51,100,16871
1696.02,99,16871
1696.54,97,16871
1697.05,97,16871
1697.55,97,16871
1698.06,97,16871
1698.56,98,16871
1699.07,98,16871
1699.59,98,16879
1700.10,90,16880
1700.60,47,16880
1701.11,60,18170
1701.63,100,18161
1702.14,100,18167
1702.65,99,18170
1703.15,100,18170
1703.67,100,18170
1704.18,99,18170
1704.68,99,18169
1705.19,99,18169
1705.70,99,18167
1706.21,99,18167
1706.72,99,18163
1707.23,98,18163
1707.74,99,18163
1708.25,99,18161
1708.76,99,18161
1709.27,98,18161
1709.77,98,18161
1710.28,99,18161
1710.79,99,18161
1711.30,98,18161
1711.81,99,18161
1712.32,97,18161
1712.83,98,18161
1713.34,100,18161
1713.84,100,18161
1714.35,98,18161
1714.85,100,18161
1715.36,100,18161
1715.87,99,18161
1716.38,99,18161
1716.88,99,18161
1717.39,99,18161
1717.90,99,18161
1718.41,99,18161
1718.91,99,18161
1719.42,99,18161
1719.93,99,18161
1720.44,99,18161
1720.95,97,18161
1721.46,98,18161
1721.98,99,18161
1722.49,99,18161
1723.00,98,18161
1723.51,99,18161
1724.03,99,18161
1724.54,99,18161
1725.06,98,18161
1725.57,99,18161
1726.07,99,18161
1726.58,100,18161
1727.09,99,18161
1727.60,99,18161
1728.10,99,18161
1728.61,99,18161
1729.11,99,18161
1729.62,99,18161
1730.13,99,18161
1730.64,99,18161
1731.15,99,18161
1731.66,98,18161
1732.17,99,18161
1732.68,99,18161
1733.19,99,18161
1733.70,98,18161
1734.22,98,18161
1734.72,99,18161
1735.23,99,18161
1735.73,99,18161
1736.25,99,18161
1736.75,100,18161
1737.26,100,18161
1737.76,99,18161
1738.27,100,18161
1738.79,99,18161
1739.30,100,18161
1739.80,99,18161
1740.32,99,18161
1740.82,99,18161
1741.33,99,18161
1741.83,98,18161
1742.34,99,18161
1742.85,99,18161
1743.36,99,18161
1743.87,98,18161
1744.38,99,18161
1744.90,99,18161
1745.41,98,18161
1745.91,98,18161
1746.42,99,18161
1746.92,99,18161
1747.43,98,18161
1747.94,99,18166
1748.45,100,18166
1748.96,99,18166
1749.47,100,18166
1749.97,99,18166
1750.48,100,18166
1750.99,100,18166
1751.51,99,18166
1752.01,99,18165
1752.52,99,18165
1753.02,99,18165
1753.53,99,18161
1754.04,98,18161
1754.55,97,18161
1755.07,99,18161
1755.58,99,18161
1756.08,99,18161
1756.59,99,18161
1757.09,99,18161
1757.60,98,18161
1758.12,98,18161
1758.63,99,18161
1759.13,99,18161
1759.64,99,18161
1760.16,99,18161
1760.67,100,18161
1761.17,100,18161
1761.68,100,18161
1762.20,100,18161
1762.71,100,18161
1763.21,99,18161
1763.73,99,18161
1764.24,99,18161
1764.76,99,18161
1765.27,99,18161
1765.78,99,18161
1766.30,99,18161
1766.81,99,18161
1767.31,99,18161
1767.82,99,18161
1768.33,99,18161
1768.85,99,18161
1769.36,99,18161
1769.87,99,18161
1770.38,99,18161
1770.90,98,18161
1771.40,99,18161
1771.91,100,18161
1772.42,99,18161
1772.94,98,18161
1773.44,99,18161
1773.95,100,18161
1774.46,99,18161
1774.97,99,18161
1775.47,99,18161
1775.97,99,18161
1776.49,99,18161
1777.00,99,18161
1777.51,99,18161
1778.03,99,18161
1778.53,99,18161
1779.04,99,18161
1779.54,99,18161
1780.05,99,18161
1780.55,99,18161
1781.07,99,18161
1781.57,98,18161
1782.08,99,18161
1782.58,99,18161
1783.10,99,18161
1783.60,100,18161
1784.11,99,18161
1784.61,99,18161
1785.12,99,18161
1785.62,100,18161
1786.14,99,18161
1786.65,99,18161
1787.17,99,18161
1787.68,99,18161
1788.19,99,18161
1788.70,99,18161
1789.22,98,18161
1789.72,99,18161
1790.23,99,18161
1790.74,98,18161
1791.25,99,18161
1791.75,99,18161
1792.26,99,18161
1792.77,99,18161
1793.28,99,18161
1793.79,98,18161
1794.30,99,18161
1794.80,99,18161
1795.31,100,18161
1795.81,99,18161
1796.32,100,18161
1796.82,99,18161
1797.33,100,18161
1797.84,99,18161
1798.35,99,18161
1798.86,99,18161
1799.36,99,18161
1799.87,99,18161
1800.38,99,18161
1800.89,99,18161
1801.39,99,18161
1801.90,99,18161
1802.40,99,18161
1802.91,98,18161
1803.41,99,18161
1803.92,98,18161
1804.43,99,18161
1804.94,98,18161
1805.44,98,18161
1805.95,98,18161
1806.46,99,18161
1806.97,98,18161
1807.47,100,18166
1807.98,100,18166
1808.50,99,18166
1809.00,100,18166
1809.50,99,18166
1810.01,98,18166
1810.52,99,18166
1811.03,98,18166
1811.53,99,18165
1812.05,99,18165
1812.55,99,18165
1813.06,99,18161
1813.58,98,18161
1814.09,99,18161
1814.61,99,18161
1815.12,99,18161
1815.63,99,18161
1816.15,98,18161
1816.65,98,18161
1817.16,99,18161
1817.67,99,18161
1818.18,100,18161
1818.68,100,18161
1819.19,99,18161
1819.70,100,18161
1820.22,100,18161
1820.72,99,18161
1821.23,99,18161
1821.74,99,18161
1822.26,99,18161
1822.77,99,18161
1823.28,99,18161
1823.78,98,18161
1824.29,99,18161
1824.80,99,18161
1825.31,98,18161
1825.83,99,18161
1826.34,99,18161
1826.84,98,18161
1827.35,99,18161
1827.85,99,18161
1828.37,99,18161
1828.87,98,18161
1829.38,99,18161
1829.89,100,18161
1830.40,100,18161
1830.91,99,18161
1831.42,100,18161
1831.92,99,18161
1832.43,99,18161
1832.94,99,18161
1833.45,99,18161
1833.95,99,18161
1834.47,99,18161
1834.99,99,18161
1835.49,99,18161
1836.01,99,18161
1836.52,99,18161
1837.02,98,18161
1837.53,99,18161
1838.03,99,18161
1838.54,98,18161
1839.06,99,18161
1839.57,98,18161
1840.08,98,18161
1840.59,100,18161
1841.10,100,18169
1841.61,99,18169
1842.12,98,18168
1842.63,99,18168
1843.15,100,18168
1843.66,100,18168
1844.16,99,18168
1844.67,99,18168
1845.17,99,18164
1845.68,99,18168
1846.19,98,18168
1846.70,99,18168
1847.21,99,18168
1847.72,99,18168
1848.23,99,18168
1848.74,99,18164
1849.24,99,18164
1849.75,99,18164
1850.26,99,18164
1850.77,98,18164
1851.27,99,18161
1851.78,98,18161
1852.29,98,18161
1852.81,99,18161
1853.32,98,18161
1853.84,100,18161
1854.34,99,18161
1854.85,99,18161
1855.35,99,18161
1855.86,99,18161
1856.36,99,18161
1856.87,98,18161
1857.37,99,18161
1857.89,99,18161
1858.39,99,18161
1858.90,99,18161
1859.40,99,18161
1859.91,99,18161
1860.43,99,18161
1860.93,99,18161
1861.44,99,18161
1861.95,99,18161
1862.45,98,18161
1862.96,99,18161
1863.48,98,18161
1863.99,100,18161
1864.50,100,18161
1865.01,99,18161
1865.52,98,18161
1866.04,99,18161
1866.54,100,18165
1867.04,99,18166
1867.56,99,18166
1868.07,99,18166
1868.58,99,18166
1869.09,99,18166
1869.60,98,18166
1870.11,99,18166
1870.62,99,18166
1871.13,99,18166
1871.64,98,18166
1872.15,99,18166
1872.65,99,18166
1873.16,99,18161
1873.68,99,18161
1874.18,99,18161
1874.70,98,18161
1875.21,99,18161
1875.71,98,18161
1876.23,100,18161
1876.74,99,18161
1877.24,99,18161
1877.75,99,18161
1878.26,100,18161
1878.77,99,18161
1879.27,99,18161
1879.78,98,18169
1880.30,99,18169
1880.81,99,18169
1881.32,99,18169
1881.83,99,18161
1882.34,99,18161
1882.85,99,18161
1883.35,99,18161
1883.86,99,18161
1884.37,99,18161
1884.88,99,18161
1885.40,98,18161
1885.91,99,18161
1886.41,99,18161
1886.93,99,18161
1887.44,99,18161
1887.95,99,18161
1888.45,100,18161
1888.96,99,18161
1889.46,100,18161
1889.97,99,18161
1890.47,99,18161
1890.99,99,18161
1891.49,99,18161
1892.00,99,18161
1892.50,99,18161
1893.02,99,18161
1893.52,99,18161
1894.03,98,18161
1894.53,99,18161
1895.04,99,18161
1895.56,99,18161
1896.06,98,18161
1896.58,99,18161
1897.09,97,18161
1897.61,99,18161
1898.12,98,18161
1898.63,98,18161
1899.14,98,18161
1899.64,100,18161
1900.15,100,18161
1900.65,99,18161
1901.17,100,18161
1901.67,99,18161
1902.18,99,18161
1902.69,99,18161
1903.20,99,18161
1903.72,99,18161
1904.23,99,18161
1904.73,99,18161
1905.24,99,18161
1905.75,99,18161
1906.26,99,18161
1906.77,98,18161
1907.29,98,18161
1907.80,99,18161
1908.31,98,18161
1908.82,99,18161
1909.33,98,18161
1909.83,99,18161
1910.34,98,18161
1910.84,98,18161
1911.36,99,18161
1911.86,99,18161
1912.37,98,18161
1912.88,100,18161
1913.39,99,18161
1913.90,100,18161
1914.41,99,18161
1914.91,99,18161
1915.42,99,18161
1915.92,99,18161
1916.43,99,18161
1916.94,99,18161
1917.45,99,18161
1917.95,99,18161
1918.47,99,18161
1918.98,99,18161
1919.49,99,18161
1919.99,99,18161
1920.50,99,18161
1921.00,99,18161
1921.52,99,18161
1922.02,98,18161
1922.53,99,18161
1923.04,99,18161
1923.55,99,18161
1924.05,100,18161
1924.57,99,18161
1925.08,100,18161
1925.59,99,18161
1926.09,99,18161
1926.61,99,18161
1927.11,99,18161
1927.62,98,18166
1928.13,99,18166
1928.64,99,18166
1929.16,99,18166
1929.67,98,18166
1930.19,99,18166
1930.69,99,18166
1931.19,99,18166
1931.70,98,18166
1932.21,99,18166
1932.72,99,18166
1933.22,99,18162
1933.73,99,18162
1934.25,99,18162
1934.76,99,18162
1935.27,99,18162
1935.78,100,18162
1936.28,100,18162
1936.79,97,18162
1937.29,100,18162
1937.80,100,18162
1938.31,99,18162
1938.82,99,18162
1939.34,99,18162
1939.85,99,18169
1940.36,99,18169
1940.87,99,18169
1941.37,98,18169
1941.88,99,18161
1942.39,99,18161
1942.90,99,18161
1943.40,98,18161
1943.91,99,18161
1944.41,99,18161
1944.92,99,18161
1945.43,98,18161
1945.94,99,18161
1946.44,98,18161
1946.96,100,18161
1947.47,100,18161
1947.98,99,18161
1948.48,98,18161
1948.99,99,18161
1949.50,100,18161
1950.00,99,18161
1950.50,99,18161
1951.02,99,18161
1951.53,99,18161
1952.04,99,18161
1952.56,98,18161
1953.07,99,18161
1953.59,99,18161
1954.09,99,18161
1954.60,98,18161
1955.11,99,18161
1955.63,99,18161
1956.14,99,18161
1956.65,99,18161
1957.15,99,18161
1957.67,99,18161
1958.17,98,18161
1958.68,99,18161
1959.20,100,18161
1959.71,100,18161
1960.21,99,18161
1960.72,100,18161
1961.23,99,18161
1961.74,100,18161
1962.25,99,18161
1962.76,99,18161
1963.26,99,18161
1963.77,99,18161
1964.27,99,18161
1964.79,99,18161
1965.30,99,18161
1965.81,99,18161
1966.31,98,18161
1966.82,99,18161
1967.33,99,18161
1967.84,99,18161
1968.34,98,18161
1968.85,99,18161
1969.36,97,18161
1969.87,99,18161
1970.37,98,18161
1970.89,98,18161
1971.39,100,18161
1971.90,100,18161
1972.40,99,18161
1972.91,100,18161
1973.43,99,18161
1973.94,100,18161
1974.46,99,18161
1974.97,99,18161
1975.47,99,18161
1975.98,98,18161
1976.49,99,18161
1977.00,99,18161
1977.51,99,18161
1978.02,99,18161
1978.52,99,18161
1979.04,99,18161
1979.54,98,18161
1980.05,99,18161
1980.55,99,18161
1981.06,99,18161
1981.57,99,18161
1982.08,99,18161
1982.58,98,18161
1983.09,100,18161
1983.60,100,18161
1984.11,99,18161
1984.63,100,18161
1985.14,100,18161
1985.64,99,18161
1986.15,99,18161
1986.65,99,18161
1987.16,99,18161
1987.68,99,18161
1988.19,99,18161
1988.70,99,18161
1989.21,99,18161
1989.72,99,18161
1990.23,99,18161
1990.74,99,18161
1991.25,98,18161
1991.76,99,18161
1992.27,99,18161
1992.77,99,18161
1993.28,98,18161
1993.78,99,18161
1994.29,99,18161
1994.81,98,18161
1995.32,99,18161
1995.83,98,18161
1996.34,100,18161
1996.85,100,18161
1997.36,99,18161
1997.88,100,18161
1998.39,99,18161
1998.89,99,18161
1999.40,99,18161
1999.92,99,18161
2000.43,99,18161
2000.93,99,18161
2001.45,98,18161
2001.95,99,18161
2002.46,98,18161
2002.97,99,18161
2003.49,98,18161
2003.99,98,18161
2004.50,99,18161
2005.01,98,18161
2005.52,98,18161
2006.04,99,18161
2006.55,99,18161
2007.06,98,18161
2007.58,100,18161
2008.08,99,18161
2008.59,99,18161
2009.09,99,18161
2009.60,99,18161
2010.10,99,18161
2010.61,99,18161
2011.11,99,18161
2011.63,99,18161
2012.13,99,18161
2012.64,99,18161
2013.15,99,18161
2013.66,99,18161
2014.17,99,18161
2014.68,99,18161
2015.18,99,18161
2015.69,99,18161
2016.20,98,18161
2016.71,99,18161
2017.22,99,18161
2017.73,97,18161
2018.25,99,18161
2018.77,99,18161
2019.28,99,18161
2019.79,100,18161
2020.30,99,18161
2020.82,99,18161
2021.33,99,18161
2021.83,99,18161
2022.34,99,18161
2022.84,99,18161
2023.36,99,18161
2023.87,99,18161
2024.38,99,18161
2024.90,99,18161
2025.41,99,18161
2025.91,98,18161
2026.42,98,18161
2026.93,99,18161
2027.44,98,18161
2027.95,99,18161
2028.47,98,18161
2028.97,98,18161
2029.48,98,18161
2029.98,99,18161
2030.49,99,18161
2031.00,100,18161
2031.51,99,18161
2032.02,99,18161
2032.53,100,18161
2033.03,99,18161
2033.54,99,18161
2034.06,99,18161
2034.57,99,18161
2035.07,99,18161
2035.58,98,18161
2036.10,99,18161
2036.61,99,18161
2037.12,99,18161
2037.63,97,18161
2038.15,99,18161
2038.66,99,18161
2039.16,98,18161
2039.67,99,18161
2040.18,98,18161
2040.69,98,18161
2041.19,99,18161
2041.70,100,18161
2042.22,99,18161
2042.72,100,18161
2043.24,99,18161
2043.75,99,18161
2044.26,100,18161
2044.78,99,18161
2045.28,99,18161
2045.79,99,18161
2046.29,99,18161
2046.80,98,18161
2047.31,98,18161
2047.82,99,18161
2048.33,99,18161
2048.84,99,18161
2049.35,98,18161
2049.86,99,18161
2050.38,98,18161
2050.89,98,18161
2051.39,99,18161
2051.91,97,18161
2052.41,97,18161
2052.92,98,18161
2053.43,99,18161
2053.95,100,18161
2054.45,99,18161
2054.96,99,18161
2055.46,100,18161
2055.97,99,18161
2056.47,99,18161
2056.98,99,18161
2057.49,99,18161
2058.00,98,18161
2058.50,98,18161
2059.01,99,18161
2059.52,99,18161
2060.03,98,18161
2060.55,98,18161
2061.06,99,18161
2061.57,99,18161
2062.08,98,18161
2062.59,99,18161
2063.11,99,18161
2063.62,98,18161
2064.13,98,18161
2064.65,99,18161
2065.16,99,18161
2065.67,100,18161
2066.19,99,18161
2066.70,99,18161
2067.21,99,18161
2067.71,99,18161
2068.22,99,18161
2068.72,98,18161
2069.23,98,18161
2069.73,99,18161
2070.24,99,18161
2070.76,98,18161
2071.27,99,18161
2071.77,98,18161
2072.28,99,18161
2072.80,99,18161
2073.31,99,18161
2073.81,99,18161
2074.32,98,18161
2074.82,99,18161
2075.33,99,18161
2075.83,100,18161
2076.34,99,18161
2076.84,100,18161
2077.35,99,18161
2077.86,100,18161
2078.37,99,18161
2078.87,99,18161
2079.38,99,18161
2079.88,99,18161
2080.40,99,18161
2080.90,99,18161
2081.41,98,18161
2081.93,98,18161
2082.44,99,18161
2082.95,98,18161
2083.45,98,18161
2083.96,99,18161
2084.48,99,18161
2084.99,99,18161
2085.49,99,18161
2086.00,99,18161
2086.52,98,18161
2087.03,100,18161
2087.53,100,18161
2088.04,98,18161
2088.55,100,18161
2089.05,100,18161
2089.57,98,18161
2090.08,99,18161
2090.58,99,18161
2091.09,99,18161
2091.60,98,18161
2092.11,100,18161
2092.62,99,18161
2093.14,99,18161
2093.64,99,18161
2094.15,99,18161
2094.66,98,18161
2095.17,99,18161
2095.67,98,18161
2096.19,99,18161
2096.70,98,18161
2097.21,98,18161
2097.72,98,18161
2098.23,97,18161
2098.74,100,18161
2099.25,100,18161
2099.75,99,18161
2100.27,100,18161
2100.78,99,18161
2101.29,100,18161
2101.79,99,18161
2102.31,99,18161
2102.81,99,18161
2103.32,99,18161
2103.84,98,18161
2104.35,99,18161
2104.87,99,18161
2105.38,99,18161
2105.88,98,18161
2106.39,99,18161
2106.89,98,18161
2107.41,99,18161
2107.92,99,18161
2108.43,99,18161
2108.93,99,18161
2109.44,99,18161
2109.94,98,18161
2110.45,100,18161
2110.95,100,18161
2111.46,99,18161
2111.97,100,18161
2112.48,100,18161
2112.99,99,18161
2113.50,99,18161
2114.02,99,18161
2114.53,98,18161
2115.03,99,18161
2115.54,99,18161
2116.04,99,18161
2116.55,99,18161
2117.05,99,18161
2117.57,98,18161
2118.07,99,18161
2118.58,98,18161
2119.08,99,18161
2119.59,98,18161
2120.10,98,18161
2120.61,99,18161
2121.13,98,18161
2121.64,97,18161
2122.15,99,18161
2122.67,99,18161
2123.17,99,18161
2123.68,100,18161
2124.19,99,18161
2124.70,99,18161
2125.22,100,18161
2125.73,99,18161
2126.23,98,18161
2126.74,99,18161
2127.25,99,18161
2127.76,99,18161
2128.27,98,18161
2128.78,99,18161
2129.28,99,18161
2129.79,98,18161
2130.29,98,18161
2130.80,99,18161
2131.30,98,18161
2131.81,99,18161
2132.32,98,18161
2132.84,98,18161
2133.34,99,18161
2133.84,99,18161
2134.35,98,18161
2134.86,100,18161
2135.37,99,18161
2135.88,99,18161
2136.40,99,18161
2136.91,99,18161
2137.42,99,18161
2137.93,99,18161
2138.43,98,18161
2138.95,99,18161
2139.46,99,18161
2139.97,99,18161
2140.48,99,18161
2140.99,98,18161
2141.50,99,18161
2142.01,98,18161
2142.51,98,18161
2143.02,99,18161
2143.52,98,18161
2144.04,98,18161
2144.55,98,18161
2145.06,99,18161
2145.56,98,18161
2146.07,100,18161
2146.58,99,18161
2147.10,99,18161
2147.61,100,18161
2148.11,99,18161
2148.62,99,18161
2149.13,99,18161
2149.65,98,18161
2150.15,99,18161
2150.66,99,18161
2151.16,99,18161
2151.67,98,18161
2152.18,99,18161
2152.69,99,18161
2153.19,99,18161
2153.70,99,18161
2154.20,98,18161
2154.71,99,18161
2155.21,99,18161
2155.72,98,18161
2156.23,98,18161
2156.74,99,18161
2157.26,98,18161
2157.77,100,18161
2158.29,99,18161
2158.80,99,18161
2159.31,99,18161
2159.82,99,18161
2160.32,99,18161
2160.83,99,18161
2161.33,98,18161
2161.84,99,18161
2162.36,99,18161
2162.87,99,18161
2163.37,99,18161
2163.88,99,18161
2164.38,99,18161
2164.89,99,18161
2165.39,98,18161
2165.90,98,18161
2166.40,99,18161
2166.91,98,18161
2167.42,98,18161
2167.93,99,18161
2168.44,99,18161
2168.95,99,18161
2169.45,100,18161
2169.96,99,18161
2170.47,99,18161
2170.98,99,18161
2171.49,99,18161
2172.00,99,18161
2172.51,98,18161
2173.02,99,18161
2173.54,99,18161
2174.04,99,18161
2174.54,98,18161
2175.05,99,18161
2175.56,99,18161
2176.07,99,18161
2176.59,98,18161
2177.10,99,18161
2177.61,98,18161
2178.12,99,18161
2178.64,97,18161
2179.15,98,18161
2179.66,99,18169
2180.17,99,18171
2180.69,100,18173
2181.20,99,18175
2181.70,99,18176
2182.22,99,18176
2182.72,99,18162
2183.23,99,18162
2183.74,99,18162
2184.25,98,18162
2184.76,99,18162
2185.27,99,18162
2185.78,99,18162
2186.29,99,18162
2186.80,99,18162
2187.31,98,18162
2187.81,99,18162
2188.32,99,18162
2188.83,98,18162
2189.34,99,18162
2189.85,99,18162
2190.36,98,18162
2190.86,99,18162
2191.37,99,18162
2191.88,98,18162
2192.39,100,18162
2192.89,99,18162
2193.40,99,18162
2193.90,99,18162
2194.42,99,18162
2194.92,99,18162
2195.43,99,18162
2195.93,98,18162
2196.44,99,18162
2196.95,99,18162
2197.46,98,18162
2197.97,99,18162
2198.49,99,18162
2199.00,99,18162
2199.51,99,18162
2200.02,98,18162
2200.53,99,18162
2201.03,99,18162
2201.54,99,18162
2202.04,98,18162
2202.55,99,18162
2203.06,98,18162
2203.57,100,18162
2204.07,100,18162
2204.58,99,18162
2205.08,99,18162
2205.59,99,18162
2206.09,99,18162
2206.61,99,18162
2207.12,99,18162
2207.63,99,18162
2208.15,99,18162
2208.66,99,18162
2209.16,98,18162
2209.67,99,18162
2210.17,98,18162
2210.68,98,18162
2211.20,98,18162
2211.71,98,18162
2212.21,99,18162
2212.72,99,18162
2213.24,98,18162
2213.75,99,18162
2214.25,99,18162
2214.76,98,18162
2215.26,100,18162
2215.77,99,18162
2216.27,99,18162
2216.79,99,18162
2217.29,99,18162
2217.80,99,18162
2218.30,99,18162
2218.81,99,18162
2219.32,98,18162
2219.83,98,18162
2220.33,99,18162
2220.84,99,18162
2221.35,99,18162
2221.86,99,18162
2222.37,98,18162
2222.89,98,18162
2223.39,99,18162
2223.89,98,18162
2224.40,98,18162
2224.90,99,18162
2225.41,99,18162
2225.93,100,18162
2226.44,99,18162
2226.94,100,18162
2227.45,99,18162
2227.97,99,18162
2228.48,99,18162
2228.98,99,18162
2229.49,99,18162
2229.99,98,18162
2230.50,99,18162
2231.01,99,18162
2231.52,99,18162
2232.03,99,18162
2232.54,98,18162
2233.05,99,18162
2233.56,99,18162
2234.08,99,18162
2234.58,99,18162
2235.09,99,18162
2235.60,98,18162
2236.11,99,18162
2236.63,99,18162
2237.13,100,18162
2237.64,99,18162
2238.15,99,18162
2238.66,99,18162
2239.17,100,18162
2239.68,99,18169
2240.19,99,18169
2240.70,98,18170
2241.20,99,18170
2241.71,99,18162
2242.21,99,18162
2242.72,98,18162
2243.23,99,18162
2243.74,99,18162
2244.24,99,18162
2244.75,99,18162
2245.27,98,18162
2245.77,99,18162
2246.28,98,18162
2246.78,98,18162
2247.28,99,18162
2247.80,99,18162
2248.30,98,18162
2248.81,100,18162
2249.31,99,18162
2249.82,99,18162
2250.34,99,18162
2250.85,100,18162
2251.35,99,18162
2251.86,99,18162
2252.37,99,18162
2252.88,99,18162
2253.40,99,18162
2253.90,99,18162
2254.42,99,18162
2254.93,99,18162
2255.43,99,18162
2255.93,99,18162
2256.44,98,18162
2256.95,98,18162
2257.45,99,18162
2257.96,98,18162
2258.46,98,18162
2258.97,99,18162
2259.48,97,18162
2259.99,100,18162
2260.49,100,18162
2261.01,98,18162
2261.52,100,18162
2262.03,100,18162
2262.53,98,18162
2263.04,99,18162
2263.54,99,18162
2264.06,98,18162
2264.57,99,18162
2265.08,99,18162
2265.59,98,18162
2266.10,99,18162
2266.60,99,18162
2267.11,99,18162
2267.62,98,18162
2268.13,99,18162
2268.64,98,18162
2269.15,98,18162
2269.65,99,18162
2270.16,98,18162
2270.68,98,18162
2271.19,99,18162
2271.71,100,18162
2272.21,100,18162
2272.73,99,18162
2273.24,100,18162
2273.74,99,18162
2274.26,99,18162
2274.76,99,18162
2275.27,99,18162
2275.78,99,18162
2276.29,99,18162
2276.79,98,18162
2277.31,99,18162
2277.81,99,18162
2278.32,98,18162
2278.82,99,18162
2279.33,98,18162
2279.85,99,18162
2280.36,99,18162
2280.86,99,18162
2281.37,99,18162
2281.87,97,18162
2282.38,98,18162
2282.90,99,18162
2283.41,100,18162
2283.91,100,18162
2284.42,99,18162
2284.93,100,18162
2285.44,99,18162
2285.96,99,18162
2286.47,99,18162
2286.98,99,18162
2287.49,99,18162
2288.00,99,18162
2288.51,99,18162
2289.02,99,18162
2289.53,99,18162
2290.04,99,18162
2290.56,99,18162
2291.06,99,18162
2291.57,97,18162
2292.07,99,18162
2292.58,99,18162
2293.08,97,18162
2293.60,99,18162
2294.11,99,18162
2294.63,100,18162
2295.14,100,18162
2295.65,99,18162
2296.16,100,18162
2296.68,99,18162
2297.19,100,18162
2297.70,99,18162
2298.21,99,18162
2298.73,99,18162
2299.23,98,18162
2299.73,98,18162
2300.25,98,18162
2300.75,99,18162
2301.26,99,18162
2301.77,98,18162
2302.28,99,18162
2302.78,98,18162
2303.29,98,18162
2303.79,99,18162
2304.30,98,18162
2304.81,99,18162
2305.33,99,18162
2305.83,98,18162
2306.34,99,18162
2306.84,100,18162
2307.35,100,18162
2307.86,99,18162
2308.37,100,18162
2308.87,100,18162
2309.38,99,18162
2309.89,98,18162
2310.40,99,18162
2310.90,99,18162
2311.41,99,18162
2311.92,99,18162
2312.44,98,18162
2312.94,98,18162
2313.45,99,18162
2313.96,99,18162
2314.47,99,18162
2314.99,98,18162
2315.50,99,18162
2316.01,99,18162
2316.52,98,18162
2317.04,99,18162
2317.55,99,18162
2318.06,99,18162
2318.57,100,18162
2319.09,99,18162
2319.60,100,18162
2320.10,100,18162
2320.61,99,18162
2321.11,99,18162
2321.62,99,18162
2322.13,99,18162
2322.64,99,18162
2323.15,99,18162
2323.66,99,18162
2324.17,99,18162
2324.68,99,18162
2325.18,98,18162
2325.69,99,18162
2326.19,99,18162
2326.71,99,18162
2327.21,99,18162
2327.72,98,18162
2328.22,99,18162
2328.73,99,18162
2329.25,99,18162
2329.76,99,18162
2330.26,100,18162
2330.77,99,18162
2331.28,100,18162
2331.80,99,18162
2332.30,99,18162
2332.81,99,18162
2333.31,99,18162
2333.82,98,18162
2334.34,99,18162
2334.85,99,18162
2335.36,99,18162
2335.87,98,18162
2336.37,99,18162
2336.88,99,18162
2337.38,99,18162
2337.89,98,18162
2338.41,99,18162
2338.92,98,18162
2339.43,99,18162
2339.94,99,18162
2340.45,99,18162
2340.96,98,18162
2341.47,99,18162
2341.98,100,18162
2342.48,98,18162
2342.99,99,18162
2343.49,99,18162
2344.00,99,18162
2344.50,99,18162
2345.01,99,18162
2345.52,99,18162
2346.03,99,18162
2346.53,99,18162
2347.04,99,18162
2347.54,99,18162
2348.06,99,18162
2348.56,97,18162
2349.06,99,18162
2349.57,98,18162
2350.08,99,18162
2350.60,98,18162
2351.11,98,18162
2351.61,99,18162
2352.12,98,18162
2352.64,98,18162
2353.15,95,18162
2353.65,94,18162
2354.16,96,18162
2354.66,93,18162
2355.17,95,18162
2355.67,89,18162
2356.18,100,18162
2356.68,100,18162
2357.19,100,18162
2357.70,99,18162
2358.21,99,18162
2358.71,98,18162
2359.22,98,18162
2359.72,98,18162
2360.23,96,18162
2360.74,96,18162
2361.25,96,18162
2361.76,85,18162
2362.27,84,18162
