# PREVIEW DIAGNOSTIC -- NOT A TEST (gray-stimulus control, brief docs/briefs/2026-09-16-step1-gray-stimulus.md v5.1; n=6 individuals)
# script_sha256=61eb8bf3068b0bc4a89568c144ab1a931c68a0c4a54659a24cd5b631fc067624
run,label,checkpoint_iter,condition,loss_16,loss_item_02_ambush_2_split_00,loss_item_02_ambush_2_split_01,loss_item_02_ambush_2_split_02,loss_item_07_bamboo_1_split_00,loss_item_07_bamboo_1_split_01,loss_item_07_bamboo_1_split_02,loss_item_09_bandage_1_split_00,loss_item_09_bandage_1_split_01,loss_item_09_bandage_1_split_02,loss_item_12_cave_4_split_00,loss_item_13_market_2_split_00,loss_item_13_market_2_split_01,loss_item_13_market_2_split_02,loss_item_16_mountain_1_split_00,loss_item_16_mountain_1_split_01,loss_item_16_mountain_1_split_02
000,seed0,0,real,1212.5555891990662,4222.93798828125,4526.18994140625,4928.9189453125,123.35961151123047,106.6323471069336,130.35470581054688,774.1333618164062,780.2822875976562,633.8546142578125,1196.8843994140625,769.3876953125,495.92431640625,227.32440185546875,186.8564910888672,89.11231231689453,208.7360076904297
000,seed0,0,gray,1212.5542159080505,4222.93603515625,4526.1875,4928.9169921875,123.35615539550781,106.6284408569336,130.3514404296875,774.1322631835938,780.2810668945312,633.853515625,1196.884765625,769.385986328125,495.9231872558594,227.32350158691406,186.8578643798828,89.11274719238281,208.73599243164062
000,seed0,0,zero,1212.556869983673,4222.94189453125,4526.19384765625,4928.92431640625,123.36679077148438,106.6401138305664,130.36163330078125,774.1282348632812,780.2753295898438,633.84814453125,1196.8841552734375,769.3907470703125,495.9258728027344,227.3264617919922,186.862548828125,89.11129760742188,208.72853088378906
000,seed0,0,shuffled,1212.5552260398865,4222.93603515625,4526.1884765625,4928.9189453125,123.35958099365234,106.63233947753906,130.35470581054688,774.1332397460938,780.2817993164062,633.8540649414062,1196.88427734375,769.3870849609375,495.9239196777344,227.32431030273438,186.85643310546874,89.11235046386719,208.73605346679688
000,seed0,250008,real,1148.8074553489685,4048.8451171875,4363.8146484375,4764.62119140625,93.36493835449218,79.3864501953125,104.89820098876953,687.71875,690.9064208984375,546.34404296875,1181.232568359375,679.7902099609375,445.06914672851565,208.05989685058594,183.49947814941407,101.54234924316407,201.82587585449218
000,seed0,250008,gray,1211.1668274879455,4211.70654296875,4521.283203125,4925.70703125,125.2206298828125,111.5600570678711,133.98943481445312,778.546435546875,791.6541748046875,644.4898193359375,1202.5337646484375,765.3146850585938,483.4837341308594,223.16263122558593,172.0643737792969,83.96784362792968,203.98487854003906
000,seed0,250008,zero,1206.2047743797302,4197.86376953125,4501.310546875,4904.06396484375,102.24412841796875,83.83699340820313,110.54874877929687,783.5547729492188,798.897412109375,652.725927734375,1202.7410888671875,754.1187133789062,483.92775268554686,224.40017700195312,168.93729248046876,101.73325042724609,228.3718505859375
000,seed0,250008,shuffled,1334.629831790924,4432.6072265625,4809.31748046875,5107.6146484375,126.8115234375,113.7111572265625,139.54529418945313,978.2378295898437,820.1992065429688,931.073583984375,1217.8774658203124,1175.5750732421875,718.5839599609375,235.50811462402345,223.3303680419922,110.86561126708985,213.21876525878906
900,seed0prime,0,real,1212.5555891990662,4222.93798828125,4526.18994140625,4928.9189453125,123.35961151123047,106.6323471069336,130.35470581054688,774.1333618164062,780.2822875976562,633.8546142578125,1196.8843994140625,769.3876953125,495.92431640625,227.32440185546875,186.8564910888672,89.11231231689453,208.7360076904297
900,seed0prime,0,gray,1212.5542159080505,4222.93603515625,4526.1875,4928.9169921875,123.35615539550781,106.6284408569336,130.3514404296875,774.1322631835938,780.2810668945312,633.853515625,1196.884765625,769.385986328125,495.9231872558594,227.32350158691406,186.8578643798828,89.11274719238281,208.73599243164062
900,seed0prime,0,zero,1212.556869983673,4222.94189453125,4526.19384765625,4928.92431640625,123.36679077148438,106.6401138305664,130.36163330078125,774.1282348632812,780.2753295898438,633.84814453125,1196.8841552734375,769.3907470703125,495.9258728027344,227.3264617919922,186.862548828125,89.11129760742188,208.72853088378906
900,seed0prime,0,shuffled,1212.5552260398865,4222.93603515625,4526.1884765625,4928.9189453125,123.35958099365234,106.63233947753906,130.35470581054688,774.1332397460938,780.2817993164062,633.8540649414062,1196.88427734375,769.3870849609375,495.9239196777344,227.32431030273438,186.85643310546874,89.11235046386719,208.73605346679688
900,seed0prime,250008,real,1160.9823503494263,4068.65859375,4381.736328125,4782.3841796875,92.47389373779296,82.71761474609374,111.84890441894531,708.2151489257812,721.4997314453125,586.890234375,1184.1032470703126,669.8835327148438,450.34832153320315,219.4831115722656,184.99972229003907,115.18918914794922,215.28585205078124
900,seed0prime,250008,gray,1212.0450267791748,4194.35107421875,4503.7666015625,4911.10205078125,118.8609603881836,114.52128295898437,142.3943664550781,769.4624633789062,786.4127197265625,640.9400024414062,1203.7755126953125,770.94091796875,484.066748046875,224.9404510498047,186.10540161132812,114.41155548095703,226.66831970214844
900,seed0prime,250008,zero,1213.7134284973145,4198.79296875,4503.19287109375,4906.58251953125,116.91708679199219,104.90556335449219,131.3794952392578,789.6484375,802.9860229492188,649.4880126953125,1196.48583984375,765.9275756835938,491.78455810546876,232.1436340332031,180.89915466308594,115.34369201660157,232.9374237060547
900,seed0prime,250008,shuffled,1305.537187385559,4395.86982421875,4753.30517578125,4995.94169921875,125.40235137939453,109.4548583984375,129.52315368652344,986.4906127929687,810.2859130859375,941.0277954101563,1216.530322265625,999.4560302734375,619.671728515625,241.2055694580078,217.18960266113282,118.25490875244141,228.9854522705078
001,seed1,0,real,1212.5529980659485,4222.93115234375,4526.18359375,4928.912109375,123.34961700439453,106.62158966064453,130.34530639648438,774.1376953125,780.2881469726562,633.8599243164062,1196.885009765625,769.3832397460938,495.92120361328125,227.32110595703125,186.8518829345703,89.11347198486328,208.742919921875
001,seed1,0,gray,1212.5516066551208,4222.92919921875,4526.1806640625,4928.91064453125,123.34610748291016,106.61763763427734,130.34201049804688,774.1365356445312,780.2869262695312,633.8588256835938,1196.8853759765625,769.3814697265625,495.9200439453125,227.3201904296875,186.85325622558594,89.11389923095703,208.742919921875
001,seed1,0,zero,1212.55433177948,4222.935546875,4526.1875,4928.91796875,123.35686492919922,106.62943267822266,130.35232543945312,774.1324462890625,780.2811279296875,633.8533325195312,1196.884765625,769.3862915039062,495.9227600097656,227.3231964111328,186.85794067382812,89.11244201660156,208.73536682128906
001,seed1,0,shuffled,1212.5525994300842,4222.9296875,4526.181640625,4928.91162109375,123.3495864868164,106.62158203125,130.34530639648438,774.1375122070312,780.2876586914062,633.859375,1196.8848876953125,769.3826293945312,495.9207763671875,227.32102966308594,186.85183715820312,89.11351013183594,208.74295043945312
001,seed1,250008,real,1144.6362351417542,3935.176953125,4312.6337890625,4714.099609375,105.06286010742187,103.01048736572265,123.58763580322265,692.6054931640625,706.93544921875,559.3322265625,1190.2056884765625,678.2033203125,446.2204528808594,230.71959838867187,184.67379760742188,121.17342681884766,210.53897399902343
001,seed1,250008,gray,1210.0907347679138,4193.67431640625,4503.7890625,4912.4638671875,120.33375091552735,114.23353881835938,142.8224639892578,773.7226806640625,790.4546020507812,644.0997436523437,1202.287353515625,764.795654296875,479.6995910644531,226.4829833984375,176.38531494140625,102.18047180175782,214.02636108398437
001,seed1,250008,zero,1237.4689399719239,4194.54541015625,4506.27197265625,4911.9357421875,167.76657104492188,165.55349426269532,181.23050842285156,806.71630859375,825.089794921875,669.7653930664062,1210.332861328125,760.4520385742187,491.8175476074219,263.21705932617186,215.55429382324218,167.8358184814453,261.41822509765626
001,seed1,250008,shuffled,1314.9330051422119,4336.97412109375,4661.25615234375,4915.6955078125,149.2867218017578,139.7900177001953,162.36920471191405,1022.9073974609375,917.0747680664062,963.3208251953125,1231.296484375,1018.8591796875,678.5813110351562,245.92274780273436,215.08696899414062,134.49811706542968,246.00855712890626
002,seed2,0,real,1212.5592331886292,4222.94677734375,4526.19921875,4928.9287109375,123.37406158447266,106.64786529541016,130.3679962158203,774.1273803710938,780.2742309570312,633.8473510742188,1196.883544921875,769.3941040039062,495.9289245605469,227.3292236328125,186.8623046875,89.11023712158203,208.72579956054688
002,seed2,0,gray,1212.5578484535217,4222.94482421875,4526.19677734375,4928.9267578125,123.37055969238281,106.64391326904297,130.3647003173828,774.1262817382812,780.2730102539062,633.8463134765625,1196.8839111328125,769.3922729492188,495.9277648925781,227.3283233642578,186.8636932373047,89.11067199707031,208.72579956054688
002,seed2,0,zero,1212.560553073883,4222.951171875,4526.203125,4928.93408203125,123.38127899169922,106.6556625366211,130.37496948242188,774.1221923828125,780.2672729492188,633.8408813476562,1196.8834228515625,769.3970947265625,495.93048095703125,227.33131408691406,186.86837768554688,89.1092300415039,208.71829223632812
002,seed2,0,shuffled,1212.558837890625,4222.94482421875,4526.19775390625,4928.92822265625,123.3740234375,106.64785766601562,130.3679962158203,774.127197265625,780.2737426757812,633.8468627929688,1196.8834228515625,769.3934326171875,495.92852783203125,227.3291473388672,186.86227416992188,89.11027526855469,208.72584533691406
002,seed2,250008,real,1147.7178997039796,4112.54794921875,4363.97333984375,4701.60546875,95.62107849121094,79.40375671386718,106.59455108642578,679.2449584960938,675.3075439453125,539.7303100585938,1183.8409423828125,663.8284545898438,459.82501831054685,222.8501434326172,166.61700439453125,107.94996185302735,204.54591369628906
002,seed2,250008,gray,1209.2973466873168,4207.3173828125,4512.25634765625,4915.4119140625,124.79539947509765,112.93090515136718,139.5094421386719,765.9266357421875,778.5428833007812,632.0949096679688,1202.576904296875,763.5579711914063,485.4728637695313,230.7530303955078,177.48396911621094,96.38180694580078,203.74518127441405
002,seed2,250008,zero,1211.869217967987,4218.28662109375,4521.9375,4926.50537109375,125.50875701904297,109.01421813964843,131.19644165039062,776.6810302734375,785.7041381835937,636.8011474609375,1195.5499267578125,768.185888671875,493.1569885253906,229.44458923339843,178.20164489746094,87.54604797363281,206.1871765136719
002,seed2,250008,shuffled,1293.1717029571532,4432.51259765625,4670.82578125,5036.6259765625,136.05173950195314,120.7477798461914,143.27661743164063,886.216845703125,786.6307861328125,901.62802734375,1210.9049072265625,954.1225463867188,617.9240600585938,254.91421508789062,192.17042236328126,120.68909759521485,225.50584716796874
003,seed3,0,real,1212.549735546112,4222.92333984375,4526.1748046875,4928.904296875,123.3371353149414,106.60800170898438,130.33352661132812,774.1428833007812,780.2952880859375,633.8663330078125,1196.8857421875,769.3776245117188,495.9171142578125,227.31695556640625,186.84596252441406,89.11515808105469,208.75160217285156
003,seed3,0,gray,1212.548363685608,4222.92138671875,4526.17236328125,4928.90234375,123.33370208740234,106.60411834716797,130.3302764892578,774.1417236328125,780.2940063476562,633.8652954101562,1196.8861083984375,769.3759155273438,495.9159851074219,227.31605529785156,186.8473663330078,89.11558532714844,208.7515869140625
003,seed3,0,zero,1212.5510201454163,4222.92724609375,4526.17919921875,4928.9091796875,123.3443603515625,106.61581420898438,130.3404998779297,774.1377563476562,780.288330078125,633.85986328125,1196.885498046875,769.3806762695312,495.91864013671875,227.31903076171875,186.85202026367188,89.11412811279297,208.74407958984375
003,seed3,0,shuffled,1212.549370765686,4222.921875,4526.173828125,4928.9033203125,123.33710479736328,106.60800170898438,130.33351135253906,774.1427001953125,780.2947387695312,633.8658447265625,1196.8856201171875,769.3770751953125,495.91668701171875,227.31687927246094,186.84591674804688,89.11519622802734,208.7516326904297
003,seed3,250008,real,1155.7706342697143,4088.1236328125,4362.8615234375,4725.644921875,103.79966278076172,90.80767211914062,112.64526062011718,719.4313354492188,708.155810546875,584.6777954101562,1180.5071044921874,678.1173706054688,460.4062194824219,215.17430419921874,171.20692138671876,89.11969146728515,201.6509216308594
003,seed3,250008,gray,1207.101840400696,4206.10107421875,4507.90625,4911.15771484375,108.11245574951172,93.08748779296874,120.95810394287109,776.1547241210938,789.2082763671875,643.1533325195312,1196.029052734375,760.5699829101562,490.4316711425781,223.4752990722656,174.4552490234375,95.23820190429687,217.59057006835937
003,seed3,250008,zero,1208.8911652565002,4212.49755859375,4511.03310546875,4912.42333984375,102.7094955444336,81.92599945068359,107.28731384277344,790.67783203125,801.0142700195313,654.1057739257812,1194.080810546875,757.5548095703125,493.7220153808594,223.0471984863281,173.30078125,97.34458465576172,229.53375549316405
003,seed3,250008,shuffled,1305.3612560272218,4328.32666015625,4729.20634765625,4965.928515625,118.80585632324218,108.25358734130859,127.05223846435547,950.8666870117188,846.5227661132812,892.205615234375,1209.5943603515625,1123.931396484375,702.3675903320312,247.0715087890625,211.48513488769532,97.06513061523438,227.0967010498047
004,seed4,0,real,1212.5379438400269,4222.89404296875,4526.14501953125,4928.873046875,123.2909164428711,106.55850982666016,130.29046630859375,774.162353515625,780.3216552734375,633.8900756835938,1196.8885498046875,769.3572387695312,495.90264892578125,227.3016815185547,186.8262939453125,89.12075805664062,208.78384399414062
004,seed4,0,gray,1212.5366048812866,4222.892578125,4526.142578125,4928.87109375,123.28749084472656,106.55464935302734,130.28724670410156,774.1612548828125,780.3204345703125,633.8890380859375,1196.888916015625,769.35546875,495.9014892578125,227.30078125,186.82765197753906,89.12117767333984,208.78382873535156
004,seed4,0,zero,1212.5392270088196,4222.8984375,4526.14892578125,4928.8779296875,123.29812622070312,106.56631469726562,130.2974395751953,774.1572265625,780.314697265625,633.8836059570312,1196.8883056640625,769.3602905273438,495.9042053222656,227.3037567138672,186.83230590820312,89.11971282958984,208.77635192871094
004,seed4,0,shuffled,1212.5375485420227,4222.892578125,4526.1435546875,4928.8720703125,123.2908935546875,106.55850982666016,130.29046630859375,774.1622314453125,780.3211669921875,633.8895263671875,1196.888427734375,769.3566284179688,495.9022216796875,227.30160522460938,186.82623291015625,89.12078857421875,208.78387451171875
004,seed4,250008,real,1156.8284245491027,4068.653173828125,4384.22470703125,4790.33505859375,103.01119842529297,85.71349792480468,108.37220153808593,705.5517944335937,716.9291259765625,580.7311401367188,1169.554833984375,667.263134765625,458.63865356445314,222.78270874023437,162.25430603027343,87.04959411621094,198.18966369628907
004,seed4,250008,gray,1210.6953686714173,4219.74560546875,4521.09228515625,4923.7080078125,116.38910522460938,98.51927337646484,119.71160278320312,781.381640625,793.842529296875,647.6043090820312,1194.5010986328125,762.2499633789063,495.3136474609375,226.40290222167968,173.6443603515625,83.40672302246094,213.61284484863282
004,seed4,250008,zero,1217.0418444633483,4230.046875,4534.31123046875,4936.22900390625,134.57452392578125,113.52032623291015,130.19013061523438,789.8389892578125,801.4976806640625,655.0593383789062,1193.7417724609375,760.6862426757813,493.4707458496094,231.80190734863282,171.2150665283203,85.61792907714843,210.8677490234375
004,seed4,250008,shuffled,1284.516617012024,4435.5751953125,4703.83935546875,5011.0048828125,130.38076477050782,114.42970581054688,131.94832763671874,935.8893310546875,833.3277709960937,892.0530029296875,1193.6029541015625,846.9321166992188,590.3681640625,229.31390380859375,180.79790954589845,95.82903747558593,226.97344970703125
