family,j,seed,gamma_z,gamma_z1,board,label,mechanism_description,outside_density,predictor,auc,D,logloss,logloss_margin_over_N1,precision_at_n_present,ceiling_full,ceiling_block,regrown_share_full,regrown_share_block,M_real,n_ge,n_shuffles,n_deg,n_valid_shuffles,p_S,p_P,p_P_rowcol,lambda_ko,lambda_full,lambda_block,auc_other_61,auc_fixed_lambda1,p_P_fixed_lambda1
R,0,92100,2.0,0.0,z,R,,0.29415737926376223,rule #2.1,1.0,3.303114061554676,0.28663476550056693,0.4795527335901502,1.0,1.0,1.0,1.0,1.0,0.50390625,0,99,0,99,0.01,0.0001,0.0001,1.0,1.0,1.0,1.0,1.0,0.0001
R,0,92100,2.0,0.0,z,R,,0.29415737926376223,BF_1,1.0,2.990663968426257,0.2725500963827395,0.4936374027079776,1.0,1.0,1.0,1.0,1.0,0.50390625,0,99,0,99,0.01,0.0001,0.0001,1.0,1.0,1.0,1.0,1.0,0.0001
R,0,92100,2.0,0.0,z,R,,0.29415737926376223,BF_2,0.994140625,2.2305980743354823,0.34880529801769816,0.417382201073019,0.96875,1.0,1.0,0.98828125,0.98828125,0.498046875,0,99,0,99,0.01,0.0001,0.0001,3.0,3.0,1.0,0.9935344827586207,0.9970703125,0.0001
R,0,92100,2.0,0.0,z,R,,0.29415737926376223,BF_3,0.994140625,2.2657309162877226,0.3452297084920585,0.4209577905986587,0.96875,1.0,1.0,0.98828125,0.98828125,0.498046875,0,99,0,99,0.01,0.0001,0.0001,3.0,3.0,1.0,0.9935344827586207,0.99609375,0.0001
R,0,92100,2.0,0.0,z,R,,0.29415737926376223,BF_4,0.99609375,2.2578162283646033,0.3456189275211302,0.42056857156958694,0.96875,1.0,1.0,0.9921875,0.9921875,0.5,0,99,0,99,0.01,0.0001,0.0001,3.0,3.0,1.0,0.9956896551724138,0.9990234375,0.0001
R,0,92100,2.0,0.0,z,R,,0.29415737926376223,N1,0.49609375,0.0,0.7661874990907172,0.0,0.53125,0.49609375,0.5,,,0.0,99,99,0,99,1.0,0.5231,0.5966,,,,0.5010775862068966,,
R,1,92101,2.0,0.0,z,R,,0.28436339074636946,rule #2.1,1.0,3.2265654037944387,0.2858768331598359,0.47261748086287547,1.0,1.0,1.0,1.0,1.0,0.47265625,0,99,0,99,0.01,0.0001,0.0001,1.0,1.0,1.0,1.0,1.0,0.0001
R,1,92101,2.0,0.0,z,R,,0.28436339074636946,BF_1,1.0,2.9493952342144603,0.27435654485285565,0.48413776916985574,1.0,1.0,1.0,1.0,1.0,0.47265625,0,99,0,99,0.01,0.0001,0.0001,1.0,1.0,1.0,1.0,1.0,0.0001
R,1,92101,2.0,0.0,z,R,,0.28436339074636946,BF_2,1.0,2.2023746300689875,0.3539979618403521,0.4044963521823593,1.0,1.0,1.0,1.0,1.0,0.47265625,0,99,0,99,0.01,0.0001,0.0001,3.0,3.0,1.0,1.0,1.0,0.0001
R,1,92101,2.0,0.0,z,R,,0.28436339074636946,BF_3,1.0,2.211724835686148,0.3517565268005124,0.406737787222199,1.0,1.0,1.0,1.0,1.0,0.47265625,0,99,0,99,0.01,0.0001,0.0001,3.0,3.0,1.0,1.0,0.998046875,0.0001
R,1,92101,2.0,0.0,z,R,,0.28436339074636946,BF_4,0.9990234375,2.1965314515810754,0.35686741074459893,0.40162690327811246,0.96875,1.0,1.0,0.998046875,0.998046875,0.4716796875,0,99,0,99,0.01,0.0001,0.0001,3.0,3.0,1.0,0.9989224137931034,0.984375,0.0001
R,1,92101,2.0,0.0,z,R,,0.28436339074636946,N1,0.52734375,0.0,0.7584943140227114,0.0,0.5,0.521484375,0.5,1.2727272727272727,,0.0,99,99,0,99,1.0,0.349,0.0538,,,,0.5,,
R,2,92102,2.0,0.0,z,R,,0.28335021952043227,rule #2.1,1.0,2.866092436453931,0.3774943408598167,0.437727801772129,1.0,1.0,1.0,1.0,1.0,0.5107421875,0,99,0,99,0.01,0.0001,0.0001,1.0,1.0,1.0,1.0,1.0,0.0001
R,2,92102,2.0,0.0,z,R,,0.28335021952043227,BF_1,1.0,2.514871146621537,0.36208056404827493,0.45314157858367077,1.0,1.0,1.0,1.0,1.0,0.5107421875,0,99,0,99,0.01,0.0001,0.0001,1.0,1.0,1.0,1.0,1.0,0.0001
R,2,92102,2.0,0.0,z,R,,0.28335021952043227,BF_2,1.0,1.947414134926312,0.4320551453458572,0.3831669972860885,1.0,1.0,1.0,1.0,1.0,0.5107421875,0,99,0,99,0.01,0.0001,0.0001,3.0,3.0,1.0,1.0,1.0,0.0001
R,2,92102,2.0,0.0,z,R,,0.28335021952043227,BF_3,1.0,1.9601069792606058,0.43689219465501283,0.37832994797693287,1.0,1.0,1.0,1.0,1.0,0.5107421875,0,99,0,99,0.01,0.0001,0.0001,3.0,3.0,1.0,1.0,0.994140625,0.0001
R,2,92102,2.0,0.0,z,R,,0.28335021952043227,BF_4,0.9931640625,1.9248434783950579,0.4471408503294001,0.3680812923025456,0.9375,1.0,1.0,0.986328125,0.986328125,0.50390625,0,99,0,99,0.01,0.0001,0.0001,3.0,3.0,1.0,0.9924568965517241,0.9443359375,0.0001
R,2,92102,2.0,0.0,z,R,,0.28335021952043227,N1,0.4892578125,0.0,0.8152221426319457,0.0,0.46875,0.4892578125,0.5,,,0.0,99,99,0,99,1.0,0.5676,0.7611,,,,0.47844827586206895,,
R,3,92103,2.0,0.0,z,R,,0.2830124957784532,rule #2.1,1.0,3.3874833347411624,0.27774666417215266,0.48819767784569734,1.0,1.0,1.0,1.0,1.0,0.498046875,0,99,0,99,0.01,0.0001,0.0001,1.0,1.0,1.0,1.0,1.0,0.0001
R,3,92103,2.0,0.0,z,R,,0.2830124957784532,BF_1,1.0,2.9840084471306816,0.25927850065569824,0.5066658413621518,1.0,1.0,1.0,1.0,1.0,0.498046875,0,99,0,99,0.01,0.0001,0.0001,1.0,1.0,1.0,1.0,1.0,0.0001
R,3,92103,2.0,0.0,z,R,,0.2830124957784532,BF_2,0.9990234375,2.2889527327202925,0.34038173145384476,0.42556261056400524,0.96875,1.0,1.0,0.998046875,0.998046875,0.4970703125,0,99,0,99,0.01,0.0001,0.0001,3.0,3.0,1.0,0.9989224137931034,0.9921875,0.0001
R,3,92103,2.0,0.0,z,R,,0.2830124957784532,BF_3,0.99609375,2.2530646424463985,0.34638728861067186,0.41955705340717814,0.96875,1.0,1.0,0.9921875,0.9921875,0.494140625,0,99,0,99,0.01,0.0001,0.0001,3.0,3.0,1.0,0.9956896551724138,0.9794921875,0.0001
R,3,92103,2.0,0.0,z,R,,0.2830124957784532,BF_4,0.9990234375,2.2983847607425454,0.3342547691990072,0.4316895728188428,0.96875,1.0,1.0,0.998046875,0.998046875,0.4970703125,0,99,0,99,0.01,0.0001,0.0001,3.0,3.0,1.0,0.9989224137931034,0.9931640625,0.0001
R,3,92103,2.0,0.0,z,R,,0.2830124957784532,N1,0.501953125,0.0,0.76594434201785,0.0,0.53125,0.4990234375,0.5,,,0.0,99,99,0,99,1.0,0.4922,0.4473,,,,0.49407327586206895,,
R,4,92104,2.0,0.0,z,R,,0.3012495778453225,rule #2.1,0.9990234375,3.3861168918030407,0.28179814977265966,0.4895256718339818,0.96875,1.0,1.0,0.998046875,0.998046875,0.4736328125,0,99,0,99,0.01,0.0001,0.0001,1.0,1.0,1.0,0.9989224137931034,0.9990234375,0.0001
R,4,92104,2.0,0.0,z,R,,0.3012495778453225,BF_1,0.9931640625,3.031760153133298,0.28348577111224693,0.48783805049439455,0.96875,1.0,1.0,0.986328125,0.986328125,0.4677734375,0,99,0,99,0.01,0.0001,0.0001,1.0,1.0,1.0,0.9924568965517241,0.9931640625,0.0001
R,4,92104,2.0,0.0,z,R,,0.3012495778453225,BF_2,0.982421875,2.2664407025713857,0.36204483890323746,0.409278982703404,0.9375,1.0,1.0,0.96484375,0.96484375,0.45703125,0,99,0,99,0.01,0.0001,0.0001,3.0,3.0,1.0,0.9806034482758621,0.986328125,0.0001
R,4,92104,2.0,0.0,z,R,,0.3012495778453225,BF_3,0.98046875,2.260673376584579,0.3624151462515344,0.40890867535510705,0.90625,1.0,1.0,0.9609375,0.9609375,0.455078125,0,99,0,99,0.01,0.0001,0.0001,3.0,3.0,1.0,0.978448275862069,0.9931640625,0.0001
R,4,92104,2.0,0.0,z,R,,0.3012495778453225,BF_4,0.9833984375,2.290979181155028,0.35917768899114383,0.41214613261549765,0.96875,1.0,1.0,0.966796875,0.966796875,0.4580078125,0,99,0,99,0.01,0.0001,0.0001,3.0,3.0,1.0,0.9816810344827587,1.0,0.0001
R,4,92104,2.0,0.0,z,R,,0.3012495778453225,N1,0.525390625,0.0,0.7713238216066415,0.0,0.5,0.5263671875,0.5,0.9629629629629629,,0.0,99,99,0,99,1.0,0.3711,0.0921,,,,0.5226293103448276,,
Nf,0,92110,0.0,0.0,z,G,no information (rule #2.1's ceiling_full = 0.9854 >= 0.90),0.18101992570077677,rule #2.1,0.53662109375,0.0,0.8936913110364606,0.0019541981364867844,0.5625,0.9853515625,1.0,0.07545271629778671,0.0732421875,-0.00244140625,64,99,0,99,0.65,0.3081,0.0302,100.0,3.0,1.0,0.5145474137931034,0.5693359375,0.173
Nf,0,92110,0.0,0.0,z,G,no information (rule #2.1's ceiling_full = 0.9854 >= 0.90),0.18101992570077677,BF_1,0.5390625,0.0,0.8956455091729474,0.0,0.5625,0.9892578125,1.0,0.07984031936127745,0.078125,0.0,98,99,0,99,0.99,0.2934,0.0217,100.0,3.0,1.0,0.5140086206896551,0.5810546875,0.136
Nf,0,92110,0.0,0.0,z,G,no information (rule #2.1's ceiling_full = 0.9854 >= 0.90),0.18101992570077677,BF_2,0.5390625,0.0,0.8956455091729474,0.0,0.5625,0.53515625,1.0,1.1111111111111112,0.078125,0.0,99,99,0,99,1.0,0.2934,0.0217,100.0,100.0,1.0,0.5140086206896551,0.5341796875,0.3253
Nf,0,92110,0.0,0.0,z,G,no information (rule #2.1's ceiling_full = 0.9854 >= 0.90),0.18101992570077677,BF_3,0.5390625,0.0,0.8956455091729474,0.0,0.5625,0.53515625,1.0,1.1111111111111112,0.078125,0.0,99,99,0,99,1.0,0.2934,0.0217,100.0,100.0,1.0,0.5140086206896551,0.5126953125,0.4347
Nf,0,92110,0.0,0.0,z,G,no information (rule #2.1's ceiling_full = 0.9854 >= 0.90),0.18101992570077677,BF_4,0.5390625,0.0,0.8956455091729474,0.0,0.5625,0.53515625,1.0,1.1111111111111112,0.078125,0.0,99,99,0,99,1.0,0.2934,0.0217,100.0,100.0,1.0,0.5140086206896551,0.5126953125,0.436
Nf,0,92110,0.0,0.0,z,G,no information (rule #2.1's ceiling_full = 0.9854 >= 0.90),0.18101992570077677,N1,0.5390625,0.0,0.8956455091729474,0.0,0.5625,0.53515625,0.5,1.1111111111111112,,0.0,99,99,0,99,1.0,0.2934,0.0217,,,,0.5140086206896551,,
Nf,1,92111,0.0,0.0,z,G,orthogonal (rule #2.1's ceiling_full = 0.4927 < 0.90),0.18372171563660925,rule #2.1,0.4951171875,0.0,0.8648809033742278,0.0031977101024792676,0.53125,0.49267578125,1.0,,-0.009765625,-0.0009765625,44,99,0,99,0.45,0.5323,0.6054,100.0,100.0,1.0,0.49676724137931033,0.5126953125,0.4303
Nf,1,92111,0.0,0.0,z,G,orthogonal (rule #2.1's ceiling_full = 0.4927 < 0.90),0.18372171563660925,BF_1,0.49609375,0.0,0.8680786134767071,0.0,0.5,0.4951171875,1.0,,-0.0078125,0.0,96,99,0,99,0.97,0.5262,0.5849,100.0,100.0,1.0,0.49353448275862066,0.501953125,0.4894
Nf,1,92111,0.0,0.0,z,G,orthogonal (rule #2.1's ceiling_full = 0.4927 < 0.90),0.18372171563660925,BF_2,0.49609375,0.0,0.8680786134767071,0.0,0.5,0.4951171875,1.0,,-0.0078125,0.0,97,99,0,99,0.98,0.5262,0.5849,100.0,100.0,1.0,0.49353448275862066,0.4521484375,0.7443
Nf,1,92111,0.0,0.0,z,G,orthogonal (rule #2.1's ceiling_full = 0.4927 < 0.90),0.18372171563660925,BF_3,0.49609375,0.0,0.8680786134767071,0.0,0.5,0.4951171875,1.0,,-0.0078125,0.0,97,99,0,99,0.98,0.5262,0.5849,100.0,100.0,1.0,0.49353448275862066,0.3544921875,0.9782
Nf,1,92111,0.0,0.0,z,G,orthogonal (rule #2.1's ceiling_full = 0.4927 < 0.90),0.18372171563660925,BF_4,0.49609375,0.0,0.8680786134767071,0.0,0.5,0.4951171875,1.0,,-0.0078125,0.0,98,99,0,99,0.99,0.5262,0.5849,100.0,100.0,1.0,0.49353448275862066,0.4013671875,0.9139
Nf,1,92111,0.0,0.0,z,G,orthogonal (rule #2.1's ceiling_full = 0.4927 < 0.90),0.18372171563660925,N1,0.49609375,0.0,0.8680786134767071,0.0,0.5,0.4951171875,0.5,,,0.0,99,99,0,99,1.0,0.5262,0.5849,,,,0.49353448275862066,,
Nf,2,92112,0.0,0.0,z,G,orthogonal (rule #2.1's ceiling_full = 0.4961 < 0.90),0.182370820668693,rule #2.1,0.4990234375,0.0,0.8748302050117703,0.003518823664717674,0.46875,0.49609375,1.0,,-0.001953125,0.0029296875,45,99,0,99,0.46,0.5081,0.533,100.0,100.0,1.0,0.509698275862069,0.4619140625,0.7087
Nf,2,92112,0.0,0.0,z,G,orthogonal (rule #2.1's ceiling_full = 0.4961 < 0.90),0.182370820668693,BF_1,0.49609375,0.0,0.878349028676488,0.0,0.46875,0.501953125,1.0,-2.0,-0.0078125,0.0,96,99,0,99,0.97,0.5245,0.5976,100.0,100.0,1.0,0.5086206896551724,0.4716796875,0.6588
Nf,2,92112,0.0,0.0,z,G,orthogonal (rule #2.1's ceiling_full = 0.4961 < 0.90),0.182370820668693,BF_2,0.49609375,0.0,0.878349028676488,0.0,0.46875,0.501953125,1.0,-2.0,-0.0078125,0.0,98,99,0,99,0.99,0.5245,0.5976,100.0,100.0,1.0,0.5086206896551724,0.48046875,0.6175
Nf,2,92112,0.0,0.0,z,G,orthogonal (rule #2.1's ceiling_full = 0.4961 < 0.90),0.182370820668693,BF_3,0.49609375,0.0,0.878349028676488,0.0,0.46875,0.501953125,1.0,-2.0,-0.0078125,0.0,99,99,0,99,1.0,0.5245,0.5976,100.0,100.0,1.0,0.5086206896551724,0.4140625,0.8837
Nf,2,92112,0.0,0.0,z,G,orthogonal (rule #2.1's ceiling_full = 0.4961 < 0.90),0.182370820668693,BF_4,0.49609375,0.0,0.878349028676488,0.0,0.46875,1.0,1.0,-0.0078125,-0.0078125,0.0,99,99,0,99,1.0,0.5245,0.5976,100.0,3.0,1.0,0.5086206896551724,0.4189453125,0.8713
Nf,2,92112,0.0,0.0,z,G,orthogonal (rule #2.1's ceiling_full = 0.4961 < 0.90),0.182370820668693,N1,0.49609375,0.0,0.878349028676488,0.0,0.46875,0.501953125,0.5,-2.0,,0.0,99,99,0,99,1.0,0.5245,0.5976,,,,0.5086206896551724,,
Nf,3,92113,0.0,0.0,z,G,no information (rule #2.1's ceiling_full = 0.9951 >= 0.90),0.18405943937858832,rule #2.1,0.4990234375,0.0,0.8753168756666999,-0.008054349741586364,0.53125,0.9951171875,1.0,-0.0019723865877712033,-0.001953125,0.0,62,99,0,99,0.63,0.5043,0.5377,100.0,3.0,1.0,0.49622844827586204,0.49951171875,0.5035
Nf,3,92113,0.0,0.0,z,G,no information (rule #2.1's ceiling_full = 0.9951 >= 0.90),0.18405943937858832,BF_1,0.4990234375,0.0,0.8672625259251135,0.0,0.53125,1.0,1.0,-0.001953125,-0.001953125,0.0,93,99,0,99,0.94,0.507,0.5438,100.0,3.0,1.0,0.49622844827586204,0.4990234375,0.5063
Nf,3,92113,0.0,0.0,z,G,no information (rule #2.1's ceiling_full = 0.9951 >= 0.90),0.18405943937858832,BF_2,0.4990234375,0.0,0.8672625259251135,0.0,0.53125,0.498046875,1.0,,-0.001953125,0.0,97,99,0,99,0.98,0.507,0.5438,100.0,100.0,1.0,0.49622844827586204,0.5380859375,0.3025
Nf,3,92113,0.0,0.0,z,G,no information (rule #2.1's ceiling_full = 0.9951 >= 0.90),0.18405943937858832,BF_3,0.4990234375,0.0,0.8672625259251135,0.0,0.53125,0.498046875,1.0,,-0.001953125,0.0,99,99,0,99,1.0,0.507,0.5438,100.0,100.0,1.0,0.49622844827586204,0.494140625,0.5331
Nf,3,92113,0.0,0.0,z,G,no information (rule #2.1's ceiling_full = 0.9951 >= 0.90),0.18405943937858832,BF_4,0.4990234375,0.0,0.8672625259251135,0.0,0.53125,0.498046875,1.0,,-0.001953125,0.0,98,99,0,99,0.99,0.507,0.5438,100.0,100.0,1.0,0.49622844827586204,0.4560546875,0.7256
Nf,3,92113,0.0,0.0,z,G,no information (rule #2.1's ceiling_full = 0.9951 >= 0.90),0.18405943937858832,N1,0.4990234375,0.0,0.8672625259251135,0.0,0.53125,0.498046875,0.5,,,0.0,99,99,0,99,1.0,0.507,0.5438,,,,0.49622844827586204,,
Nf,4,92114,0.0,0.0,z,G,no information (rule #2.1's ceiling_full = 0.9814 >= 0.90),0.1746031746031746,rule #2.1,0.51025390625,0.0,0.8979107758275588,0.007917665771512095,0.46875,0.9814453125,1.0,0.02129817444219067,0.0205078125,0.01611328125,13,99,0,99,0.14,0.4516,0.3127,100.0,3.0,1.0,0.5070043103448276,0.5810546875,0.1342
Nf,4,92114,0.0,0.0,z,G,no information (rule #2.1's ceiling_full = 0.9814 >= 0.90),0.1746031746031746,BF_1,0.494140625,0.0,0.9058284415990709,0.0,0.40625,0.984375,1.0,-0.012096774193548387,-0.01171875,0.0,96,99,0,99,0.97,0.534,0.6073,100.0,3.0,1.0,0.4956896551724138,0.58984375,0.1103
Nf,4,92114,0.0,0.0,z,G,no information (rule #2.1's ceiling_full = 0.9814 >= 0.90),0.1746031746031746,BF_2,0.494140625,0.0,0.9058284415990709,0.0,0.40625,0.974609375,1.0,-0.012345679012345678,-0.01171875,0.0,99,99,0,99,1.0,0.534,0.6073,100.0,3.0,1.0,0.4956896551724138,0.580078125,0.1372
Nf,4,92114,0.0,0.0,z,G,no information (rule #2.1's ceiling_full = 0.9814 >= 0.90),0.1746031746031746,BF_3,0.494140625,0.0,0.9058284415990709,0.0,0.40625,0.494140625,1.0,,-0.01171875,0.0,99,99,0,99,1.0,0.534,0.6073,100.0,100.0,1.0,0.4956896551724138,0.544921875,0.273
Nf,4,92114,0.0,0.0,z,G,no information (rule #2.1's ceiling_full = 0.9814 >= 0.90),0.1746031746031746,BF_4,0.494140625,0.0,0.9058284415990709,0.0,0.40625,0.494140625,1.0,,-0.01171875,0.0,99,99,0,99,1.0,0.534,0.6073,100.0,100.0,1.0,0.4956896551724138,0.5400390625,0.2928
Nf,4,92114,0.0,0.0,z,G,no information (rule #2.1's ceiling_full = 0.9814 >= 0.90),0.1746031746031746,N1,0.494140625,0.0,0.9058284415990709,0.0,0.40625,0.494140625,0.5,,,0.0,99,99,0,99,1.0,0.534,0.6073,,,,0.4956896551724138,,
No,0,92120,2.0,0.0,z',G,orthogonal (rule #2.1's ceiling_full = 0.5010 < 0.90),0.30631543397500843,rule #2.1,0.4892578125,-0.03285345739291978,1.3039338317868494,-0.4888211476304293,0.5,0.5009765625,1.0,-11.0,-0.021484375,-0.01953125,97,99,0,99,0.98,0.5612,0.5561,1.0,1.0,1.0,0.510752688172043,0.4892578125,0.5612
No,0,92120,2.0,0.0,z',G,orthogonal (rule #2.1's ceiling_full = 0.5010 < 0.90),0.30631543397500843,BF_1,0.4853515625,-0.039673270297739816,1.1377903362358959,-0.32267765207947574,0.5,0.50390625,1.0,-3.75,-0.029296875,-0.0234375,98,99,0,99,0.99,0.5841,0.5807,1.0,1.0,1.0,0.5075268817204301,0.4853515625,0.5841
No,0,92120,2.0,0.0,z',G,orthogonal (rule #2.1's ceiling_full = 0.5010 < 0.90),0.30631543397500843,BF_2,0.4833984375,-0.048312437323760116,0.9949000464342893,-0.17978736227786918,0.53125,0.802734375,1.0,-0.054838709677419356,-0.033203125,-0.025390625,99,99,0,99,1.0,0.6001,0.5995,3.0,3.0,1.0,0.5021505376344086,0.46875,0.6735
No,0,92120,2.0,0.0,z',G,orthogonal (rule #2.1's ceiling_full = 0.5010 < 0.90),0.30631543397500843,BF_3,0.4951171875,-0.04655272991240378,0.9941841942004688,-0.17907151004404864,0.53125,0.8876953125,1.0,-0.012594458438287154,-0.009765625,-0.013671875,99,99,0,99,1.0,0.5366,0.5323,3.0,3.0,1.0,0.5172043010752688,0.486328125,0.5814
No,0,92120,2.0,0.0,z',G,orthogonal (rule #2.1's ceiling_full = 0.5010 < 0.90),0.30631543397500843,BF_4,0.490234375,-0.04553388934158897,0.9922703728838496,-0.17715768872742943,0.53125,0.90234375,1.0,-0.024271844660194174,-0.01953125,-0.0185546875,99,99,0,99,1.0,0.5615,0.5563,3.0,3.0,1.0,0.5129032258064516,0.46875,0.676
No,0,92120,2.0,0.0,z',G,orthogonal (rule #2.1's ceiling_full = 0.5010 < 0.90),0.30631543397500843,N1,0.5087890625,0.0,0.8151126841564201,0.0,0.5625,0.505859375,0.5,1.5,,0.0,99,99,0,99,1.0,0.4544,0.2828,,,,0.5301075268817205,,
No,1,92121,2.0,0.0,z',G,orthogonal (rule #2.1's ceiling_full = 0.5127 < 0.90),0.2944951030057413,rule #2.1,0.51171875,0.04986574124253629,1.1599861935915141,-0.3292986416520144,0.46875,0.5126953125,1.0,0.9230769230769231,0.0234375,0.0166015625,4,99,0,99,0.05,0.443,0.4367,1.0,1.0,1.0,0.5193548387096775,0.51171875,0.443
No,1,92121,2.0,0.0,z',G,orthogonal (rule #2.1's ceiling_full = 0.5127 < 0.90),0.2944951030057413,BF_1,0.505859375,0.033340021870537306,1.0518475657628599,-0.22116001382336015,0.46875,0.517578125,1.0,0.3333333333333333,0.01171875,0.0107421875,2,99,0,99,0.03,0.4761,0.4722,1.0,1.0,1.0,0.5129032258064516,0.505859375,0.4761
No,1,92121,2.0,0.0,z',G,orthogonal (rule #2.1's ceiling_full = 0.5127 < 0.90),0.2944951030057413,BF_2,0.51171875,0.03470854687529035,0.9483189465916625,-0.11763139465216277,0.5,0.8701171875,1.0,0.0316622691292876,0.0234375,0.0166015625,0,99,0,99,0.01,0.4462,0.4289,3.0,3.0,1.0,0.5193548387096775,0.5185546875,0.4068
No,1,92121,2.0,0.0,z',G,orthogonal (rule #2.1's ceiling_full = 0.5127 < 0.90),0.2944951030057413,BF_3,0.5,0.0003299112462120668,0.9592869688841618,-0.12859941694466204,0.5,0.900390625,1.0,0.0,0.0,0.0048828125,0,99,0,99,0.01,0.5061,0.5055,3.0,3.0,1.0,0.5075268817204301,0.4970703125,0.5259
No,1,92121,2.0,0.0,z',G,orthogonal (rule #2.1's ceiling_full = 0.5127 < 0.90),0.2944951030057413,BF_4,0.49609375,-0.0032033526066821416,0.9576586183567459,-0.1269710664172462,0.5,0.9248046875,1.0,-0.009195402298850575,-0.0078125,0.0009765625,0,99,0,99,0.01,0.5264,0.5265,3.0,3.0,1.0,0.5053763440860215,0.501953125,0.4885
No,1,92121,2.0,0.0,z',G,orthogonal (rule #2.1's ceiling_full = 0.5127 < 0.90),0.2944951030057413,N1,0.4951171875,0.0,0.8306875519394997,0.0,0.46875,0.4921875,0.5,,,0.0,99,99,0,99,1.0,0.5329,0.6235,,,,0.49838709677419357,,
No,2,92122,2.0,0.0,z',G,orthogonal (rule #2.1's ceiling_full = 0.4995 < 0.90),0.2887537993920973,rule #2.1,0.50390625,-0.009141514852033295,1.1765908716220737,-0.4307649898781222,0.5,0.49951171875,1.0,,0.0078125,-0.025390625,96,99,0,99,0.97,0.4869,0.481,1.0,1.0,1.0,0.521505376344086,0.50390625,0.4869
No,2,92122,2.0,0.0,z',G,orthogonal (rule #2.1's ceiling_full = 0.4995 < 0.90),0.2887537993920973,BF_1,0.5009765625,-0.007677431478527841,1.041131219197017,-0.29530533745306553,0.5,0.505859375,1.0,0.16666666666666666,0.001953125,-0.0283203125,98,99,0,99,0.99,0.5046,0.4982,1.0,1.0,1.0,0.5193548387096775,0.5009765625,0.5046
No,2,92122,2.0,0.0,z',G,orthogonal (rule #2.1's ceiling_full = 0.4995 < 0.90),0.2887537993920973,BF_2,0.5078125,0.00013196195477738204,0.9284328842619507,-0.18260700251799922,0.5,0.9140625,1.0,0.018867924528301886,0.015625,-0.021484375,98,99,0,99,0.99,0.4688,0.4527,3.0,3.0,1.0,0.5258064516129032,0.494140625,0.5461
No,2,92122,2.0,0.0,z',G,orthogonal (rule #2.1's ceiling_full = 0.4995 < 0.90),0.2887537993920973,BF_3,0.5068359375,-0.00221113335297074,0.9285954577071196,-0.18276957596316812,0.5,0.923828125,1.0,0.016129032258064516,0.013671875,-0.0224609375,99,99,0,99,1.0,0.474,0.4634,3.0,3.0,1.0,0.524731182795699,0.4921875,0.5561
No,2,92122,2.0,0.0,z',G,orthogonal (rule #2.1's ceiling_full = 0.4995 < 0.90),0.2887537993920973,BF_4,0.5068359375,0.0008711086321304684,0.9309096154750445,-0.185083733731093,0.5,0.9287109375,1.0,0.015945330296127564,0.013671875,-0.0224609375,99,99,0,99,1.0,0.4733,0.4653,3.0,3.0,1.0,0.5268817204301075,0.498046875,0.5213
No,2,92122,2.0,0.0,z',G,orthogonal (rule #2.1's ceiling_full = 0.4995 < 0.90),0.2887537993920973,N1,0.529296875,0.0,0.7458258817439515,0.0,0.5625,0.529296875,0.5,1.0,,0.0,99,99,0,99,1.0,0.3447,0.0158,,,,0.5532258064516129,,
No,3,92123,2.0,0.0,z',G,orthogonal (rule #2.1's ceiling_full = 0.5166 < 0.90),0.30158730158730157,rule #2.1,0.51171875,-0.014646923141526713,1.0966022318431323,-0.29293990572223816,0.5,0.5166015625,1.0,0.7058823529411765,0.0234375,0.0283203125,1,99,0,99,0.02,0.442,0.4413,1.0,1.0,1.0,0.5188172043010753,0.51171875,0.442
No,3,92123,2.0,0.0,z',G,orthogonal (rule #2.1's ceiling_full = 0.5166 < 0.90),0.30158730158730157,BF_1,0.515625,-0.008224731541092822,0.9937049154586475,-0.1900425893377533,0.5,0.515625,1.0,1.0,0.03125,0.0322265625,1,99,0,99,0.02,0.4229,0.424,1.0,1.0,1.0,0.5204301075268817,0.515625,0.4229
No,3,92123,2.0,0.0,z',G,orthogonal (rule #2.1's ceiling_full = 0.5166 < 0.90),0.30158730158730157,BF_2,0.513671875,0.04164303982055173,0.8940510802771586,-0.09038875415626446,0.5,0.8681640625,1.0,0.03713527851458886,0.02734375,0.0302734375,0,99,0,99,0.01,0.4309,0.4292,3.0,3.0,1.0,0.5182795698924731,0.5439453125,0.28
No,3,92123,2.0,0.0,z',G,orthogonal (rule #2.1's ceiling_full = 0.5166 < 0.90),0.30158730158730157,BF_3,0.517578125,0.050300178484721014,0.8953658167977092,-0.09170349067681505,0.46875,0.921875,1.0,0.041666666666666664,0.03515625,0.0341796875,0,99,0,99,0.01,0.4091,0.4121,3.0,3.0,1.0,0.5236559139784946,0.5244140625,0.375
No,3,92123,2.0,0.0,z',G,orthogonal (rule #2.1's ceiling_full = 0.5166 < 0.90),0.30158730158730157,BF_4,0.5029296875,0.06853541483632641,0.8941317809677061,-0.0904694548468119,0.5,0.93359375,1.0,0.006756756756756757,0.005859375,0.01953125,0,99,0,99,0.01,0.4907,0.4858,3.0,3.0,1.0,0.5086021505376344,0.53515625,0.3249
No,3,92123,2.0,0.0,z',G,orthogonal (rule #2.1's ceiling_full = 0.5166 < 0.90),0.30158730158730157,N1,0.4833984375,0.0,0.8036623261208942,0.0,0.5,0.482421875,0.5,,,0.0,99,99,0,99,1.0,0.5955,0.9101,,,,0.47043010752688175,,
No,4,92124,2.0,0.0,z',G,orthogonal (rule #2.1's ceiling_full = 0.4922 < 0.90),0.28740290442418104,rule #2.1,0.490234375,0.006842256467789243,1.1513460703604497,-0.38380966834986374,0.5,0.4921875,1.0,,-0.01953125,-0.0224609375,93,99,0,99,0.94,0.5535,0.5588,1.0,1.0,1.0,0.5064516129032258,0.490234375,0.5535
No,4,92124,2.0,0.0,z',G,orthogonal (rule #2.1's ceiling_full = 0.4922 < 0.90),0.28740290442418104,BF_1,0.490234375,0.00959097994687852,1.0291623438237552,-0.2616259418131692,0.5,0.4921875,1.0,,-0.01953125,-0.0224609375,97,99,0,99,0.98,0.5511,0.5539,1.0,1.0,1.0,0.5053763440860215,0.490234375,0.5511
No,4,92124,2.0,0.0,z',G,orthogonal (rule #2.1's ceiling_full = 0.4922 < 0.90),0.28740290442418104,BF_2,0.494140625,0.001172245487138901,0.9272883911011391,-0.15975198909055321,0.5,0.8857421875,1.0,-0.015189873417721518,-0.01171875,-0.0185546875,99,99,0,99,1.0,0.537,0.5338,3.0,3.0,1.0,0.5161290322580645,0.509765625,0.4543
No,4,92124,2.0,0.0,z',G,orthogonal (rule #2.1's ceiling_full = 0.4922 < 0.90),0.28740290442418104,BF_3,0.5048828125,0.010047054559618296,0.9280020740443581,-0.16046567203377216,0.5,0.888671875,1.0,0.01256281407035176,0.009765625,-0.0078125,99,99,0,99,1.0,0.4759,0.4747,3.0,3.0,1.0,0.5258064516129032,0.5029296875,0.4887
No,4,92124,2.0,0.0,z',G,orthogonal (rule #2.1's ceiling_full = 0.4922 < 0.90),0.28740290442418104,BF_4,0.490234375,-0.012763035689465019,0.9413577874055064,-0.17382138539492042,0.5,0.908203125,1.0,-0.023923444976076555,-0.01953125,-0.0224609375,99,99,0,99,1.0,0.5593,0.559,3.0,3.0,1.0,0.5053763440860215,0.4853515625,0.5863
No,4,92124,2.0,0.0,z',G,orthogonal (rule #2.1's ceiling_full = 0.4922 < 0.90),0.28740290442418104,N1,0.5126953125,0.0,0.7675364020105859,0.0,0.53125,0.51171875,0.5,1.0833333333333333,,0.0,99,99,0,99,1.0,0.4301,0.2166,,,,0.5268817204301075,,
W,0,92130,1.5,2.5,z,W,,0.3383991894630192,rule #2.1,0.5146484375,0.16413721476483567,0.9293989533375981,-0.20812270339145078,0.5,0.51953125,1.0,0.75,0.029296875,-0.0029296875,60,99,0,99,0.61,0.4191,0.4343,1.0,1.0,1.0,0.5204741379310345,0.5146484375,0.4191
W,0,92130,1.5,2.5,z,W,,0.3383991894630192,BF_1,0.513671875,0.158534441385976,0.876994108211723,-0.1557178582655756,0.5,0.52734375,1.0,0.5,0.02734375,-0.00390625,99,99,0,99,1.0,0.4262,0.4407,1.0,1.0,1.0,0.5161637931034483,0.513671875,0.4262
W,0,92130,1.5,2.5,z,W,,0.3383991894630192,BF_2,0.7802734375,2.234086977320397,0.5736803521831468,0.14759589776300053,0.625,0.96484375,1.0,0.6029411764705882,0.560546875,0.2626953125,0,99,0,99,0.01,0.0001,0.0004,1.0,1.0,1.0,0.7855603448275862,0.7802734375,0.0001
W,0,92130,1.5,2.5,z,W,,0.3383991894630192,BF_3,0.76953125,2.1474805915962842,0.640381094948527,0.08089515499762034,0.625,0.9755859375,1.0,0.5667351129363449,0.5390625,0.251953125,0,99,0,99,0.01,0.0001,0.0004,1.0,1.0,1.0,0.7726293103448276,0.76953125,0.0001
W,0,92130,1.5,2.5,z,W,,0.3383991894630192,BF_4,0.7431640625,2.0372972894691204,0.7229921192904118,-0.0017158693442644868,0.59375,0.9814453125,1.0,0.5050709939148073,0.486328125,0.2255859375,0,99,0,99,0.01,0.0005,0.0011,1.0,1.0,1.0,0.7478448275862069,0.7431640625,0.0005
W,0,92130,1.5,2.5,z,W,,0.3383991894630192,N1,0.517578125,0.0,0.7212762499461474,0.0,0.53125,0.515625,0.5,1.125,,0.0,99,99,0,99,1.0,0.4105,0.1126,,,,0.4822198275862069,,
W,1,92131,1.5,2.5,z,W,,0.3221884498480243,rule #2.1,0.5087890625,0.0012062464471425116,1.035109507215985,-0.2718835639832584,0.5,0.5068359375,1.0,1.2857142857142858,0.017578125,0.03515625,3,99,0,99,0.04,0.4516,0.4434,1.0,1.0,1.0,0.5053879310344828,0.5087890625,0.4516
W,1,92131,1.5,2.5,z,W,,0.3221884498480243,BF_1,0.509765625,0.006005258913818645,0.9375860049347515,-0.1743600617020249,0.5,0.5078125,1.0,1.25,0.01953125,0.0361328125,0,99,0,99,0.01,0.444,0.4399,1.0,1.0,1.0,0.5043103448275862,0.509765625,0.444
W,1,92131,1.5,2.5,z,W,,0.3221884498480243,BF_2,0.8017578125,2.1200967127873027,0.562327963471011,0.20089797976171564,0.65625,0.9931640625,1.0,0.6118811881188119,0.603515625,0.328125,0,99,0,99,0.01,0.0001,0.0002,1.0,1.0,1.0,0.8071120689655172,0.8017578125,0.0001
W,1,92131,1.5,2.5,z,W,,0.3221884498480243,BF_3,0.8193359375,2.292066906159756,0.5941504408355976,0.16907550239712898,0.6875,1.0,1.0,0.638671875,0.638671875,0.345703125,0,99,0,99,0.01,0.0001,0.0002,1.0,1.0,1.0,0.8232758620689655,0.8193359375,0.0001
W,1,92131,1.5,2.5,z,W,,0.3221884498480243,BF_4,0.77734375,1.1558298839146595,0.6433731873908106,0.11985275584191601,0.65625,0.9736328125,1.0,0.5855670103092784,0.5546875,0.3037109375,0,99,0,99,0.01,0.0002,0.0002,3.0,3.0,1.0,0.7769396551724138,0.8046875,0.0002
W,1,92131,1.5,2.5,z,W,,0.3221884498480243,N1,0.4736328125,0.0,0.7632259432327266,0.0,0.4375,0.4736328125,0.5,,,0.0,99,99,0,99,1.0,0.6468,0.9889,,,,0.43211206896551724,,
W,2,92132,1.5,2.5,z,W,,0.3380614657210402,rule #2.1,0.5234375,0.16746010582485704,1.0005858322588057,-0.24608576700216855,0.5,0.5322265625,1.0,0.7272727272727273,0.046875,0.0224609375,1,99,0,99,0.02,0.3797,0.3943,1.0,1.0,1.0,0.5420258620689655,0.5234375,0.3797
W,2,92132,1.5,2.5,z,W,,0.3380614657210402,BF_1,0.517578125,0.18635274760247889,0.9159030197192226,-0.16140295446258546,0.5,0.5283203125,1.0,0.6206896551724138,0.03515625,0.0166015625,0,99,0,99,0.01,0.4105,0.4229,1.0,1.0,1.0,0.5355603448275862,0.517578125,0.4105
W,2,92132,1.5,2.5,z,W,,0.3380614657210402,BF_2,0.7509765625,1.8425002239623385,0.6111961528309413,0.14330391242569585,0.5625,0.96875,1.0,0.5354166666666667,0.501953125,0.25,0,99,0,99,0.01,0.0005,0.0011,1.0,1.0,1.0,0.759698275862069,0.7509765625,0.0005
W,2,92132,1.5,2.5,z,W,,0.3380614657210402,BF_3,0.7705078125,2.1383838607377363,0.625224716122182,0.12927534913445515,0.59375,0.99609375,1.0,0.5452755905511811,0.541015625,0.26953125,0,99,0,99,0.01,0.0002,0.0003,1.0,1.0,1.0,0.7898706896551724,0.7705078125,0.0002
W,2,92132,1.5,2.5,z,W,,0.3380614657210402,BF_4,0.7119140625,0.922211707841592,0.6793600990084119,0.07513996624822528,0.5625,0.9658203125,1.0,0.4549266247379455,0.423828125,0.2109375,0,99,0,99,0.01,0.0019,0.0043,3.0,3.0,1.0,0.7252155172413793,0.7265625,0.0009
W,2,92132,1.5,2.5,z,W,,0.3380614657210402,N1,0.5009765625,0.0,0.7545000652566372,0.0,0.5,0.50390625,0.5,0.25,,0.0,99,99,0,99,1.0,0.4944,0.4858,,,,0.49030172413793105,,
W,3,92133,1.5,2.5,z,W,,0.3252279635258359,rule #2.1,0.5322265625,0.19825466292164862,1.1407996622312078,-0.36507747182724537,0.5,0.54296875,1.0,0.75,0.064453125,0.0107421875,10,99,0,99,0.11,0.3323,0.3479,1.0,1.0,1.0,0.5344827586206896,0.5322265625,0.3323
W,3,92133,1.5,2.5,z,W,,0.3252279635258359,BF_1,0.5322265625,0.2318349351365273,1.0246650550465444,-0.24894286464258197,0.5,0.5390625,1.0,0.825,0.064453125,0.0107421875,0,99,0,99,0.01,0.3307,0.3471,1.0,1.0,1.0,0.53125,0.5322265625,0.3307
W,3,92133,1.5,2.5,z,W,,0.3252279635258359,BF_2,0.7216796875,1.7900196919791234,0.7443637238519174,0.031358466552044995,0.5625,0.931640625,1.0,0.5135746606334841,0.443359375,0.2001953125,0,99,0,99,0.01,0.0018,0.0031,1.0,1.0,1.0,0.7273706896551724,0.7216796875,0.0018
W,3,92133,1.5,2.5,z,W,,0.3252279635258359,BF_3,0.6962890625,1.7313762655453546,0.8275027206157757,-0.05178053021181328,0.5625,0.9833984375,1.0,0.40606060606060607,0.392578125,0.1748046875,0,99,0,99,0.01,0.0035,0.0071,1.0,1.0,1.0,0.7133620689655172,0.6962890625,0.0035
W,3,92133,1.5,2.5,z,W,,0.3252279635258359,BF_4,0.6806640625,0.9032324142902967,0.7376792745832004,0.038042915820762024,0.5625,0.94140625,1.0,0.4092920353982301,0.361328125,0.1591796875,0,99,0,99,0.01,0.0071,0.011,3.0,3.0,1.0,0.6939655172413793,0.720703125,0.001
W,3,92133,1.5,2.5,z,W,,0.3252279635258359,N1,0.521484375,0.0,0.7757221904039624,0.0,0.53125,0.5205078125,0.5,1.0476190476190477,,0.0,99,99,0,99,1.0,0.3858,0.0385,,,,0.5193965517241379,,
W,4,92134,1.5,2.5,z,W,,0.32556568726781493,rule #2.1,0.4814453125,0.008983829217049766,1.1936222843542676,-0.4630256193901756,0.5,0.4833984375,1.0,,-0.037109375,-0.0263671875,94,99,0,99,0.95,0.6009,0.6041,1.0,1.0,1.0,0.47521551724137934,0.4814453125,0.6009
W,4,92134,1.5,2.5,z,W,,0.32556568726781493,BF_1,0.4658203125,0.013711294309051048,1.0823833354803472,-0.3517866705162551,0.5,0.4775390625,1.0,,-0.068359375,-0.0419921875,98,99,0,99,0.99,0.6809,0.6779,1.0,1.0,1.0,0.46012931034482757,0.4658203125,0.6809
W,4,92134,1.5,2.5,z,W,,0.32556568726781493,BF_2,0.7373046875,1.4959054439270116,0.7994228861928062,-0.06882622122871418,0.5,0.83984375,1.0,0.6982758620689655,0.474609375,0.2294921875,0,99,0,99,0.01,0.0009,0.0019,1.0,1.0,1.0,0.7446120689655172,0.7373046875,0.0009
W,4,92134,1.5,2.5,z,W,,0.32556568726781493,BF_3,0.640625,1.1520033818074475,0.9201325749879827,-0.1895359100238907,0.53125,0.896484375,1.0,0.35467980295566504,0.28125,0.1328125,0,99,0,99,0.01,0.0287,0.0431,1.0,1.0,1.0,0.6422413793103449,0.640625,0.0287
W,4,92134,1.5,2.5,z,W,,0.32556568726781493,BF_4,0.619140625,1.109006245220931,1.0085822063478662,-0.2779855413837742,0.53125,0.9609375,1.0,0.2584745762711864,0.23828125,0.111328125,0,99,0,99,0.01,0.0564,0.0747,1.0,1.0,1.0,0.6303879310344828,0.619140625,0.0564
W,4,92134,1.5,2.5,z,W,,0.32556568726781493,N1,0.5078125,0.0,0.730596664964092,0.0,0.5,0.5068359375,0.5,1.1428571428571428,,0.0,99,99,0,99,1.0,0.4623,0.3162,,,,0.46282327586206895,,
M0.5,0,92140,0.5,0.0,z,G,no information (rule #2.1's ceiling_full = 0.9814 >= 0.90),0.1806822019587977,rule #2.1,0.52099609375,0.0,0.8066396539552873,-0.0010509725081918608,0.53125,0.9814453125,1.0,0.0436105476673428,0.0419921875,0.00927734375,23,99,0,99,0.24,0.3957,0.0395,100.0,3.0,1.0,0.5,0.52197265625,0.3894
M0.5,0,92140,0.5,0.0,z,G,no information (rule #2.1's ceiling_full = 0.9814 >= 0.90),0.1806822019587977,BF_1,0.51171875,0.0,0.8055886814470954,0.0,0.5625,0.9892578125,1.0,0.023952095808383235,0.0234375,0.0,94,99,0,99,0.95,0.4478,0.1852,100.0,3.0,1.0,0.49030172413793105,0.5234375,0.3806
M0.5,0,92140,0.5,0.0,z,G,no information (rule #2.1's ceiling_full = 0.9814 >= 0.90),0.1806822019587977,BF_2,0.51171875,0.0,0.8055886814470954,0.0,0.5625,0.998046875,1.0,0.023529411764705882,0.0234375,0.0,99,99,0,99,1.0,0.4478,0.1852,100.0,3.0,1.0,0.49030172413793105,0.6005859375,0.0849
M0.5,0,92140,0.5,0.0,z,G,no information (rule #2.1's ceiling_full = 0.9814 >= 0.90),0.1806822019587977,BF_3,0.51171875,0.0,0.8055886814470954,0.0,0.5625,1.0,1.0,0.0234375,0.0234375,0.0,99,99,0,99,1.0,0.4478,0.1852,100.0,3.0,1.0,0.49030172413793105,0.607421875,0.0732
M0.5,0,92140,0.5,0.0,z,G,no information (rule #2.1's ceiling_full = 0.9814 >= 0.90),0.1806822019587977,BF_4,0.51171875,0.0,0.8055886814470954,0.0,0.5625,0.9990234375,1.0,0.023483365949119372,0.0234375,0.0,99,99,0,99,1.0,0.4478,0.1852,100.0,3.0,1.0,0.49030172413793105,0.583984375,0.1251
M0.5,0,92140,0.5,0.0,z,G,no information (rule #2.1's ceiling_full = 0.9814 >= 0.90),0.1806822019587977,N1,0.51171875,0.0,0.8055886814470954,0.0,0.5625,0.5166015625,0.5,0.7058823529411765,,0.0,99,99,0,99,1.0,0.4478,0.1852,,,,0.49030172413793105,,
M0.5,1,92141,0.5,0.0,z,U,,0.19959473150962512,rule #2.1,0.63427734375,0.30391606131905946,0.8327395566724528,0.06990333205854682,0.59375,0.9912109375,1.0,0.27335984095427435,0.2685546875,0.10888671875,0,99,0,99,0.01,0.0332,0.0001,3.0,3.0,1.0,0.630926724137931,0.7431640625,0.0007
M0.5,1,92141,0.5,0.0,z,U,,0.19959473150962512,BF_1,0.66015625,0.3527508732423281,0.8232064686753761,0.07943642005562357,0.65625,0.9951171875,1.0,0.3234714003944773,0.3203125,0.134765625,0,99,0,99,0.01,0.0134,0.0001,3.0,3.0,1.0,0.6530172413793104,0.759765625,0.0004
M0.5,1,92141,0.5,0.0,z,U,,0.19959473150962512,BF_2,0.5888671875,0.15012372357305104,0.877375673246712,0.025267215484287675,0.5625,0.9951171875,1.0,0.1794871794871795,0.177734375,0.0634765625,0,99,0,99,0.01,0.1126,0.0187,3.0,3.0,1.0,0.5808189655172413,0.5595703125,0.2049
M0.5,1,92141,0.5,0.0,z,U,,0.19959473150962512,BF_3,0.5771484375,0.14027160261721772,0.8827240814209129,0.019918807310086772,0.53125,0.998046875,1.0,0.15490196078431373,0.154296875,0.0517578125,0,99,0,99,0.01,0.1465,0.0441,3.0,3.0,1.0,0.5668103448275862,0.5341796875,0.3194
M0.5,1,92141,0.5,0.0,z,U,,0.19959473150962512,BF_4,0.5615234375,0.11856620267006135,0.8918278432840827,0.010815045446916915,0.5,0.998046875,1.0,0.12352941176470589,0.123046875,0.0361328125,0,99,0,99,0.01,0.2031,0.0917,3.0,3.0,1.0,0.5420258620689655,0.4638671875,0.6909
M0.5,1,92141,0.5,0.0,z,U,,0.19959473150962512,N1,0.525390625,0.0,0.9026428887309996,0.0,0.5625,0.5244140625,0.5,1.04,,0.0,99,99,0,99,1.0,0.3668,0.0815,,,,0.5172413793103449,,
M0.5,2,92142,0.5,0.0,z,R,,0.1806822019587977,rule #2.1,0.671875,0.35577379896302874,0.8551264358043766,0.08804230011293934,0.625,0.9990234375,1.0,0.34442270058708413,0.34375,0.181640625,0,99,0,99,0.01,0.0077,0.0001,3.0,3.0,1.0,0.6713362068965517,0.73779296875,0.0005
M0.5,2,92142,0.5,0.0,z,R,,0.1806822019587977,BF_1,0.6708984375,0.378563871039989,0.854575312936303,0.08859342298101303,0.65625,1.0,1.0,0.341796875,0.341796875,0.1806640625,0,99,0,99,0.01,0.0079,0.0001,3.0,3.0,1.0,0.6648706896551724,0.759765625,0.0002
M0.5,2,92142,0.5,0.0,z,R,,0.1806822019587977,BF_2,0.7109375,0.49734063353445723,0.8299970664286963,0.11317166948861968,0.65625,1.0,1.0,0.421875,0.421875,0.220703125,0,99,0,99,0.01,0.0017,0.0001,3.0,3.0,1.0,0.6950431034482759,0.7919921875,0.0002
M0.5,2,92142,0.5,0.0,z,R,,0.1806822019587977,BF_3,0.490234375,0.0,0.943168735917316,0.0,0.5,1.0,1.0,-0.01953125,-0.01953125,0.0,99,99,0,99,1.0,0.5619,0.7635,100.0,3.0,1.0,0.4859913793103448,0.705078125,0.0025
M0.5,2,92142,0.5,0.0,z,R,,0.1806822019587977,BF_4,0.490234375,0.0,0.943168735917316,0.0,0.5,1.0,1.0,-0.01953125,-0.01953125,0.0,99,99,0,99,1.0,0.5619,0.7635,100.0,3.0,1.0,0.4859913793103448,0.701171875,0.0028
M0.5,2,92142,0.5,0.0,z,R,,0.1806822019587977,N1,0.490234375,0.0,0.943168735917316,0.0,0.5,0.494140625,0.5,,,0.0,99,99,0,99,1.0,0.5619,0.7635,,,,0.4859913793103448,,
M0.5,3,92143,0.5,0.0,z,G,no information (rule #2.1's ceiling_full = 1.0000 >= 0.90),0.18743667679837892,rule #2.1,0.513671875,0.0,1.0010434818534777,-0.0010975919872536766,0.5625,1.0,1.0,0.02734375,0.02734375,-0.0048828125,66,99,0,99,0.67,0.4253,0.0601,100.0,3.0,1.0,0.49622844827586204,0.677734375,0.0062
M0.5,3,92143,0.5,0.0,z,G,no information (rule #2.1's ceiling_full = 1.0000 >= 0.90),0.18743667679837892,BF_1,0.5185546875,0.0,0.999945889866224,0.0,0.5625,1.0,1.0,0.037109375,0.037109375,0.0,95,99,0,99,0.96,0.4021,0.0137,100.0,3.0,1.0,0.49676724137931033,0.6708984375,0.0076
M0.5,3,92143,0.5,0.0,z,G,no information (rule #2.1's ceiling_full = 1.0000 >= 0.90),0.18743667679837892,BF_2,0.5185546875,0.0,0.999945889866224,0.0,0.5625,1.0,1.0,0.037109375,0.037109375,0.0,97,99,0,99,0.98,0.4021,0.0137,100.0,3.0,1.0,0.49676724137931033,0.5185546875,0.4033
M0.5,3,92143,0.5,0.0,z,G,no information (rule #2.1's ceiling_full = 1.0000 >= 0.90),0.18743667679837892,BF_3,0.5185546875,0.0,0.999945889866224,0.0,0.5625,1.0,1.0,0.037109375,0.037109375,0.0,97,99,0,99,0.98,0.4021,0.0137,100.0,3.0,1.0,0.49676724137931033,0.4775390625,0.6227
M0.5,3,92143,0.5,0.0,z,G,no information (rule #2.1's ceiling_full = 1.0000 >= 0.90),0.18743667679837892,BF_4,0.5185546875,0.0,0.999945889866224,0.0,0.5625,0.5078125,1.0,2.375,0.037109375,0.0,99,99,0,99,1.0,0.4021,0.0137,100.0,100.0,1.0,0.49676724137931033,0.458984375,0.7128
M0.5,3,92143,0.5,0.0,z,G,no information (rule #2.1's ceiling_full = 1.0000 >= 0.90),0.18743667679837892,N1,0.5185546875,0.0,0.999945889866224,0.0,0.5625,0.5078125,0.5,2.375,,0.0,99,99,0,99,1.0,0.4021,0.0137,,,,0.49676724137931033,,
M0.5,4,92144,0.5,0.0,z,U,,0.18608578183046268,rule #2.1,0.66357421875,0.31226061873062805,0.7459384442214249,0.06245527999155209,0.625,0.98046875,1.0,0.3404471544715447,0.3271484375,0.13427734375,0,99,0,99,0.01,0.0117,0.0001,3.0,3.0,1.0,0.6298491379310345,0.67529296875,0.0083
M0.5,4,92144,0.5,0.0,z,U,,0.18608578183046268,BF_1,0.65234375,0.2992138947082488,0.7448258680617194,0.0635678561512576,0.65625,0.9873046875,1.0,0.312625250501002,0.3046875,0.123046875,0,99,0,99,0.01,0.0183,0.0001,3.0,3.0,1.0,0.6185344827586207,0.693359375,0.0047
M0.5,4,92144,0.5,0.0,z,U,,0.18608578183046268,BF_2,0.638671875,0.3106474496361312,0.7462251834313681,0.06216854078160883,0.59375,0.9951171875,1.0,0.28007889546351084,0.27734375,0.109375,0,99,0,99,0.01,0.029,0.0014,3.0,3.0,1.0,0.6045258620689655,0.6806640625,0.0064
M0.5,4,92144,0.5,0.0,z,U,,0.18608578183046268,BF_3,0.529296875,0.0,0.808393724212977,0.0,0.53125,0.9931640625,1.0,0.0594059405940594,0.05859375,0.0,99,99,0,99,1.0,0.3476,0.0623,100.0,3.0,1.0,0.4827586206896552,0.5771484375,0.1449
M0.5,4,92144,0.5,0.0,z,U,,0.18608578183046268,BF_4,0.6357421875,0.3085977275032086,0.7546365336699341,0.05375719054304284,0.625,0.994140625,1.0,0.274703557312253,0.271484375,0.1064453125,0,99,0,99,0.01,0.0305,0.0032,3.0,3.0,1.0,0.6023706896551724,0.6357421875,0.0308
M0.5,4,92144,0.5,0.0,z,U,,0.18608578183046268,N1,0.529296875,0.0,0.808393724212977,0.0,0.53125,0.5224609375,0.5,1.3043478260869565,,0.0,99,99,0,99,1.0,0.3476,0.0623,,,,0.4827586206896552,,
M1.0,0,92150,1.0,0.0,z,R,,0.20297196892941574,rule #2.1,0.921875,1.9963682053653735,0.5306713868328212,0.3366098934392985,0.875,1.0,1.0,0.84375,0.84375,0.373046875,0,99,0,99,0.01,0.0001,0.0001,1.0,1.0,1.0,0.9137931034482759,0.921875,0.0001
M1.0,0,92150,1.0,0.0,z,R,,0.20297196892941574,BF_1,0.916015625,1.8775152932925203,0.5154367118099006,0.3518445684622191,0.875,1.0,1.0,0.83203125,0.83203125,0.3671875,0,99,0,99,0.01,0.0001,0.0001,1.0,1.0,1.0,0.9073275862068966,0.916015625,0.0001
M1.0,0,92150,1.0,0.0,z,R,,0.20297196892941574,BF_2,0.7783203125,0.9312445579950452,0.6848215474421256,0.18245973282999406,0.6875,0.9970703125,1.0,0.5599214145383105,0.556640625,0.2294921875,0,99,0,99,0.01,0.0002,0.0001,3.0,3.0,1.0,0.7553879310344828,0.7333984375,0.0006
M1.0,0,92150,1.0,0.0,z,R,,0.20297196892941574,BF_3,0.77734375,0.9171498333286505,0.6906976715554929,0.17658360871662682,0.75,0.998046875,1.0,0.5568627450980392,0.5546875,0.228515625,0,99,0,99,0.01,0.0002,0.0001,3.0,3.0,1.0,0.7553879310344828,0.724609375,0.0007
M1.0,0,92150,1.0,0.0,z,R,,0.20297196892941574,BF_4,0.7734375,0.8870381398193429,0.6985575478206616,0.1687237324514581,0.71875,0.9990234375,1.0,0.547945205479452,0.546875,0.224609375,0,99,0,99,0.01,0.0002,0.0001,3.0,3.0,1.0,0.7510775862068966,0.724609375,0.0008
M1.0,0,92150,1.0,0.0,z,R,,0.20297196892941574,N1,0.548828125,0.0,0.8672812802721197,0.0,0.5,0.54296875,0.5,1.1363636363636365,,0.0,99,99,0,99,1.0,0.2514,0.0038,,,,0.5102370689655172,,
M1.0,1,92151,1.0,0.0,z,R,,0.21242823370482944,rule #2.1,0.9453125,2.1493381836908654,0.4832875979348555,0.3686408755147534,0.875,1.0,1.0,0.890625,0.890625,0.4326171875,0,99,0,99,0.01,0.0001,0.0001,1.0,1.0,1.0,0.9396551724137931,0.9453125,0.0001
M1.0,1,92151,1.0,0.0,z,R,,0.21242823370482944,BF_1,0.955078125,1.9603717800824074,0.46423303807357924,0.38769543537602963,0.90625,1.0,1.0,0.91015625,0.91015625,0.4423828125,0,99,0,99,0.01,0.0001,0.0001,1.0,1.0,1.0,0.9504310344827587,0.955078125,0.0001
M1.0,1,92151,1.0,0.0,z,R,,0.21242823370482944,BF_2,0.880859375,1.1463001824250179,0.5974097315639708,0.25451874188563806,0.78125,1.0,1.0,0.76171875,0.76171875,0.3681640625,0,99,0,99,0.01,0.0001,0.0001,3.0,3.0,1.0,0.8685344827586207,0.9423828125,0.0001
M1.0,1,92151,1.0,0.0,z,R,,0.21242823370482944,BF_3,0.88671875,1.1899125886103175,0.5895477541552958,0.26238071929431306,0.84375,1.0,1.0,0.7734375,0.7734375,0.3740234375,0,99,0,99,0.01,0.0001,0.0001,3.0,3.0,1.0,0.875,0.9501953125,0.0001
M1.0,1,92151,1.0,0.0,z,R,,0.21242823370482944,BF_4,0.8759765625,1.167129967223867,0.5904593901744871,0.26146908327512175,0.78125,1.0,1.0,0.751953125,0.751953125,0.36328125,0,99,0,99,0.01,0.0001,0.0001,3.0,3.0,1.0,0.8631465517241379,0.904296875,0.0001
M1.0,1,92151,1.0,0.0,z,R,,0.21242823370482944,N1,0.5126953125,0.0,0.8519284734496089,0.0,0.5,0.5126953125,0.5,1.0,,0.0,99,99,0,99,1.0,0.43,0.1033,,,,0.4644396551724138,,
M1.0,2,92152,1.0,0.0,z,R,,0.21445457615670382,rule #2.1,0.8330078125,1.6802673982803713,0.5913590306638572,0.2774624398462152,0.75,0.9873046875,1.0,0.6833667334669339,0.666015625,0.3056640625,0,99,0,99,0.01,0.0001,0.0001,1.0,1.0,1.0,0.8157327586206896,0.8330078125,0.0001
M1.0,2,92152,1.0,0.0,z,R,,0.21445457615670382,BF_1,0.8388671875,1.6122529255119271,0.5816067220044376,0.2872147485056348,0.78125,0.9814453125,1.0,0.7038539553752535,0.677734375,0.3115234375,0,99,0,99,0.01,0.0001,0.0001,1.0,1.0,1.0,0.822198275862069,0.8388671875,0.0001
M1.0,2,92152,1.0,0.0,z,R,,0.21445457615670382,BF_2,0.77734375,1.0435319636616769,0.6597461462476127,0.20907532426245967,0.75,0.98046875,1.0,0.5772357723577236,0.5546875,0.25,0,99,0,99,0.01,0.0001,0.0001,3.0,3.0,1.0,0.7543103448275862,0.8681640625,0.0001
M1.0,2,92152,1.0,0.0,z,R,,0.21445457615670382,BF_3,0.740234375,0.9040153512683273,0.6904138257757084,0.178407644734364,0.65625,0.990234375,1.0,0.4900398406374502,0.48046875,0.212890625,0,99,0,99,0.01,0.0002,0.0001,3.0,3.0,1.0,0.7144396551724138,0.75,0.0001
M1.0,2,92152,1.0,0.0,z,R,,0.21445457615670382,BF_4,0.7265625,0.9036621817917583,0.6947907080067279,0.17403076250334448,0.625,0.994140625,1.0,0.45849802371541504,0.453125,0.19921875,0,99,0,99,0.01,0.0006,0.0001,3.0,3.0,1.0,0.7004310344827587,0.7412109375,0.0001
M1.0,2,92152,1.0,0.0,z,R,,0.21445457615670382,N1,0.52734375,0.0,0.8688214705100724,0.0,0.53125,0.5263671875,0.5,1.037037037037037,,0.0,99,99,0,99,1.0,0.3539,0.0976,,,,0.5021551724137931,,
M1.0,3,92153,1.0,0.0,z,R,,0.20128335021952043,rule #2.1,0.93359375,2.114663380518323,0.5050055058380837,0.3325243040255601,0.875,1.0,1.0,0.8671875,0.8671875,0.43359375,0,99,0,99,0.01,0.0001,0.0001,1.0,1.0,1.0,0.9267241379310345,0.93359375,0.0001
M1.0,3,92153,1.0,0.0,z,R,,0.20128335021952043,BF_1,0.931640625,1.9919694722804826,0.48221865947872455,0.3553111503849192,0.84375,1.0,1.0,0.86328125,0.86328125,0.431640625,0,99,0,99,0.01,0.0001,0.0001,1.0,1.0,1.0,0.9245689655172413,0.931640625,0.0001
M1.0,3,92153,1.0,0.0,z,R,,0.20128335021952043,BF_2,0.8720703125,1.174796563492737,0.5843694834339411,0.25316032642970265,0.84375,1.0,1.0,0.744140625,0.744140625,0.3720703125,0,99,0,99,0.01,0.0001,0.0001,3.0,3.0,1.0,0.8588362068965517,0.9287109375,0.0001
M1.0,3,92153,1.0,0.0,z,R,,0.20128335021952043,BF_3,0.875,1.1887341627627606,0.5812943215027178,0.256235488360926,0.84375,1.0,1.0,0.75,0.75,0.375,0,99,0,99,0.01,0.0001,0.0001,3.0,3.0,1.0,0.8620689655172413,0.9384765625,0.0001
M1.0,3,92153,1.0,0.0,z,R,,0.20128335021952043,BF_4,0.8955078125,1.1947457530977652,0.5796798222160036,0.2578499876476402,0.8125,1.0,1.0,0.791015625,0.791015625,0.3955078125,0,99,0,99,0.01,0.0001,0.0001,3.0,3.0,1.0,0.884698275862069,0.943359375,0.0001
M1.0,3,92153,1.0,0.0,z,R,,0.20128335021952043,N1,0.5,0.0,0.8375298098636438,0.0,0.53125,0.4970703125,0.5,,,0.0,99,99,0,99,1.0,0.5016,0.5121,,,,0.5107758620689655,,
M1.0,4,92154,1.0,0.0,z,R,,0.2127659574468085,rule #2.1,0.8896484375,1.3281793384411116,0.626813890158781,0.2568042764155566,0.75,1.0,1.0,0.779296875,0.779296875,0.3994140625,0,99,0,99,0.01,0.0001,0.0001,1.0,1.0,1.0,0.8782327586206896,0.8896484375,0.0001
M1.0,4,92154,1.0,0.0,z,R,,0.2127659574468085,BF_1,0.8779296875,1.1519076490070916,0.6293741096185095,0.2542440569558281,0.75,1.0,1.0,0.755859375,0.755859375,0.3876953125,0,99,0,99,0.01,0.0001,0.0001,1.0,1.0,1.0,0.865301724137931,0.8779296875,0.0001
M1.0,4,92154,1.0,0.0,z,R,,0.2127659574468085,BF_2,0.755859375,0.6565470157538833,0.736635269864242,0.14698289671009557,0.65625,1.0,1.0,0.51171875,0.51171875,0.265625,0,99,0,99,0.01,0.0001,0.0001,3.0,3.0,1.0,0.7392241379310345,0.8173828125,0.0001
M1.0,4,92154,1.0,0.0,z,R,,0.2127659574468085,BF_3,0.7255859375,0.6113855352871331,0.7491676897635992,0.1344504768107384,0.65625,1.0,1.0,0.451171875,0.451171875,0.2353515625,0,99,0,99,0.01,0.001,0.0001,3.0,3.0,1.0,0.7079741379310345,0.76171875,0.0003
M1.0,4,92154,1.0,0.0,z,R,,0.2127659574468085,BF_4,0.70703125,0.5997008859052526,0.7425948602167479,0.14102330635758964,0.625,1.0,1.0,0.4140625,0.4140625,0.216796875,0,99,0,99,0.01,0.0024,0.0001,3.0,3.0,1.0,0.6896551724137931,0.7373046875,0.0008
M1.0,4,92154,1.0,0.0,z,R,,0.2127659574468085,N1,0.490234375,0.0,0.8836181665743376,0.0,0.46875,0.48046875,0.5,,,0.0,99,99,0,99,1.0,0.5529,0.7733,,,,0.4525862068965517,,
M0.6,0,92160,0.6,0.0,z,G,no information (rule #2.1's ceiling_full = 1.0000 >= 0.90),0.19047619047619047,rule #2.1,0.58203125,0.2859172223247677,0.7654193720305399,0.07880266861958651,0.5,1.0,1.0,0.1640625,0.1640625,0.1123046875,0,99,0,99,0.01,0.1278,0.0002,3.0,3.0,1.0,0.5646551724137931,0.6708984375,0.0078
M0.6,0,92160,0.6,0.0,z,G,no information (rule #2.1's ceiling_full = 1.0000 >= 0.90),0.19047619047619047,BF_1,0.5908203125,0.2670719446676554,0.7804830533917507,0.06373898725837568,0.5,1.0,1.0,0.181640625,0.181640625,0.12109375,0,99,0,99,0.01,0.1056,0.0004,3.0,3.0,1.0,0.5775862068965517,0.701171875,0.0034
M0.6,0,92160,0.6,0.0,z,G,no information (rule #2.1's ceiling_full = 1.0000 >= 0.90),0.19047619047619047,BF_2,0.5458984375,0.17398777266732268,0.8060867324450538,0.038135308205072604,0.5,1.0,1.0,0.091796875,0.091796875,0.076171875,1,99,0,99,0.02,0.2614,0.0927,3.0,3.0,1.0,0.5247844827586207,0.5810546875,0.1369
M0.6,0,92160,0.6,0.0,z,G,no information (rule #2.1's ceiling_full = 1.0000 >= 0.90),0.19047619047619047,BF_3,0.5615234375,0.22614921868899995,0.7889540085471358,0.05526803210299058,0.53125,1.0,1.0,0.123046875,0.123046875,0.091796875,0,99,0,99,0.01,0.1973,0.0515,3.0,3.0,1.0,0.5441810344827587,0.65625,0.0154
M0.6,0,92160,0.6,0.0,z,G,no information (rule #2.1's ceiling_full = 1.0000 >= 0.90),0.19047619047619047,BF_4,0.5576171875,0.1926953266371152,0.7943948440834481,0.04982719656667833,0.5,1.0,1.0,0.115234375,0.115234375,0.087890625,0,99,0,99,0.01,0.2123,0.0616,3.0,3.0,1.0,0.5301724137931034,0.646484375,0.0201
M0.6,0,92160,0.6,0.0,z,G,no information (rule #2.1's ceiling_full = 1.0000 >= 0.90),0.19047619047619047,N1,0.4697265625,0.0,0.8442220406501264,0.0,0.4375,0.4775390625,0.5,,,0.0,99,99,0,99,1.0,0.6636,0.9885,,,,0.45635775862068967,,
M0.6,1,92161,0.6,0.0,z,G,no information (rule #2.1's ceiling_full = 0.9404 >= 0.90),0.20398514015535293,rule #2.1,0.59130859375,0.1903488063304064,0.818348300324814,0.07287996417691933,0.625,0.9404296875,1.0,0.2073170731707317,0.1826171875,0.09033203125,0,99,0,99,0.01,0.1066,0.0084,3.0,3.0,1.0,0.5975215517241379,0.67529296875,0.0078
M0.6,1,92161,0.6,0.0,z,G,no information (rule #2.1's ceiling_full = 0.9404 >= 0.90),0.20398514015535293,BF_1,0.5869140625,0.20337181579637664,0.8212821109223869,0.06994615357934642,0.59375,0.9482421875,1.0,0.19389978213507625,0.173828125,0.0859375,0,99,0,99,0.01,0.1212,0.0071,3.0,3.0,1.0,0.5915948275862069,0.6611328125,0.0124
M0.6,1,92161,0.6,0.0,z,G,no information (rule #2.1's ceiling_full = 0.9404 >= 0.90),0.20398514015535293,BF_2,0.5537109375,0.17245839193325785,0.8320904227514345,0.05913784175029879,0.53125,0.9736328125,1.0,0.1134020618556701,0.107421875,0.052734375,0,99,0,99,0.01,0.2393,0.0985,3.0,3.0,1.0,0.5635775862068966,0.642578125,0.0248
M0.6,1,92161,0.6,0.0,z,G,no information (rule #2.1's ceiling_full = 0.9404 >= 0.90),0.20398514015535293,BF_3,0.5009765625,0.0,0.8912282645017333,0.0,0.53125,0.982421875,1.0,0.0020242914979757085,0.001953125,0.0,99,99,0,99,1.0,0.4979,0.4804,100.0,3.0,1.0,0.5188577586206896,0.6142578125,0.0577
M0.6,1,92161,0.6,0.0,z,G,no information (rule #2.1's ceiling_full = 0.9404 >= 0.90),0.20398514015535293,BF_4,0.5498046875,0.1854396516911503,0.8499740445423463,0.04125421995938705,0.53125,0.986328125,1.0,0.10240963855421686,0.099609375,0.048828125,0,99,0,99,0.01,0.2559,0.1125,3.0,3.0,1.0,0.5635775862068966,0.6103515625,0.0634
M0.6,1,92161,0.6,0.0,z,G,no information (rule #2.1's ceiling_full = 0.9404 >= 0.90),0.20398514015535293,N1,0.5009765625,0.0,0.8912282645017333,0.0,0.53125,0.5029296875,0.5,0.3333333333333333,,0.0,99,99,0,99,1.0,0.4979,0.4804,,,,0.5188577586206896,,
M0.6,2,92162,0.6,0.0,z,R,,0.1833839918946302,rule #2.1,0.7421875,0.629923184689285,0.7210069618260448,0.12720668820523773,0.6875,0.9951171875,1.0,0.4891518737672584,0.484375,0.263671875,0,99,0,99,0.01,0.0003,0.0001,3.0,3.0,1.0,0.7160560344827587,0.84765625,0.0001
M0.6,2,92162,0.6,0.0,z,R,,0.1833839918946302,BF_1,0.7646484375,0.6191015269491708,0.7156521509345322,0.1325614990967504,0.65625,0.9990234375,1.0,0.5303326810176126,0.529296875,0.2861328125,0,99,0,99,0.01,0.0003,0.0001,3.0,3.0,1.0,0.740301724137931,0.8251953125,0.0001
M0.6,2,92162,0.6,0.0,z,R,,0.1833839918946302,BF_2,0.74609375,0.6366300754507246,0.711468495982484,0.1367451540487986,0.65625,0.9990234375,1.0,0.4931506849315068,0.4921875,0.267578125,0,99,0,99,0.01,0.0002,0.0001,3.0,3.0,1.0,0.7198275862068966,0.828125,0.0001
M0.6,2,92162,0.6,0.0,z,R,,0.1833839918946302,BF_3,0.7373046875,0.620071899302252,0.7204798274725941,0.12773382255868848,0.625,0.9990234375,1.0,0.4755381604696673,0.474609375,0.2587890625,0,99,0,99,0.01,0.0006,0.0001,3.0,3.0,1.0,0.7155172413793104,0.7998046875,0.0001
M0.6,2,92162,0.6,0.0,z,R,,0.1833839918946302,BF_4,0.7421875,0.6220138547873084,0.7204605444645764,0.12775310556670616,0.65625,0.9990234375,1.0,0.48532289628180036,0.484375,0.263671875,0,99,0,99,0.01,0.0005,0.0001,3.0,3.0,1.0,0.71875,0.7861328125,0.0002
M0.6,2,92162,0.6,0.0,z,R,,0.1833839918946302,N1,0.478515625,0.0,0.8482136500312826,0.0,0.5,0.4814453125,0.5,,,0.0,99,99,0,99,1.0,0.6241,0.8747,,,,0.44504310344827586,,
M0.6,3,92163,0.6,0.0,z,U,,0.1789935832489024,rule #2.1,0.6416015625,0.3401581644146803,0.8420368260944538,0.07160978420520803,0.59375,1.0,1.0,0.283203125,0.283203125,0.1611328125,0,99,0,99,0.01,0.0242,0.0001,3.0,3.0,1.0,0.6443965517241379,0.748046875,0.0006
M0.6,3,92163,0.6,0.0,z,U,,0.1789935832489024,BF_1,0.646484375,0.34051302446065446,0.8341959345470343,0.07945067575262754,0.59375,1.0,1.0,0.29296875,0.29296875,0.166015625,0,99,0,99,0.01,0.0207,0.0001,3.0,3.0,1.0,0.6476293103448276,0.740234375,0.0009
M0.6,3,92163,0.6,0.0,z,U,,0.1789935832489024,BF_2,0.63671875,0.3508073292555993,0.832420731953306,0.08122587834635586,0.59375,1.0,1.0,0.2734375,0.2734375,0.15625,0,99,0,99,0.01,0.028,0.0001,3.0,3.0,1.0,0.6476293103448276,0.703125,0.0029
M0.6,3,92163,0.6,0.0,z,U,,0.1789935832489024,BF_3,0.595703125,0.2575062308725169,0.8521817479115026,0.06146486238815929,0.53125,1.0,1.0,0.19140625,0.19140625,0.115234375,0,99,0,99,0.01,0.0933,0.0016,3.0,3.0,1.0,0.615301724137931,0.6455078125,0.024
M0.6,3,92163,0.6,0.0,z,U,,0.1789935832489024,BF_4,0.58984375,0.24650471705917654,0.8578089980886212,0.055837612211040666,0.53125,1.0,1.0,0.1796875,0.1796875,0.109375,0,99,0,99,0.01,0.1074,0.0022,3.0,3.0,1.0,0.6109913793103449,0.6083984375,0.0711
M0.6,3,92163,0.6,0.0,z,U,,0.1789935832489024,N1,0.48046875,0.0,0.9136466102996619,0.0,0.5,0.484375,0.5,,,0.0,99,99,0,99,1.0,0.605,0.9221,,,,0.484375,,
M0.6,4,92164,0.6,0.0,z,R,,0.19317798041202297,rule #2.1,0.67578125,0.31979465227868364,0.7902168558745533,0.07371686948179035,0.59375,0.99609375,1.0,0.3543307086614173,0.3515625,0.1474609375,0,99,0,99,0.01,0.0065,0.0001,3.0,3.0,1.0,0.6691810344827587,0.7763671875,0.0001
M0.6,4,92164,0.6,0.0,z,R,,0.19317798041202297,BF_1,0.6845703125,0.321433943341341,0.7832412097028331,0.08069251565351054,0.625,0.99609375,1.0,0.3720472440944882,0.369140625,0.15625,0,99,0,99,0.01,0.0049,0.0001,3.0,3.0,1.0,0.6756465517241379,0.7861328125,0.0001
M0.6,4,92164,0.6,0.0,z,R,,0.19317798041202297,BF_2,0.5283203125,0.0,0.8639337253563436,0.0,0.5625,0.9970703125,1.0,0.05697445972495088,0.056640625,0.0,99,99,0,99,1.0,0.3552,0.0281,100.0,3.0,1.0,0.509698275862069,0.7275390625,0.0011
M0.6,4,92164,0.6,0.0,z,R,,0.19317798041202297,BF_3,0.5283203125,0.0,0.8639337253563436,0.0,0.5625,0.5224609375,1.0,1.2608695652173914,0.056640625,0.0,99,99,0,99,1.0,0.3552,0.0281,100.0,100.0,1.0,0.509698275862069,0.7041015625,0.0028
M0.6,4,92164,0.6,0.0,z,R,,0.19317798041202297,BF_4,0.5283203125,0.0,0.8639337253563436,0.0,0.5625,0.5224609375,1.0,1.2608695652173914,0.056640625,0.0,99,99,0,99,1.0,0.3552,0.0281,100.0,100.0,1.0,0.509698275862069,0.7041015625,0.002
M0.6,4,92164,0.6,0.0,z,R,,0.19317798041202297,N1,0.5283203125,0.0,0.8639337253563436,0.0,0.5625,0.5224609375,0.5,1.2608695652173914,,0.0,99,99,0,99,1.0,0.3552,0.0281,,,,0.509698275862069,,
M0.75,0,92170,0.75,0.0,z,R,,0.19790611279972983,rule #2.1,0.7578125,0.5727275583004008,0.7888327400871942,0.12498713119674221,0.6875,0.9990234375,1.0,0.5166340508806262,0.515625,0.2587890625,0,99,0,99,0.01,0.0004,0.0001,3.0,3.0,1.0,0.7392241379310345,0.86279296875,0.0001
M0.75,0,92170,0.75,0.0,z,R,,0.19790611279972983,BF_1,0.763671875,0.5494378698629678,0.785379216354166,0.12844065492977041,0.71875,1.0,1.0,0.52734375,0.52734375,0.2646484375,0,99,0,99,0.01,0.0003,0.0001,3.0,3.0,1.0,0.7489224137931034,0.880859375,0.0001
M0.75,0,92170,0.75,0.0,z,R,,0.19790611279972983,BF_2,0.7666015625,0.5609988971209114,0.7835344179785901,0.13028545330534624,0.75,0.9990234375,1.0,0.5342465753424658,0.533203125,0.267578125,0,99,0,99,0.01,0.0003,0.0001,3.0,3.0,1.0,0.7532327586206896,0.830078125,0.0001
M0.75,0,92170,0.75,0.0,z,R,,0.19790611279972983,BF_3,0.744140625,0.5400504753234545,0.7944890597087997,0.1193308115751367,0.71875,0.9990234375,1.0,0.4892367906066536,0.48828125,0.2451171875,0,99,0,99,0.01,0.0003,0.0001,3.0,3.0,1.0,0.7338362068965517,0.791015625,0.0001
M0.75,0,92170,0.75,0.0,z,R,,0.19790611279972983,BF_4,0.765625,0.5547272101745875,0.7954415051288931,0.11837836615504327,0.71875,0.9990234375,1.0,0.5322896281800391,0.53125,0.2666015625,0,99,0,99,0.01,0.0003,0.0001,3.0,3.0,1.0,0.7532327586206896,0.7578125,0.0003
M0.75,0,92170,0.75,0.0,z,R,,0.19790611279972983,N1,0.4990234375,0.0,0.9138198712839364,0.0,0.5,0.498046875,0.5,,,0.0,99,99,0,99,1.0,0.5092,0.5257,,,,0.4822198275862069,,
M0.75,1,92171,0.75,0.0,z,R,,0.1938534278959811,rule #2.1,0.66845703125,0.39359594227953965,0.825689087801954,0.08394164021599548,0.59375,0.9541015625,1.0,0.3709677419354839,0.3369140625,0.14990234375,0,99,0,99,0.01,0.0094,0.0001,3.0,3.0,1.0,0.6341594827586207,0.73193359375,0.0007
M0.75,1,92171,0.75,0.0,z,R,,0.1938534278959811,BF_1,0.6708984375,0.3788903523486935,0.8294922964924216,0.08013843152552791,0.65625,0.9404296875,1.0,0.38802660753880264,0.341796875,0.15234375,0,99,0,99,0.01,0.0086,0.0001,3.0,3.0,1.0,0.6368534482758621,0.720703125,0.0011
M0.75,1,92171,0.75,0.0,z,R,,0.1938534278959811,BF_2,0.685546875,0.37476714621921947,0.8307362457800712,0.07889448223787832,0.625,0.9580078125,1.0,0.4051172707889126,0.37109375,0.1669921875,0,99,0,99,0.01,0.0041,0.0001,3.0,3.0,1.0,0.6530172413793104,0.7177734375,0.0015
M0.75,1,92171,0.75,0.0,z,R,,0.1938534278959811,BF_3,0.669921875,0.3583190673103527,0.8368723044645965,0.07275842355335305,0.625,0.966796875,1.0,0.36401673640167365,0.33984375,0.1513671875,0,99,0,99,0.01,0.008,0.0002,3.0,3.0,1.0,0.6357758620689655,0.66796875,0.0095
M0.75,1,92171,0.75,0.0,z,R,,0.1938534278959811,BF_4,0.6748046875,0.36494076124323804,0.8372575647850353,0.0723731632329142,0.625,0.97265625,1.0,0.36983471074380164,0.349609375,0.15625,0,99,0,99,0.01,0.0073,0.0001,3.0,3.0,1.0,0.6411637931034483,0.662109375,0.0113
M0.75,1,92171,0.75,0.0,z,R,,0.1938534278959811,N1,0.5185546875,0.0,0.9096307280179495,0.0,0.46875,0.521484375,0.5,0.8636363636363636,,0.0,99,99,0,99,1.0,0.4001,0.1804,,,,0.47198275862068967,,
M0.75,2,92172,0.75,0.0,z,U,,0.1955420466058764,rule #2.1,0.689453125,0.5048546466892705,0.7444098892198874,0.10256309524635399,0.65625,0.9990234375,1.0,0.3796477495107632,0.37890625,0.224609375,0,99,0,99,0.01,0.0034,0.0001,3.0,3.0,1.0,0.6799568965517241,0.78125,0.0001
M0.75,2,92172,0.75,0.0,z,U,,0.1955420466058764,BF_1,0.6640625,0.4839359219520878,0.7411319601526657,0.10584102431357567,0.625,1.0,1.0,0.328125,0.328125,0.19921875,0,99,0,99,0.01,0.0121,0.0001,3.0,3.0,1.0,0.6551724137931034,0.765625,0.0001
M0.75,2,92172,0.75,0.0,z,U,,0.1955420466058764,BF_2,0.685546875,0.5235521594573893,0.7333352178035559,0.11363776666268544,0.65625,1.0,1.0,0.37109375,0.37109375,0.220703125,0,99,0,99,0.01,0.0046,0.0001,3.0,3.0,1.0,0.6745689655172413,0.8095703125,0.0001
M0.75,2,92172,0.75,0.0,z,U,,0.1955420466058764,BF_3,0.6630859375,0.5038125411848644,0.7355285973939648,0.11144438707227655,0.59375,1.0,1.0,0.326171875,0.326171875,0.1982421875,0,99,0,99,0.01,0.0118,0.0001,3.0,3.0,1.0,0.65625,0.771484375,0.0001
M0.75,2,92172,0.75,0.0,z,U,,0.1955420466058764,BF_4,0.69921875,0.5416157136673903,0.7276600972590748,0.1193128872071666,0.625,1.0,1.0,0.3984375,0.3984375,0.234375,0,99,0,99,0.01,0.003,0.0001,3.0,3.0,1.0,0.6756465517241379,0.7890625,0.0001
M0.75,2,92172,0.75,0.0,z,U,,0.1955420466058764,N1,0.46484375,0.0,0.8469729844662414,0.0,0.40625,0.4736328125,0.5,,,0.0,99,99,0,99,1.0,0.6855,0.9988,,,,0.4525862068965517,,
M0.75,3,92173,0.75,0.0,z,U,,0.20364741641337386,rule #2.1,0.6806640625,0.33685456963341553,0.7903020213200598,0.07160374339965214,0.65625,0.9599609375,1.0,0.39278131634819535,0.361328125,0.19921875,0,99,0,99,0.01,0.0061,0.0001,3.0,3.0,1.0,0.665948275862069,0.716796875,0.0008
M0.75,3,92173,0.75,0.0,z,U,,0.20364741641337386,BF_1,0.6611328125,0.309504378955503,0.7897083950928765,0.07219736962683543,0.59375,0.958984375,1.0,0.35106382978723405,0.322265625,0.1796875,0,99,0,99,0.01,0.0122,0.0002,3.0,3.0,1.0,0.6530172413793104,0.7236328125,0.0006
M0.75,3,92173,0.75,0.0,z,U,,0.20364741641337386,BF_2,0.626953125,0.21735533296023468,0.8203692497428455,0.04153651497686639,0.5625,0.9521484375,1.0,0.28077753779697623,0.25390625,0.1455078125,0,99,0,99,0.01,0.0393,0.0057,3.0,3.0,1.0,0.615301724137931,0.6533203125,0.0179
M0.75,3,92173,0.75,0.0,z,U,,0.20364741641337386,BF_3,0.6103515625,0.19118587323598746,0.8257602938397239,0.036145470879987984,0.625,0.9619140625,1.0,0.23890063424947147,0.220703125,0.12890625,0,99,0,99,0.01,0.0656,0.0148,3.0,3.0,1.0,0.5991379310344828,0.5966796875,0.0931
M0.75,3,92173,0.75,0.0,z,U,,0.20364741641337386,BF_4,0.6044921875,0.1862799017323955,0.8299871229067142,0.03191864181299775,0.625,0.99609375,1.0,0.2106299212598425,0.208984375,0.123046875,0,99,0,99,0.01,0.0767,0.0264,3.0,3.0,1.0,0.59375,0.59765625,0.0897
M0.75,3,92173,0.75,0.0,z,U,,0.20364741641337386,N1,0.4814453125,0.0,0.8619057647197119,0.0,0.46875,0.4833984375,0.5,,,0.0,99,99,0,99,1.0,0.6035,0.8357,,,,0.49622844827586204,,
M0.75,4,92174,0.75,0.0,z,R,,0.19351570415400202,rule #2.1,0.6962890625,0.49985419086184013,0.7980379482155093,0.08852141251599155,0.625,1.0,1.0,0.392578125,0.392578125,0.1689453125,0,99,0,99,0.01,0.0032,0.0003,3.0,1.0,1.0,0.6864224137931034,0.7509765625,0.0001
M0.75,4,92174,0.75,0.0,z,R,,0.19351570415400202,BF_1,0.7216796875,0.5004015657752816,0.7874714681660435,0.09908789256545736,0.625,1.0,1.0,0.443359375,0.443359375,0.1943359375,0,99,0,99,0.01,0.0009,0.0001,3.0,1.0,1.0,0.7144396551724138,0.7822265625,0.0001
M0.75,4,92174,0.75,0.0,z,R,,0.19351570415400202,BF_2,0.716796875,0.4937293203542392,0.7897174653420627,0.09684189538943822,0.65625,1.0,1.0,0.43359375,0.43359375,0.189453125,0,99,0,99,0.01,0.0014,0.0001,3.0,3.0,1.0,0.7112068965517241,0.755859375,0.0005
M0.75,4,92174,0.75,0.0,z,R,,0.19351570415400202,BF_3,0.68359375,0.4018949647616725,0.8140218488424618,0.07253751188903912,0.65625,1.0,1.0,0.3671875,0.3671875,0.15625,0,99,0,99,0.01,0.0048,0.0006,3.0,3.0,1.0,0.6788793103448276,0.685546875,0.0057
M0.75,4,92174,0.75,0.0,z,R,,0.19351570415400202,BF_4,0.681640625,0.39993526809756785,0.8070516503148134,0.07950771041668747,0.65625,1.0,1.0,0.36328125,0.36328125,0.154296875,0,99,0,99,0.01,0.0061,0.0006,3.0,3.0,1.0,0.6799568965517241,0.7216796875,0.0015
M0.75,4,92174,0.75,0.0,z,R,,0.19351570415400202,N1,0.52734375,0.0,0.8865593607315009,0.0,0.53125,0.505859375,0.5,4.666666666666667,,0.0,99,99,0,99,1.0,0.3486,0.0611,,,,0.5188577586206896,,
M0.85,0,92180,0.85,0.0,z,R,,0.19047619047619047,rule #2.1,0.90283203125,1.227000632800126,0.6319528412108868,0.22472387826358742,0.8125,1.0,1.0,0.8056640625,0.8056640625,0.40478515625,0,99,0,99,0.01,0.0001,0.0001,1.0,1.0,1.0,0.8927801724137931,0.90283203125,0.0001
M0.85,0,92180,0.85,0.0,z,R,,0.19047619047619047,BF_1,0.888671875,1.1588900808848988,0.6197720642283548,0.23690465524611937,0.8125,1.0,1.0,0.77734375,0.77734375,0.390625,0,99,0,99,0.01,0.0001,0.0001,1.0,1.0,1.0,0.8771551724137931,0.888671875,0.0001
M0.85,0,92180,0.85,0.0,z,R,,0.19047619047619047,BF_2,0.7890625,0.7474329847745836,0.6940979862602201,0.1625787332142541,0.71875,1.0,1.0,0.578125,0.578125,0.291015625,0,99,0,99,0.01,0.0001,0.0001,3.0,3.0,1.0,0.7704741379310345,0.833984375,0.0001
M0.85,0,92180,0.85,0.0,z,R,,0.19047619047619047,BF_3,0.779296875,0.7418768075122442,0.6938628833243091,0.1628138361501651,0.6875,0.99609375,1.0,0.562992125984252,0.55859375,0.28125,0,99,0,99,0.01,0.0001,0.0001,3.0,3.0,1.0,0.7618534482758621,0.7705078125,0.0001
M0.85,0,92180,0.85,0.0,z,R,,0.19047619047619047,BF_4,0.775390625,0.7242824209519407,0.703811527615496,0.15286519185897818,0.65625,0.9970703125,1.0,0.5540275049115914,0.55078125,0.27734375,0,99,0,99,0.01,0.0001,0.0001,3.0,3.0,1.0,0.7650862068965517,0.7451171875,0.0008
M0.85,0,92180,0.85,0.0,z,R,,0.19047619047619047,N1,0.498046875,0.0,0.8566767194744742,0.0,0.5,0.4931640625,0.5,,,0.0,99,99,0,99,1.0,0.5168,0.5584,,,,0.46336206896551724,,
M0.85,1,92181,0.85,0.0,z,R,,0.19959473150962512,rule #2.1,0.771484375,0.690838805554897,0.6602925173609782,0.15119196176943495,0.75,0.9912109375,1.0,0.5526838966202783,0.54296875,0.259765625,0,99,0,99,0.01,0.0005,0.0001,3.0,3.0,1.0,0.75,0.837890625,0.0001
M0.85,1,92181,0.85,0.0,z,R,,0.19959473150962512,BF_1,0.7763671875,0.6406526528086772,0.667533828203581,0.14395065092683212,0.71875,0.9921875,1.0,0.5615079365079365,0.552734375,0.2646484375,0,99,0,99,0.01,0.0003,0.0001,3.0,3.0,1.0,0.759698275862069,0.8544921875,0.0001
M0.85,1,92181,0.85,0.0,z,R,,0.19959473150962512,BF_2,0.7470703125,0.5915198789800201,0.6833556815811345,0.12812879754927864,0.6875,0.99609375,1.0,0.49803149606299213,0.494140625,0.2353515625,0,99,0,99,0.01,0.0003,0.0001,3.0,3.0,1.0,0.728448275862069,0.8212890625,0.0001
M0.85,1,92181,0.85,0.0,z,R,,0.19959473150962512,BF_3,0.751953125,0.6332293920240779,0.6771291842778224,0.13435529485259068,0.71875,0.994140625,1.0,0.5098814229249012,0.50390625,0.240234375,0,99,0,99,0.01,0.0004,0.0001,3.0,3.0,1.0,0.7381465517241379,0.8046875,0.0001
M0.85,1,92181,0.85,0.0,z,R,,0.19959473150962512,BF_4,0.7705078125,0.6356495363087833,0.6755506144002928,0.13593386473012026,0.75,0.994140625,1.0,0.5474308300395256,0.541015625,0.2587890625,0,99,0,99,0.01,0.0002,0.0001,3.0,3.0,1.0,0.7575431034482759,0.822265625,0.0001
M0.85,1,92181,0.85,0.0,z,R,,0.19959473150962512,N1,0.51171875,0.0,0.8114844791304131,0.0,0.46875,0.5166015625,0.5,0.7058823529411765,,0.0,99,99,0,99,1.0,0.4478,0.2676,,,,0.4886853448275862,,
M0.85,2,92182,0.85,0.0,z,R,,0.19250253292806485,rule #2.1,0.7314453125,0.6618087771569223,0.7488689550855521,0.137370838694154,0.71875,0.966796875,1.0,0.49581589958158995,0.462890625,0.2255859375,0,99,0,99,0.01,0.0008,0.0001,3.0,3.0,1.0,0.7122844827586207,0.82421875,0.0001
M0.85,2,92182,0.85,0.0,z,R,,0.19250253292806485,BF_1,0.7333984375,0.6473492072968183,0.7450999606004158,0.14113983317929024,0.75,0.9677734375,1.0,0.4989561586638831,0.466796875,0.2275390625,0,99,0,99,0.01,0.0007,0.0001,3.0,3.0,1.0,0.7133620689655172,0.806640625,0.0002
M0.85,2,92182,0.85,0.0,z,R,,0.19250253292806485,BF_2,0.748046875,0.640518551582848,0.7433514222164679,0.1428883715632382,0.75,0.9970703125,1.0,0.49901768172888017,0.49609375,0.2421875,0,99,0,99,0.01,0.0005,0.0001,3.0,3.0,1.0,0.7273706896551724,0.7998046875,0.0001
M0.85,2,92182,0.85,0.0,z,R,,0.19250253292806485,BF_3,0.7509765625,0.7155648738139148,0.7330626183671567,0.15317717541254938,0.75,0.998046875,1.0,0.503921568627451,0.501953125,0.2451171875,0,99,0,99,0.01,0.0006,0.0001,3.0,3.0,1.0,0.7295258620689655,0.79296875,0.0002
M0.85,2,92182,0.85,0.0,z,R,,0.19250253292806485,BF_4,0.74609375,0.7036600044861298,0.7440212744392729,0.14221851934043317,0.71875,0.9970703125,1.0,0.4950884086444008,0.4921875,0.240234375,0,99,0,99,0.01,0.0008,0.0001,3.0,3.0,1.0,0.7252155172413793,0.77734375,0.0002
M0.85,2,92182,0.85,0.0,z,R,,0.19250253292806485,N1,0.505859375,0.0,0.8862397937797061,0.0,0.5,0.498046875,0.5,,,0.0,99,99,0,99,1.0,0.4774,0.3852,,,,0.5005387931034483,,
M0.85,3,92183,0.85,0.0,z,R,,0.198919284025667,rule #2.1,0.724609375,0.41306902504171195,0.8231830027379134,0.0994509650754225,0.6875,0.9833984375,1.0,0.46464646464646464,0.44921875,0.216796875,0,99,0,99,0.01,0.0008,0.0001,3.0,3.0,1.0,0.7359913793103449,0.7646484375,0.0001
M0.85,3,92183,0.85,0.0,z,R,,0.198919284025667,BF_1,0.7197265625,0.4135042852327857,0.8293697059296453,0.09326426188369064,0.6875,0.9814453125,1.0,0.4563894523326572,0.439453125,0.2119140625,0,99,0,99,0.01,0.0008,0.0001,3.0,3.0,1.0,0.740301724137931,0.767578125,0.0001
M0.85,3,92183,0.85,0.0,z,R,,0.198919284025667,BF_2,0.70703125,0.41838065893853305,0.8267756391097811,0.09585832870355482,0.625,0.9873046875,1.0,0.4248496993987976,0.4140625,0.19921875,0,99,0,99,0.01,0.0016,0.0001,3.0,3.0,1.0,0.7252155172413793,0.7392578125,0.0002
M0.85,3,92183,0.85,0.0,z,R,,0.198919284025667,BF_3,0.7080078125,0.4138071648506709,0.824712685979466,0.09792128183386994,0.65625,0.994140625,1.0,0.4209486166007905,0.416015625,0.2001953125,0,99,0,99,0.01,0.0015,0.0001,3.0,3.0,1.0,0.7219827586206896,0.712890625,0.0018
M0.85,3,92183,0.85,0.0,z,R,,0.198919284025667,BF_4,0.677734375,0.3462458757597575,0.8422815607703568,0.08035240704297919,0.625,1.0,1.0,0.35546875,0.35546875,0.169921875,0,99,0,99,0.01,0.0061,0.0001,3.0,3.0,1.0,0.7004310344827587,0.638671875,0.0283
M0.85,3,92183,0.85,0.0,z,R,,0.198919284025667,N1,0.5078125,0.0,0.922633967813336,0.0,0.5,0.5068359375,0.5,1.1428571428571428,,0.0,99,99,0,99,1.0,0.4598,0.3366,,,,0.5237068965517241,,
M0.85,4,92184,0.85,0.0,z,G,no information (rule #2.1's ceiling_full = 0.9863 >= 0.90),0.1928402566700439,rule #2.1,0.5419921875,0.1840176610130857,0.8649854703472415,0.014183822777332988,0.5,0.986328125,1.0,0.08634538152610442,0.083984375,0.0400390625,1,99,0,99,0.02,0.2872,0.1733,3.0,3.0,1.0,0.5237068965517241,0.5498046875,0.2545
M0.85,4,92184,0.85,0.0,z,G,no information (rule #2.1's ceiling_full = 0.9863 >= 0.90),0.1928402566700439,BF_1,0.56640625,0.19111708105386138,0.847707192096772,0.03146210102780245,0.5,0.99609375,1.0,0.13385826771653545,0.1328125,0.064453125,0,99,0,99,0.01,0.1863,0.0805,3.0,3.0,1.0,0.5538793103448276,0.5693359375,0.1758
M0.85,4,92184,0.85,0.0,z,G,no information (rule #2.1's ceiling_full = 0.9863 >= 0.90),0.1928402566700439,BF_2,0.5546875,0.1967164657731031,0.8465594132022475,0.032609879922327,0.53125,0.99609375,1.0,0.11023622047244094,0.109375,0.052734375,0,99,0,99,0.01,0.2321,0.127,3.0,3.0,1.0,0.5387931034482759,0.564453125,0.1926
M0.85,4,92184,0.85,0.0,z,G,no information (rule #2.1's ceiling_full = 0.9863 >= 0.90),0.1928402566700439,BF_3,0.55859375,0.20392537499250007,0.8468939309562433,0.032275362168331156,0.5625,0.99609375,1.0,0.11811023622047244,0.1171875,0.056640625,0,99,0,99,0.01,0.2196,0.1305,3.0,3.0,1.0,0.5441810344827587,0.5625,0.1999
M0.85,4,92184,0.85,0.0,z,G,no information (rule #2.1's ceiling_full = 0.9863 >= 0.90),0.1928402566700439,BF_4,0.576171875,0.22363083851544951,0.8517897554213141,0.027379537703260404,0.5625,0.9990234375,1.0,0.15264187866927592,0.15234375,0.07421875,0,99,0,99,0.01,0.1527,0.0554,3.0,3.0,1.0,0.5646551724137931,0.578125,0.1414
M0.85,4,92184,0.85,0.0,z,G,no information (rule #2.1's ceiling_full = 0.9863 >= 0.90),0.1928402566700439,N1,0.501953125,0.0,0.8791692931245745,0.0,0.53125,0.5029296875,0.5,0.6666666666666666,,0.0,99,99,0,99,1.0,0.4941,0.4484,,,,0.505926724137931,,
