# source=flyvis 1.2.0 : connectome/fib25-fib19_v2.2.json; json_sha256=bfbb0766251ff09e22723d0ebbf7b14793e70b3ae8ad0eea64eac9d28223351a; compiled=FLYVIS_ROOT_DIR/connectome/ConnectomeFromAvgFilters_0000 (extent 15, n_syn_fill 1); script=results/genome/bank/extract_bank.py sha256=eea3815e8b0b79290d77b22dc3a5085bd8f3ee8ed4299ea1d449bc02b475f4c6; see bank.meta.json; birth_id=sha256('cs-birth-v1|type|NAME' or 'cs-birth-v1|pair|SRC->TAR')[:12]; next_display_no=671; rule=REGISTRY.md
birth_id,display_no,kind,birth_key,generation_born,parent_ids,src_birth_id,tar_birth_id,expressed_in_compiled_bank,content_sha256
ae7eec9cc6aa,1,type,type:Am,0,,,,True,ac759916c427dc262d94419f21669bf4e88dced1b1286bbdecef08fb10effbb8
ac7377b4f393,2,type,type:C2,0,,,,True,f732f5b63d20ff93d0964fa363815aaffdfdbe6e439a659022a7ab133b86bddf
6182a4f16e6d,3,type,type:C3,0,,,,True,a7ffdd1d380499eb5406175622a62f78511f3dd960212826bb71ec915a7ea670
7c280b5b9f34,4,type,type:CT1(Lo1),0,,,,True,38475c1e4bce927863cdf23f6d3a5ff493a0c7518f9d9830fe9c3360283f3a55
63667a4a1a53,5,type,type:CT1(M10),0,,,,True,5f3caceaa9b6c5276eda2134e752b6f160391d016c9c4f3f2deb90b1cef72f42
ad5110ebac00,6,type,type:L1,0,,,,True,e8ee02dc055594a54b680f1c49ad85c733bf3f7b7492c05998ecafd5bb2f1e3e
36f25ce16c8f,7,type,type:L2,0,,,,True,ba099e2d97ed2e40824215aee5491085ff990bd315cf679cc0a92dfe776531ee
fd5e84317740,8,type,type:L3,0,,,,True,84aac79398700d5befdc02ac8ab12e07767bec3f765adb17b048a0cda6ac4f79
7c19534e0d84,9,type,type:L4,0,,,,True,48fd10c445ada7175c0a0749ea79a8b5d4c5d04dac0c4819affff0a068d41a16
cc98a8db805e,10,type,type:L5,0,,,,True,dedcc968f4e7e723244ab82f1f5a0c5f1e7b12f68ba6896c1da77305eb8a7194
2627beca1340,11,type,type:Lawf1,0,,,,True,64223a48f6bd715ef854b6e0219a3aa80841afb739ca837ab407e948a86b9f72
3a1e8d7d01c3,12,type,type:Lawf2,0,,,,True,31293686bb20ecab871b0d4dd744e6f4809b44374264b335bb8522f0a62023f9
af1ee12c7a13,13,type,type:Mi1,0,,,,True,1ab2f89a4328110081221aae9c95a3a44b318e2acf223dd5c8c6bad916da9b1d
59362ec08e0b,14,type,type:Mi10,0,,,,True,294f9c3b85f93287b81d1fe9f7af9d0a4761c1f6b125fdf4b763dccffb32573e
f8c7207459cd,15,type,type:Mi11,0,,,,True,b033bc078d936d74b2d754815a3f3e323d9057ca2187ae45eb93a3fa092fd3ef
22599a5bd694,16,type,type:Mi12,0,,,,True,3e3df06206a236c65c76a678243072ee771f7124464e2283d632d21a83f5dc7c
7fd7d345df8e,17,type,type:Mi13,0,,,,True,0f43247586418051bfdbb701293a630f8dcdbe3e40f8df7f4e181fc902d37c8b
b33da6e1384a,18,type,type:Mi14,0,,,,True,e752e84f42fb46d5947f90822a29b337d0433d2cad06904bed44d7ea09e52a52
4dd1eb26b0df,19,type,type:Mi15,0,,,,True,43b4f9af962f53bda2dccd55f30ff57466df6bc3a4a7a8c7957a7a7f0eea2865
8d98b9eb6175,20,type,type:Mi2,0,,,,True,44df10edbc5aac1ce687bead1e054a36daa01edca9d93df7aa59f8dbd1a7ba5f
0172ab6332cf,21,type,type:Mi3,0,,,,True,5c6bbd999d9ae22282fad35b31c3d7bbb3b9d1dea093e9efc5aa627f83dfa8b7
7c9f2d10b0f7,22,type,type:Mi4,0,,,,True,599150871bd497e2749eee6c0e5f9f144c737c06cd3736d0b604600d6d66477f
760f78ba3287,23,type,type:Mi9,0,,,,True,a6886cd23d9f99ee58a751102d74fbaa11cd2d9abfb6289f634e5f3558aeb0a3
9654b247b494,24,type,type:R1,0,,,,True,5f29fb76f28f1786f22e694b7faf1b0c5ccb0f2044ce86e1c84e16ec9e75d277
b075082bb026,25,type,type:R2,0,,,,True,28c011e2ed876a2e598038a1f5cdbf0f05b75c7248f560ad357c04e657d7215c
a9358d78ca90,26,type,type:R3,0,,,,True,ccd7f798225600d838f2a30a9e522c310d9e867e469b3303daa3f60c06687bd2
d54d0db004dc,27,type,type:R4,0,,,,True,54fe8308bfc78f6cca1a1045e0050ede4d946001ae672879b478def737dace3d
bf135de1db2a,28,type,type:R5,0,,,,True,647d307eac7159f6336f2eabaccdd2b2d724fcc09345f8cfb35b0ceaf7c5caf9
ef2dad65a896,29,type,type:R6,0,,,,True,3922e31f17bbc28ff7b921ef859466a671966b500c8a86a467f8b85962dbb5dc
ee8007a1d4ca,30,type,type:R7,0,,,,True,8b6316f9c757f9b72cb95d194878f944666fab0a6428e34dab69fca4b783b969
8c5b077524c1,31,type,type:R8,0,,,,True,c782fbb763bbd4df6a3832566a0663842a17675117a4189a262b2a6f5cb8f5f9
7fccce4faa2f,32,type,type:T1,0,,,,True,05ae6ae23352df6a10d1a060f757d364c8060cc91496a1eff6d9af86747bbd33
2c81c87fcf2c,33,type,type:T2,0,,,,True,bd80dc9c4ee0cd0a0a139c480bc1ed24531b9950553bd33fe32f598cfde96131
e4707238632a,34,type,type:T2a,0,,,,True,3c80c884b2049c50e88ade8c9495d335bc2488d9edeaf39be07002218558e553
3b9aa8bb490c,35,type,type:T3,0,,,,True,e30564b12b3b5eda6da2f2bcc253e971f86edfe6fe74daf4fa9d95e7e5f63cf1
a722a78be07c,36,type,type:T4a,0,,,,True,d5239668a0995019e50f8a04ab0f378d415d58c6d670207ed3b40843ece1eb13
8dac2399d9d3,37,type,type:T4b,0,,,,True,dda478977e73c3cd078b113710e78566f7d1c2bac635a1fe24ecd72ea62cc820
3a2a1325fb93,38,type,type:T4c,0,,,,True,7696c13a1b71ee9af69af4baf626141649882ceb8ce63f3eb07b8ba3abf16315
0645a54521a8,39,type,type:T4d,0,,,,True,7e33282e5594db8de034cf51694bfa969a98c9e3e9aebf3da8f075107f2c531a
9fd1579bc37e,40,type,type:T5a,0,,,,True,2782380b6f6e35e196c97b90e8b9944c8e1030cf8427d8d093163ff6039dea2c
3c304e466112,41,type,type:T5b,0,,,,True,4203eb2daa93959c3a36fad216486f59fbbe200538fd61054e77ec214cd475fd
4236c6342cc5,42,type,type:T5c,0,,,,True,126ec788857ca7e95b81eb59da78320a97f7411e62e20575ce9adf29df3bdc1a
f0bbaae7f4af,43,type,type:T5d,0,,,,True,465aca4550d679adc15dac07e1af061cd92a32cdacaedb96d71485ae61c40e8b
6b080cbcddcf,44,type,type:Tm1,0,,,,True,049e1c8e673021ed227b01258cc35d70ea885cc80dd7d4b7963000209e01c614
7a0908bbdc11,45,type,type:Tm16,0,,,,True,9c511daa269a43aa954c6c0f5b9757bb23d149b3e3c3ab81a7e1dc53d0df5d8a
1716679973ed,46,type,type:Tm2,0,,,,True,2b6d19b84bd3684d4bfe360863ea7213cd0e7a9892ad02dfb9eca1386ec29569
5202f2beeefe,47,type,type:Tm20,0,,,,True,858df91b58c5d33d2508aca5be1eb89c3d1db3156990254b2e76666731f424b4
0a8ba80929dc,48,type,type:Tm28,0,,,,True,a6565290366fbbdaba2d8afe8fba32a7a30152e8efa33b359ee35e638b9cccda
1d04dc9e4e44,49,type,type:Tm3,0,,,,True,e3900404f958a55d343e2f1f59c2700cf6f5f4777f098808fe4a0dd8cf161cef
fabbe5261153,50,type,type:Tm30,0,,,,True,b2cc27814c41bccc30e2c6d4ef6f9adfc829c8d3eb5438b4caab8ca6722a6e27
8f9d79739978,51,type,type:Tm4,0,,,,True,6b4d5259adb1aab0adb08a495916cb0d8a050d62cebf099208ad3167a7e68cc3
05257d37421c,52,type,type:Tm5Y,0,,,,True,22526767b7b72c4e5e25f4897f98ee0c58a2cb23d5485e6573b61915522eab61
e2174a9084c8,53,type,type:Tm5a,0,,,,True,46d725a286294dfe56415e4d9973b1bf61b85d31d354cfd5816731959e151ec0
5bd7d91f26e1,54,type,type:Tm5b,0,,,,True,86719f6aee562fbd6b6b6ad94cfbde7e8893ebc2fac97bedff40cb6473b22088
2455576c666d,55,type,type:Tm5c,0,,,,True,d93e6bcef748da46c1952bfe07a51d8289e74b2d50f08c4a4fb35b4cfc81fe16
d00cef6913df,56,type,type:Tm9,0,,,,True,a3bdb5935121df330a3925ea1f49b4b4aa679ee3ca0c2e9c5d2adbbb0b65b6b7
d1d3392c46d1,57,type,type:TmY10,0,,,,True,e0c21edbafac0759bdeccd91b6679a44951e31c00c14ebfc6efbdd82c5d6cd9d
e8c21941580e,58,type,type:TmY13,0,,,,True,42bc3990e11ede6c4043a6491aef60e91461b621381055b438f9ad366b0b1d45
28a670a5d3c8,59,type,type:TmY14,0,,,,True,b10af942dfe1d429e30c6ac7f71725566f4edeed89ea9ba679f97fd49f1d3db7
18fb00442a43,60,type,type:TmY15,0,,,,True,66d5a53bf4c19cd047eac9a32116fe889357f59d864926534a5079142b1719da
dd5eb1fb0caf,61,type,type:TmY18,0,,,,True,a9f26e42f3a886015518bddbf0f0b226cd80229d015f9ca457d20e6b349efd44
607b8ed34a33,62,type,type:TmY3,0,,,,True,6c6d674e16768676e4e730925c1a10eab635249ee53bd8d0e46b0a5868adfdbb
887ba31d1e5d,63,type,type:TmY4,0,,,,True,dab55e620a05e8a1e8df0c402d101a12521932fb8d1aa3409ff77c305f3a5016
3ad6ff7262ce,64,type,type:TmY5a,0,,,,True,2db15da4f540896ec26333365de2dc8421940b6a828c2bba7c007d035a7f9b80
7af2610d274e,65,type,type:TmY9,0,,,,True,78ddf0530b18a08fdef6ecb24f3ad51e6082a99ee7629191d402d2a18ad2bc60
21ffbb33d36c,66,pair,pair:Am>C2,0,,ae7eec9cc6aa,ac7377b4f393,True,fdf92970bc67c4a1888cfdc7ff323b5f32e17b6b29281a647b9d9ca1c5a557b3
e8e99be360fe,67,pair,pair:Am>C3,0,,ae7eec9cc6aa,6182a4f16e6d,True,4982ba64c3720d75fd59d00c72c978c48d6929594d1e40d782d1c697838be731
7f36cc9fe4e0,68,pair,pair:Am>L1,0,,ae7eec9cc6aa,ad5110ebac00,True,d6a6596b5655b8476f583a2631c744cd3acdaffd11f04f075baa2336a1cd0469
51e1a8237a96,69,pair,pair:Am>L2,0,,ae7eec9cc6aa,36f25ce16c8f,True,478a882442cb49d437af29eb477736c4050fa49d71c2e00fbdaff803d2e305e9
e6842946cc29,70,pair,pair:Am>L3,0,,ae7eec9cc6aa,fd5e84317740,True,cdc7ceade300c0706b332196b2c29518c99a741e040f1afe11a7e5808c0ce53f
f356949efd24,71,pair,pair:Am>L4,0,,ae7eec9cc6aa,7c19534e0d84,True,44f62fb755974ba1da9c3b11b8c281d82f8ac10e3dbe006183fe1ad26ea6196c
f087ac945f65,72,pair,pair:Am>R1,0,,ae7eec9cc6aa,9654b247b494,True,39b34bdc8b8e0752299917724aa5b55cd4f66f54e33d53ea498d508ecdac2ca6
9b8688e42334,73,pair,pair:Am>R2,0,,ae7eec9cc6aa,b075082bb026,True,e64b643732cf533bdc34a8023e9be560e6c57e545c340a404ed46f71bdf128db
1e83a82e5c40,74,pair,pair:Am>R4,0,,ae7eec9cc6aa,d54d0db004dc,True,09c0a0ab8aeb7b0b62625ab853b91f4ed12f4219c2556451bf71ce32138969c5
c76d4e39de2d,75,pair,pair:Am>R5,0,,ae7eec9cc6aa,bf135de1db2a,True,6b0842d327819a83467cd67e2492d23271fdb8f351437ff82b08d20a384a7530
99c796503da4,76,pair,pair:Am>T1,0,,ae7eec9cc6aa,7fccce4faa2f,True,38e062d2257fd0216d1fa7bc844b2bd96e971d46c15e75373d39026aeff55820
d29ae87a9af9,77,pair,pair:C2>Am,0,,ac7377b4f393,ae7eec9cc6aa,True,cb5cf1e0999a2dc2a5e18de52d9a15d9eb8b5b18dc6092c45adcbbff849a3c2a
df940f36bde0,78,pair,pair:C2>L1,0,,ac7377b4f393,ad5110ebac00,True,f77409f8393d800817f15dbb13c9c7ea1c72a0ca97c849d4d0f66ea3b370d8ab
72c62138dfc1,79,pair,pair:C2>L2,0,,ac7377b4f393,36f25ce16c8f,True,7fcfcba3e351565b9b52b17008e3eee77f73ae7f7c6d1c84c752eb222a91903f
c62711971002,80,pair,pair:C2>L3,0,,ac7377b4f393,fd5e84317740,True,66d4789414c7569cfdfac7867ff08718d111abae844cca2246aca6f0e79b7dd0
1ca0d8f910da,81,pair,pair:C2>L4,0,,ac7377b4f393,7c19534e0d84,True,ad673a00880b4b2b964608eb5d1171066484c99ad20c8954d5c43f4424d1b556
86123b231217,82,pair,pair:C2>L5,0,,ac7377b4f393,cc98a8db805e,True,1fc1287ad4f3f650d2df474328cfa37155b4ffe7f77df8b205cb5bcaeb9e3b97
238b249ef926,83,pair,pair:C2>Lawf2,0,,ac7377b4f393,3a1e8d7d01c3,True,2af4ba5f6c9dbd5d2a2e1bd12c1921291966d553a16bbf88be70a0f6449a289a
c5440d266bfa,84,pair,pair:C2>Mi1,0,,ac7377b4f393,af1ee12c7a13,True,8e5a80d7e8997742860ee48169a8e6de059e7ccf046ea06861f9700d13bef5ed
78302d5f04f0,85,pair,pair:C2>T1,0,,ac7377b4f393,7fccce4faa2f,True,de162059f830721b28c09b3afacc8a5342571a713b449df2aa40fb44ebe012b2
749598e6d533,86,pair,pair:C2>T2,0,,ac7377b4f393,2c81c87fcf2c,True,03e1ddd6119706f77550fd76d9c3fe5c9ab370e8fb8c5c97ed395e2a91afc1a0
24a1f6bafcf6,87,pair,pair:C2>T4a,0,,ac7377b4f393,a722a78be07c,True,f04effb799a19211e19bbe2dffe6645236b16192916e0a04f5cca555cc3f8c86
3b0ff6ce6d57,88,pair,pair:C2>Tm1,0,,ac7377b4f393,6b080cbcddcf,True,e7decd510508016cbef907b35fc9a8f03301d80828c9adee84a49005df8872f8
96d1c15752ca,89,pair,pair:C2>Tm9,0,,ac7377b4f393,d00cef6913df,True,b6265cec6a402dd3730e5b9b26170e053407c66aee4673262e193e1836abe451
f5f8434ea743,90,pair,pair:C2>TmY14,0,,ac7377b4f393,28a670a5d3c8,True,cd30eec652a11161967fe0d85738d2d69011084789dc5e94ec57d351a23a9753
1d7d4262e341,91,pair,pair:C3>Am,0,,6182a4f16e6d,ae7eec9cc6aa,True,bf0705a3cca8d23eec897620f37b83e03dac60fd7001139ce6f73a847184b9ba
cf8f8cc4a817,92,pair,pair:C3>CT1(M10),0,,6182a4f16e6d,63667a4a1a53,True,972fb255b502425d11278a83887f7cb1d0c021a9a179e7c42ace8e4ea064a581
a7a231f0db34,93,pair,pair:C3>L1,0,,6182a4f16e6d,ad5110ebac00,True,0c4cf31781d2a18b83c3620cbb7876ac809e4643c84cdc5ea8ba68009231b8a8
1d57e6485786,94,pair,pair:C3>L2,0,,6182a4f16e6d,36f25ce16c8f,True,d9683f973d3c410223a9f0936c8a175d818305f94cc8ed95432f9b6031125abe
94fe890a6095,95,pair,pair:C3>L3,0,,6182a4f16e6d,fd5e84317740,True,482334e66c999859cd81ba1e1501febc8892a1645314e9980387708dd8e2c5c8
623f4ec0e556,96,pair,pair:C3>L5,0,,6182a4f16e6d,cc98a8db805e,True,601492b1f5eacfe086241ca1ea03dddade2f25c243d409493d7b598805909ed8
0cc1ae204b61,97,pair,pair:C3>Lawf2,0,,6182a4f16e6d,3a1e8d7d01c3,True,0781443e604da4e3455581deebcfd4492d65c6a9ea6e637aec617dd031dc11a1
1d58da322947,98,pair,pair:C3>Mi1,0,,6182a4f16e6d,af1ee12c7a13,True,ada2cbcf93b08e1e0d27ade0a10afff8841d58610f97239266f492cc13f4c049
c3aa1c56264a,99,pair,pair:C3>Mi4,0,,6182a4f16e6d,7c9f2d10b0f7,True,ada73d39f0ad68eabc958b1440b1e081b3560282bd4896857a4f579b389fdd49
6f260f8a7d92,100,pair,pair:C3>Mi9,0,,6182a4f16e6d,760f78ba3287,True,58b2d84ad6abe5734e2bd88124569562e9e7c931f5ca85bc86ea000da01e4d6e
8165d0a06315,101,pair,pair:C3>R3,0,,6182a4f16e6d,a9358d78ca90,True,7623492db13f25766975a1599991c4d73b6f29f84b8c0999b821854780906b88
6d745c8d07ef,102,pair,pair:C3>T1,0,,6182a4f16e6d,7fccce4faa2f,True,e8d2e24ffb1cbf0ce2c2e0d54563a0fcde912d1f77528d375143df67e639dc73
bdb02d6e8839,103,pair,pair:C3>T2,0,,6182a4f16e6d,2c81c87fcf2c,True,4508bdde51426922487ceb258e4a0ec8db1e19cb9cb80c2b432cc539a9d68b9d
2333c3a19c62,104,pair,pair:C3>T4a,0,,6182a4f16e6d,a722a78be07c,True,3b58405823d368b08ca467de5cda285d3b8eb45cd5ee6fc37386f29c1a39ce4a
bd7a2e470931,105,pair,pair:C3>T4b,0,,6182a4f16e6d,8dac2399d9d3,True,03b93f892bce0e85baca7f7305fa55d55796e40f5096ee11790917c5dabf729c
1bb2961ba407,106,pair,pair:C3>T4c,0,,6182a4f16e6d,3a2a1325fb93,True,64611a2f9e708e06b6024f18938fde5066572fc4a448c2d3997a0bb83835378f
bf624d8675d2,107,pair,pair:C3>T4d,0,,6182a4f16e6d,0645a54521a8,True,aa83fda76f4e96ec787581c9f01684d079eb3774c727ffa73b20c3418815b017
7ae6bb736742,108,pair,pair:C3>Tm1,0,,6182a4f16e6d,6b080cbcddcf,True,2d930f27c3248b1d5de1e25effdc4ff1ce58561cad57104dc36361a3b6df92a2
b3b0ae57e4d8,109,pair,pair:C3>Tm2,0,,6182a4f16e6d,1716679973ed,True,69f81b13fe5202c414ae73c71fedce0609dfcd164db0dfb0970cdd2d2758d6c3
e900c0f9f91a,110,pair,pair:C3>Tm20,0,,6182a4f16e6d,5202f2beeefe,True,7b3768cd3201a30df3ee43886f4c338a2473b751bb6d810949cfd90bf838f81b
d35f3c869f68,111,pair,pair:C3>Tm4,0,,6182a4f16e6d,8f9d79739978,True,56122e9681bb89d6afe566ad7d50fb1717c160764fb56a37895f9d27892cd8a4
8dc8e8da90c3,112,pair,pair:C3>Tm9,0,,6182a4f16e6d,d00cef6913df,True,50d30fe61279fd79ac009bb83e5f0f85b18ecd8c4c88b5aa916f8f3c93f624db
6a790b7f8515,113,pair,pair:CT1(Lo1)>T5a,0,,7c280b5b9f34,9fd1579bc37e,True,9246071f7a391f79f6b96924c26b8ff76ff7e2c5b4e14f912fbe9389eff90c83
1aaf0ec0bb8d,114,pair,pair:CT1(Lo1)>T5b,0,,7c280b5b9f34,3c304e466112,True,323ecbca236d83175ddba72e6f064219c61d25f0b4e3cdf5e5890534f961bfd6
498eaa1af5b6,115,pair,pair:CT1(Lo1)>T5c,0,,7c280b5b9f34,4236c6342cc5,True,b3f9a39f04130f16eabad4d0b2abc0864e91c0e4647ec00202aa9193d0399212
48e2d52caed7,116,pair,pair:CT1(Lo1)>T5d,0,,7c280b5b9f34,f0bbaae7f4af,True,dbcc7fe0d5d6d8d3ada623d1473861389fcbfa83665159d9231dd262e604bbca
423f46bc4280,117,pair,pair:CT1(Lo1)>Tm1,0,,7c280b5b9f34,6b080cbcddcf,True,4b68127d286d71a5dd64534e852d859e517fb0d95046473a07b19d3a10d50d35
b6a646d6a597,118,pair,pair:CT1(Lo1)>Tm9,0,,7c280b5b9f34,d00cef6913df,True,519a720cb6485128b230a25adc62896b703c6724119a182093d8eecc4038f851
9e68aa17edcb,119,pair,pair:CT1(M10)>C3,0,,63667a4a1a53,6182a4f16e6d,True,5399f12527f9536a2568174d67f6aecad2f2589525fc86d422fe1a395350f84b
e9127be1bfb4,120,pair,pair:CT1(M10)>Mi1,0,,63667a4a1a53,af1ee12c7a13,True,8cba4b913d322c2132f22f218f3be42de9e767676c3188527a76e1cfb4eccba8
1da8fd4c5435,121,pair,pair:CT1(M10)>T4a,0,,63667a4a1a53,a722a78be07c,True,83ae67b1341ff302386571575883763053b912deda25072d366b2aeb3289d172
f1f362187f46,122,pair,pair:CT1(M10)>T4b,0,,63667a4a1a53,8dac2399d9d3,True,f81a42692bd225bf88c4022112cf9f9df8825c927bfe97d8e8672d2f4df97959
271873adb666,123,pair,pair:CT1(M10)>T4c,0,,63667a4a1a53,3a2a1325fb93,True,d121bae172d52af4e3fa4c363fa0f122852e765add61be99f3817d0d6f1f9e47
e27a08951308,124,pair,pair:CT1(M10)>T4d,0,,63667a4a1a53,0645a54521a8,True,937165ba4ad77a305049a29ead708005c6ad7500595c45ee8940051b418a46b4
9542b3744362,125,pair,pair:L1>C2,0,,ad5110ebac00,ac7377b4f393,True,9ee169429950fd37efafd4a785bfd64600bca59d2b1203a466ca0cf39fb5e886
cd084e808448,126,pair,pair:L1>C3,0,,ad5110ebac00,6182a4f16e6d,True,2580979cded923c3e58c600b9b1a4bc25b28b6cc482642ab6f3eecc0bc0b7dbc
6aff5c889774,127,pair,pair:L1>L5,0,,ad5110ebac00,cc98a8db805e,True,76a1a8989a5e559792c280501acd7f7f8256c7764ee0e5232a34fbb6cba041b3
e85b577b0950,128,pair,pair:L1>Lawf2,0,,ad5110ebac00,3a1e8d7d01c3,True,3f0e132bb8174c4223bd427dd2ea4af6c6a2751278f2a61657de666e5a2345e0
ea91821cd572,129,pair,pair:L1>Mi1,0,,ad5110ebac00,af1ee12c7a13,True,91ebfd46463b12150674517b63bbf4af2b7b864b019551e41ee902f210a2a6b1
2fdbc141abac,130,pair,pair:L1>Tm3,0,,ad5110ebac00,1d04dc9e4e44,True,562ddc6907ce1bca65e16c6d785097339dba901375d44994a467879aa1dac79a
651d6a0459a3,131,pair,pair:L2>C3,0,,36f25ce16c8f,6182a4f16e6d,True,580ebe626ecfa23c2d196e1698d4242ea21d91fcd80516d6407d2ddcb14074e9
3d0f94634994,132,pair,pair:L2>L1,0,,36f25ce16c8f,ad5110ebac00,True,830ff09cc7dd0ed3ae0c6743a44c3fc0e0a76d98114cf0219d29dc1c31c57e7e
94abb6aadd00,133,pair,pair:L2>L4,0,,36f25ce16c8f,7c19534e0d84,True,c3f84d845c7b02c4653ff8ab05f216d42eb117ead2f2c7a45f5651c3b1c22d38
0ede4ef8f3e2,134,pair,pair:L2>L5,0,,36f25ce16c8f,cc98a8db805e,True,e3e6c43826be27724df532dbcf07e3ed27a5b46e5a8d9d055f354074bff75c03
6037ceadfb3d,135,pair,pair:L2>Lawf2,0,,36f25ce16c8f,3a1e8d7d01c3,True,958965e68d061f4081fcd3d2c9d02df6a46eb0ce7c83c6ff7713205a098ff5c0
cc3a32d5b344,136,pair,pair:L2>Mi1,0,,36f25ce16c8f,af1ee12c7a13,True,b99438b98985c6e7d4100375d29c3670161184739c1e35c2853d6d3ff9b266cc
cde00b731b32,137,pair,pair:L2>Mi4,0,,36f25ce16c8f,7c9f2d10b0f7,True,3fc0c8e8a4f585e1a201d0aaa6782ca7c8ba8260c621cbabafb62c9ad40be49f
2d74ecb57fd9,138,pair,pair:L2>Mi9,0,,36f25ce16c8f,760f78ba3287,True,b1fe0c747ec0afc9c825de2c5a46149ec4c3db966aeac4b58e0054b9cd36ff44
c36783088642,139,pair,pair:L2>R1,0,,36f25ce16c8f,9654b247b494,True,a62896c4982a44c4d31a12109f1e68e1ff6d58c7abdef1d41bb11e764b75b591
97e3ab94a0e7,140,pair,pair:L2>R2,0,,36f25ce16c8f,b075082bb026,True,58cc95c7ddac18bdd8c8ef20940efb141294471edccff1de7b1fd2ba2088965f
76b49fd46942,141,pair,pair:L2>T1,0,,36f25ce16c8f,7fccce4faa2f,True,a4adc6cd9a27b3c9747a4d9954eac73a1a4676c022969cf9a873c7573e7227eb
fdf6fad6a712,142,pair,pair:L2>Tm1,0,,36f25ce16c8f,6b080cbcddcf,True,3563da7ffbc81697aab5d59656c0e210e958b55fd5817e7f814bc749d8530249
a33ee6c4d9fb,143,pair,pair:L2>Tm2,0,,36f25ce16c8f,1716679973ed,True,74f01f12f3393e5f1c3533980dc1ffacfed9a0cffa6a0c8a5cb18e5128a25cb3
5f6db25d06b7,144,pair,pair:L2>Tm20,0,,36f25ce16c8f,5202f2beeefe,True,578ca904b0a26d1d0f7b135db357371a10786ab82080f0463ba5bea447a1a5d8
4e86cd97cc49,145,pair,pair:L2>Tm4,0,,36f25ce16c8f,8f9d79739978,True,e724c491f733865466f9baa9adbfa1e8ddf0cb091f6afa16e01e690873c883b9
6cccba15bdff,146,pair,pair:L2>TmY3,0,,36f25ce16c8f,607b8ed34a33,True,4c37873c1dfbbf40807612aa3151665e72bd97f1c64084316ef8a79b19190d59
28618ec2630e,147,pair,pair:L3>C3,0,,fd5e84317740,6182a4f16e6d,True,9e54bc2c4a4e92950b65683d9a24b6bc82fa37da14528ca38324513511861ca0
f2d60e24efa8,148,pair,pair:L3>Lawf1,0,,fd5e84317740,2627beca1340,True,1646ba4ddbaed172274ae1773de8ee03f5552f8f1c1d0553788af28b11b6749a
16fb5e431857,149,pair,pair:L3>Mi1,0,,fd5e84317740,af1ee12c7a13,True,1e97da6c3fd61f0608817362485a1a07446e7b0f4ded3581a3e58b4bcc88cef9
48910ae6cc98,150,pair,pair:L3>Mi13,0,,fd5e84317740,7fd7d345df8e,True,8c22269f53c36b6f51eca72b2461eef545c35fb4b32fc3c8f2cbb65fb4a183b4
543da8f277ff,151,pair,pair:L3>Mi15,0,,fd5e84317740,4dd1eb26b0df,True,e8a6444c77a00ccb0944dfdc433fc74bf96e84d857ef548e932650815506f741
9ab58b7faead,152,pair,pair:L3>Mi2,0,,fd5e84317740,8d98b9eb6175,True,2d0f591f7da62e67c795fdf8b3f6e160056e88f40a1625e1ff08b69f788e9f42
4dca5df1d84f,153,pair,pair:L3>Mi9,0,,fd5e84317740,760f78ba3287,True,df880d4ba42a7154dd708ef4047b50cbb74ed9a6f5abe34a3473a6c2e03bfff1
108b06d7106d,154,pair,pair:L3>Tm20,0,,fd5e84317740,5202f2beeefe,True,b81772515d78f78dea30befc151581d920038dbd128ccf4765c2a3255ada62be
2fcb8e229ce9,155,pair,pair:L3>Tm28,0,,fd5e84317740,0a8ba80929dc,True,0fc1017e7ba2b68bda33149763cb5666b3a9fb15b31396bda9a317aa25eba983
64d73d7f83b9,156,pair,pair:L3>Tm3,0,,fd5e84317740,1d04dc9e4e44,True,f23b4b3ee2cc14d04362447910ab448867650550cca593068abd8fbf80ee3e2d
eefad9c5396c,157,pair,pair:L3>Tm5Y,0,,fd5e84317740,05257d37421c,True,c8c548445ebbd62cade22cfd7dc319ac18ddea61970f4f5f52b1b678ac22852c
1e5cf347d47f,158,pair,pair:L3>Tm5a,0,,fd5e84317740,e2174a9084c8,True,3e766ec8670421c2f0ce771f21c66a1855ad77a9731ef504960f37590611e2fa
73f65ed9896e,159,pair,pair:L3>Tm5c,0,,fd5e84317740,2455576c666d,True,f4286980dcf9dc5e6330a3f1a35ebe13c87944f0164353e8538385308a997a02
1456ab86d536,160,pair,pair:L3>Tm9,0,,fd5e84317740,d00cef6913df,True,b61beae225611349fb8f90274fa724509144243ae7ff40973c3599b2bf2e9b97
dce025e45a8d,161,pair,pair:L3>TmY10,0,,fd5e84317740,d1d3392c46d1,True,4f1291ef7167adb085cb4f85d83dd9bed2a12dc4d5babf8604d8119ed902f8f0
e38658196a84,162,pair,pair:L3>TmY9,0,,fd5e84317740,7af2610d274e,True,ab74be55292dcef6f50f72825cc7ec69a6b42fb744f601795d819355fbac0054
839d0f2e12ea,163,pair,pair:L4>Am,0,,7c19534e0d84,ae7eec9cc6aa,True,bcd915675ed2adfceedf0f8be3654e2541381d9a93ba6e522cdf877ffb726171
94b486cf7d4e,164,pair,pair:L4>L2,0,,7c19534e0d84,36f25ce16c8f,True,07e83eca7c44c05c29b5d75d64fea7cbcc09e29df0159291baa2bc0059636e35
c5f88f2e6bec,165,pair,pair:L4>L3,0,,7c19534e0d84,fd5e84317740,True,d1ef4d296c02428b674bb8d800c92dacbe06229d7f97a29954c99e282691fa98
cb15116811d5,166,pair,pair:L4>L4,0,,7c19534e0d84,7c19534e0d84,True,c0af71a214d8b4e35c6a19a8c02dfa2225613c98d23d30421c6206fe98f86f6b
8ee85c6c9b6a,167,pair,pair:L4>L5,0,,7c19534e0d84,cc98a8db805e,True,40cc4103a947c95752cd326f60fc64ddecb46a2b0d3d329968b422b63825214f
b74cd03dc368,168,pair,pair:L4>Mi9,0,,7c19534e0d84,760f78ba3287,True,4d06b1c02ac4a5fa4430826b8919f3bd8764ce24b9d8e4a8d2e283d4a64853dc
3d3ee06f4f53,169,pair,pair:L4>R1,0,,7c19534e0d84,9654b247b494,True,b74a9b0d08f37b724b920cd6ca436add376e0d7576ffbda5a6764478943532d2
9404f2195fac,170,pair,pair:L4>R2,0,,7c19534e0d84,b075082bb026,True,80067aeebe6dcefbc5818238194162e66e2f8402dccf9c937545b1a106cd5d8f
82be9f671527,171,pair,pair:L4>R3,0,,7c19534e0d84,a9358d78ca90,True,f8f77acdaf7ed27a775285838bda66043fb860872a899b986161fe5c1e916ff1
72d9bdcec699,172,pair,pair:L4>R4,0,,7c19534e0d84,d54d0db004dc,True,45e85a0bef7e6a8ea90b1c8c08c31c3cdc3d531fdbcf670cb1799045d5ad0eaf
50cf1060151d,173,pair,pair:L4>R5,0,,7c19534e0d84,bf135de1db2a,True,bf2871da666a826c234f3f097e60374f4d9a937721e0fa533f099a35a86470ff
d02432531ce9,174,pair,pair:L4>R6,0,,7c19534e0d84,ef2dad65a896,True,9c73a3e05d6dac0bf83f910cf68f69e235af16526fac3b4298a903fb6d84a8cb
071b9ba6a697,175,pair,pair:L4>T2,0,,7c19534e0d84,2c81c87fcf2c,True,f88de8f362a4acce214a984cdc42bcb8232bc4c370a8c9848e39cb240db76c52
bc2c858f039f,176,pair,pair:L4>Tm2,0,,7c19534e0d84,1716679973ed,True,2474bbe6cc21b595c1337dc96065f3bbe1f2b354f86350baac54aa83cbc95ae2
2e09ee2fe424,177,pair,pair:L4>Tm4,0,,7c19534e0d84,8f9d79739978,True,ca04de2fe621beb4858d6808b3124e4dedc781fd5c9a66cec2a9b250233d79fd
623d241c43bc,178,pair,pair:L4>Tm9,0,,7c19534e0d84,d00cef6913df,True,7cd9bd846ca7115c96e8add67214b8d4304937b95e48a11e9ede1cc2e46c5e3a
3e73c458bc09,179,pair,pair:L4>TmY13,0,,7c19534e0d84,e8c21941580e,True,81ebffeaff99138c2f2a002a41e09ab3f8bdf37f9807bed3663e03d4297678d6
594e3bf1d46c,180,pair,pair:L4>TmY3,0,,7c19534e0d84,607b8ed34a33,True,82ebb8b1ed97d5af3eb52103d41820c7448da55202832086d714f3f3319bd7f5
62038101dc0b,181,pair,pair:L5>C2,0,,cc98a8db805e,ac7377b4f393,True,5c0832b1cb2badda92f9c66a86ed8856b9990d7b73490b0a0d7f5a56f69fc40f
942200a41c83,182,pair,pair:L5>C3,0,,cc98a8db805e,6182a4f16e6d,True,21f05446277918f5e236acee6fb959106217d66c32979550ba8333d2a6d49f59
ed26c76556ef,183,pair,pair:L5>L1,0,,cc98a8db805e,ad5110ebac00,True,3226577912ff89e5881ff60744352b8a2573f18d315b57ec2be0e5d4be8ae386
652e71b9c29d,184,pair,pair:L5>L2,0,,cc98a8db805e,36f25ce16c8f,True,bfa77635ad1baff962ef1234f4e82fc6e4d368e807a4a6d3c19a8854b65c0519
82aa933511b4,185,pair,pair:L5>L5,0,,cc98a8db805e,cc98a8db805e,True,db70a7e500ea7e6b9eb57766beee67d4f5626105519691897a6c736d6c9aaa11
4705c57db1d7,186,pair,pair:L5>Mi1,0,,cc98a8db805e,af1ee12c7a13,True,0248b03b6de3140d012896aea43aefd2bcd40b4659b475b2dc07535c8e4dd71e
9b1b571fec42,187,pair,pair:L5>Mi15,0,,cc98a8db805e,4dd1eb26b0df,True,918f0a58010286eb55379fcf7032d38e4cf1f5f3a467569b35bb65053a2ad3ae
b05e8c868ed7,188,pair,pair:L5>Mi2,0,,cc98a8db805e,8d98b9eb6175,True,4626f1820cbe764e9797522b78cf5ea55a27a286433f55ae97a32913af18e4d7
6550d51e3977,189,pair,pair:L5>Mi4,0,,cc98a8db805e,7c9f2d10b0f7,True,019a259352b76bdcd66878c50356504eb4bd715f6bfbe9b4650f0d8582349fc7
a22b2f124e84,190,pair,pair:L5>T1,0,,cc98a8db805e,7fccce4faa2f,True,913ecf98dfdb019cf3077c5b773206f16fd8362697f2e5628497d820b49f9df4
4d0c9a594eba,191,pair,pair:L5>T2,0,,cc98a8db805e,2c81c87fcf2c,True,c856371f123e794790fa1bd796dcfcc71fd1baec92fea70d93fdab0488058f37
98f8ede7c521,192,pair,pair:L5>Tm20,0,,cc98a8db805e,5202f2beeefe,True,310c15bcce56abca4afb94ccb25d07117b57024e68803d00595b740724840038
60fdecfa1c51,193,pair,pair:L5>Tm3,0,,cc98a8db805e,1d04dc9e4e44,True,d4c24c6312255a281a3bcb01d21434a6e0daecbce85e1b895bd17c05cc08d1f1
258895532845,194,pair,pair:L5>TmY13,0,,cc98a8db805e,e8c21941580e,True,711494630e5be671a5a1854d09eafd9f8ed38b7d3d323e5aac0042dab4e3ebb2
d6bf01ec187b,195,pair,pair:L5>TmY14,0,,cc98a8db805e,28a670a5d3c8,True,6809ca39e29fd6fd6b5e5c694867aa19307e8fd89edaa0fdfe7a6d22eb9bdf2a
40b716770207,196,pair,pair:L5>TmY18,0,,cc98a8db805e,dd5eb1fb0caf,True,ca16886458686c28a55ad64c3ad0d57292dbc9060907e4d813987e7d0ed8d6d1
eea3d78c605b,197,pair,pair:L5>TmY3,0,,cc98a8db805e,607b8ed34a33,True,ebc854c0054a264f5ff712973998333b972693a37bb8b491b6b040e2c3fb284e
16031c360590,198,pair,pair:Lawf1>Lawf1,0,,2627beca1340,2627beca1340,False,c702e00bf37c64aa9900578fc4c02c540d110d26e99c918d9b864630a985bbc2
f542bbaab113,199,pair,pair:Lawf1>Tm3,0,,2627beca1340,1d04dc9e4e44,True,b8c45f7873eccc22a45f31ba080a9d2a014d7135c583c17f75c351dd3da16fea
a0def5452e33,200,pair,pair:Lawf2>Am,0,,3a1e8d7d01c3,ae7eec9cc6aa,True,737b3b71f4d2372d26cd17fd392ebfb6ca1c82829e8227d7815b4be06f8187da
3c6174ab5da5,201,pair,pair:Lawf2>L3,0,,3a1e8d7d01c3,fd5e84317740,True,45f6e16c439496431e3b0626addcd0cf69890fc16b7c3bed0d455326f989e99e
69418d53cf85,202,pair,pair:Lawf2>Lawf2,0,,3a1e8d7d01c3,3a1e8d7d01c3,True,02ae05e302a1bbe2329745101f5f05298306595d3c748916de30f957953f2217
27b57a289b1b,203,pair,pair:Mi1>C2,0,,af1ee12c7a13,ac7377b4f393,True,33a9991eff2f47d0e0467abc03a2b30ba180f0974da875612d07748f369032a3
19b185c89187,204,pair,pair:Mi1>C3,0,,af1ee12c7a13,6182a4f16e6d,True,da17a3a6f92ea35eb3fbf551512425f3ad4272d620ac78f4d5edfe97503b6dc0
6c4eac100549,205,pair,pair:Mi1>CT1(M10),0,,af1ee12c7a13,63667a4a1a53,True,22f4caf6ed95d4f30c57686ee430271cb6610fbe413025655cda3355d646dd48
c20fd147fa33,206,pair,pair:Mi1>L1,0,,af1ee12c7a13,ad5110ebac00,True,bf690230154e663ebc0b7c4b277e0be23a0c494fc75e5b668b2946bccf08c81e
219f36eed813,207,pair,pair:Mi1>L5,0,,af1ee12c7a13,cc98a8db805e,True,bbf02ae5e006090c1b0b5bdfc7203636087efe75ef5a3434bafead67dc7d9c45
64b4ad452803,208,pair,pair:Mi1>Mi10,0,,af1ee12c7a13,59362ec08e0b,True,04b7225f9c0a9c4008ecddd618e77b69653b5024b83a24740b47f4a9a00b7a3b
607facef5525,209,pair,pair:Mi1>Mi12,0,,af1ee12c7a13,22599a5bd694,True,fb069c4eb03cb28c828ee253cc73b07a55b5596f90c121fe9dc028a823cafe5e
0f1422bae278,210,pair,pair:Mi1>Mi13,0,,af1ee12c7a13,7fd7d345df8e,True,f255599169278243009b036a37582d3445b2bfb04b6f56dad12188437430b092
c566ca14a8b2,211,pair,pair:Mi1>Mi14,0,,af1ee12c7a13,b33da6e1384a,True,e96f2ce87e990456e67d6b49d10ec33c3802d61800796c8e28b364dc9dab6398
4b1da44e7638,212,pair,pair:Mi1>Mi15,0,,af1ee12c7a13,4dd1eb26b0df,True,37cdb799346ddf31867d7e9467e067134179537382787f97fc7a84a1a1c88f0b
ea82d688fd99,213,pair,pair:Mi1>Mi2,0,,af1ee12c7a13,8d98b9eb6175,True,d06cd2b56992eccafbafc3e1b0a2cf036b6b38391bfca59bf5701da34a4f3241
c32eba3f85ac,214,pair,pair:Mi1>Mi4,0,,af1ee12c7a13,7c9f2d10b0f7,True,49e75ec9185cd861db8f82245805e4ade2cb2212852db3835a2682fc13cc0a14
cb0b5dc29c76,215,pair,pair:Mi1>Mi9,0,,af1ee12c7a13,760f78ba3287,True,e957bf900500fe222712c2b4298a7e5bafb9e6f8a00087ae69a6ace823702c39
1e69236e4948,216,pair,pair:Mi1>T2,0,,af1ee12c7a13,2c81c87fcf2c,True,a382fe8657a170ea27e0f8b56af08a9790bbd9dde1577282edc3d2fcb22a9af5
800e45bdbaee,217,pair,pair:Mi1>T2a,0,,af1ee12c7a13,e4707238632a,True,83a8b17d0b133171cec6a60299f002adaa5808759c6fb22d0c070956dab8db51
56aa969bdc83,218,pair,pair:Mi1>T3,0,,af1ee12c7a13,3b9aa8bb490c,True,5a1bfa27a27490578dc8850cb950905f3b2f223cca190379e65e8c7ca97ae40a
e438af8fab0d,219,pair,pair:Mi1>T4a,0,,af1ee12c7a13,a722a78be07c,True,70deaf7ae20dc3fdfa9da5d352ecb6934df3e9c179841633730df14d15e7b719
ef8f392c4c23,220,pair,pair:Mi1>T4b,0,,af1ee12c7a13,8dac2399d9d3,True,10ab8d92efb7ef71c8b195b5d1913bad8cde3f717fdf5532187573a23505d925
89a6f3630971,221,pair,pair:Mi1>T4c,0,,af1ee12c7a13,3a2a1325fb93,True,11585370abbf1ebc89d2c741b3905b25c24e92c68082f54beba8919edac01f01
59b4e88f05dd,222,pair,pair:Mi1>T4d,0,,af1ee12c7a13,0645a54521a8,True,e97bfdf702e6da99210725dec3c6a966d0547579683f1096b3e14a18daef9900
cf4a8e87b9c8,223,pair,pair:Mi1>Tm1,0,,af1ee12c7a13,6b080cbcddcf,True,d3dc72c8863f142042503ab027a9a982b578040254352ce77f797ce6f52a4cf6
f53f96367a07,224,pair,pair:Mi1>Tm20,0,,af1ee12c7a13,5202f2beeefe,True,d8c4203a0875c921bbc6480fbffa021da6f2f207fc57876cbca35cf24f4c461d
3547760e706b,225,pair,pair:Mi1>Tm3,0,,af1ee12c7a13,1d04dc9e4e44,True,f1b4b491e2385d0471e0e523b93b70963add82d79e5ab227d77bd64ca8d44748
4b4af59ed8d6,226,pair,pair:Mi1>TmY13,0,,af1ee12c7a13,e8c21941580e,True,a9ea611ff80e5bd1ab2319864101859aadf0f51d0ebb6b26dc2da185dcad0f20
e7a620258947,227,pair,pair:Mi1>TmY14,0,,af1ee12c7a13,28a670a5d3c8,True,9c1e7431c689c8089390c6bb4a704fe85a3e8c1ddd43644ff8849f08a8112746
2f295d765e3c,228,pair,pair:Mi1>TmY15,0,,af1ee12c7a13,18fb00442a43,True,f68285cb27c84d763f2e77c96fa3526b7bea1f8d6b6581df36360f77ee54d861
d7e6d77e4c85,229,pair,pair:Mi1>TmY18,0,,af1ee12c7a13,dd5eb1fb0caf,True,ee63132eb07247d9e223b1505df8acfe596fbab57f7a3b9ccbf028d76cba9426
c8ae9bc6c400,230,pair,pair:Mi1>TmY3,0,,af1ee12c7a13,607b8ed34a33,True,89249b12ef4ec8e021b959b89bdbd5b30917ed7108121f7966aec4bf5f543797
fec8451a28aa,231,pair,pair:Mi1>TmY9,0,,af1ee12c7a13,7af2610d274e,True,20bfb1be1048d40ed04cb2eac88db6d7418b5912d55494880903e7248ab60222
ac2272d7a1df,232,pair,pair:Mi10>Lawf1,0,,59362ec08e0b,2627beca1340,True,c7a025dbf460fb6ca121dc89fefe14d77e41b45f24a0fc924675dabfb32014a9
57ac00a92659,233,pair,pair:Mi10>Mi14,0,,59362ec08e0b,b33da6e1384a,True,bd72d82d57e5554885489961f6b626720a146556aa6b69bd094414b898b4acf4
ddbcc4eb8de8,234,pair,pair:Mi10>Mi9,0,,59362ec08e0b,760f78ba3287,True,d9511cc3332c5e4d61f3ea47f5181f5ca871ab929bf28f126d6d3620d29aa8e5
87a3a91eb55c,235,pair,pair:Mi10>T4a,0,,59362ec08e0b,a722a78be07c,True,3280bd019a18b58b6ba7c3f81597b8b49e86f4fa7e886c1c93c2cdca39350dc7
61fae72a3b97,236,pair,pair:Mi10>T4b,0,,59362ec08e0b,8dac2399d9d3,True,16c81326dece2a94408f6d7eec97f892abdfff63f6a4eb5f0567f9522d3be0eb
98c4193d5577,237,pair,pair:Mi10>T4c,0,,59362ec08e0b,3a2a1325fb93,True,6f1724f274d40b6a5a34d109af42cb23a6b3289991e2b3b43441073c2fe383e1
d4a5a68a3675,238,pair,pair:Mi10>T4d,0,,59362ec08e0b,0645a54521a8,True,65154fe9d8671d2e48ffde671e71d1c77659aec25646d72ddcb51b104f05363c
fac467a2d0f1,239,pair,pair:Mi10>Tm5b,0,,59362ec08e0b,5bd7d91f26e1,True,58be67738386475723320df95449a4cbb6f796e740151dcee98f90d489ceae15
95871a53895f,240,pair,pair:Mi10>TmY14,0,,59362ec08e0b,28a670a5d3c8,True,f9de5365f43328ea6e11e59a5eef5bae2dec46adf51de3dc68f7f584d80ac00a
0cf8a3303237,241,pair,pair:Mi10>TmY3,0,,59362ec08e0b,607b8ed34a33,True,9c6a8c5352bd96cc5f826763a015d2c5aad7149776d858e50b5b2264134ae9a2
1a0c043a9f58,242,pair,pair:Mi10>TmY5a,0,,59362ec08e0b,3ad6ff7262ce,True,1beeb05021edfeb86c487b0c0adc6acbf6f001e14502548125a2d62ca0593333
0c43c51d94e5,243,pair,pair:Mi12>Mi1,0,,22599a5bd694,af1ee12c7a13,True,355e81212f2f3145a1c140f1ff21d60ebcba0e404ae6f1384fd12c6fc1eca2b4
9b5f761c8266,244,pair,pair:Mi12>Mi9,0,,22599a5bd694,760f78ba3287,True,975cc0767adb83c3ad606542df0bcf4b19db163f72e38b97861e6cf8f5dc970b
3ccb592652be,245,pair,pair:Mi12>Tm1,0,,22599a5bd694,6b080cbcddcf,True,914ae6a93062aaeb8c292dc4d1558811ec68a192c9c09da5e9562847860db530
27b7af0f1c30,246,pair,pair:Mi12>Tm2,0,,22599a5bd694,1716679973ed,True,f494e8b69feb81925658869db13a3695ff554b52bbb64392b426484161f35793
d17a399500e8,247,pair,pair:Mi12>Tm3,0,,22599a5bd694,1d04dc9e4e44,True,90fcd487cd3a7819a81f9cd2cff71e7d9f05e9cece70d28416ebea938a3afaa8
a9e80683b37f,248,pair,pair:Mi12>Tm4,0,,22599a5bd694,8f9d79739978,True,68fec3def313f9e17c8197597eb765100bb05976431eedddf5da3dc47e5999df
6f3fff0d2728,249,pair,pair:Mi13>L5,0,,7fd7d345df8e,cc98a8db805e,True,725b483894aea7e35454f378758e49c4d745cfd3a2c0bd9d9bd6f5802da34602
6a8d2200186a,250,pair,pair:Mi13>Mi1,0,,7fd7d345df8e,af1ee12c7a13,True,19ac5b2369564f6e084de1e9bfc117e9fe5c76c810910456a7ead890a1329225
e0012cbd73f0,251,pair,pair:Mi13>T2,0,,7fd7d345df8e,2c81c87fcf2c,True,2468ba9773224542da46b801211d6e4132736f3e75819bf6ef4ed2575dec4317
de41945e85b9,252,pair,pair:Mi13>Tm1,0,,7fd7d345df8e,6b080cbcddcf,True,84c2ebe0e5dd9f681357057932aa55c2d82b209376408e6f207d2243fb96449c
2340d43625ce,253,pair,pair:Mi13>Tm2,0,,7fd7d345df8e,1716679973ed,True,6708da33557f41d6ddabf0e54063e8342826e78d33fde5f6888559569087c160
6b3995bf7ec2,254,pair,pair:Mi13>Tm3,0,,7fd7d345df8e,1d04dc9e4e44,True,8a3a4e3d3c5d32b84886d3ba7677dc634b4b687392c2e6f40408bc65da24dc34
3997f92b8e34,255,pair,pair:Mi13>Tm4,0,,7fd7d345df8e,8f9d79739978,True,4a0dd5d8f30bc6140929bc7c1cf629585f827e362450080f08c5aebdeaf4252f
8e7eefe160d0,256,pair,pair:Mi13>Tm9,0,,7fd7d345df8e,d00cef6913df,True,f3b14626fc63576ab3ec9722275dc4426eda0e3e82aa7368d2f0d312903485cc
8775385f6d6e,257,pair,pair:Mi14>Tm1,0,,b33da6e1384a,6b080cbcddcf,True,3790d0e34394c00f5cf5053529f6fdd3c5e10d59b7b1649374c085c84e060c9a
74bf7fb6e733,258,pair,pair:Mi14>Tm4,0,,b33da6e1384a,8f9d79739978,True,7d73e533ce8606b0f281bb9310778c02dc0e30cd55edbf3beb5fbc535f0e8353
282671ae8429,259,pair,pair:Mi14>TmY3,0,,b33da6e1384a,607b8ed34a33,True,97dbe93d3fa5fde70a66a055cc2436124b902e58f3d5bae04ac0e2c1d80a2d57
22f609a7a486,260,pair,pair:Mi15>C3,0,,4dd1eb26b0df,6182a4f16e6d,True,92afe3b2a9877f9421227de133fc492b7b9df11bc50b985f3d2ab05a3148a87b
460bf5517db3,261,pair,pair:Mi15>Mi10,0,,4dd1eb26b0df,59362ec08e0b,True,00dda2938354cd9c73144cdbb3fe4ec70f428d6f56feb3523358386d85371634
08b3b96c860c,262,pair,pair:Mi15>Mi15,0,,4dd1eb26b0df,4dd1eb26b0df,True,ea26573316c512095def1afd84261ab4d636fa67ff6bf2ce3948221291d0f90e
6a08849089b5,263,pair,pair:Mi15>Mi4,0,,4dd1eb26b0df,7c9f2d10b0f7,True,4c488727499c93bbe78601ab9b383793e79b7db279fb28062849f11d451a5856
22c4171c8c30,264,pair,pair:Mi15>Tm5c,0,,4dd1eb26b0df,2455576c666d,True,68b57efdd2725ade16b6801c4804100f550993f490bbbb10db22f2ca108f07cc
820c724ca803,265,pair,pair:Mi2>Mi1,0,,8d98b9eb6175,af1ee12c7a13,True,86db44b4039f50a57b30dc88825b6087b9742bd3bd4e125d17fbea86a6721123
c02f1badc4df,266,pair,pair:Mi2>T2,0,,8d98b9eb6175,2c81c87fcf2c,True,98a59f830ece9694fc61d45c9d419247aca5c32caa63739cbc0ee2ed47da8788
01a95261d9a8,267,pair,pair:Mi2>T2a,0,,8d98b9eb6175,e4707238632a,True,01bc862d5ac2c596ba0036e27df8289cd44183fe888338340cbd5b8999bdd082
b8846fb4fca6,268,pair,pair:Mi2>T3,0,,8d98b9eb6175,3b9aa8bb490c,True,70beaa03370ad85f15cbb19a238953843c026fd21ec8da79e98d905454e238a2
87be54aaa62d,269,pair,pair:Mi2>Tm1,0,,8d98b9eb6175,6b080cbcddcf,True,e9c46e8cf59993fc88f4a5e8d29d13bc102f44b46b7752ace50845ce4c44ce10
8774e8f922e7,270,pair,pair:Mi2>TmY18,0,,8d98b9eb6175,dd5eb1fb0caf,True,66f23345d02de247d5b9a9507722b03d5157f8df710bcf9c7a374e836c3aef82
f6cc823ad698,271,pair,pair:Mi3>T2,0,,0172ab6332cf,2c81c87fcf2c,True,8b9c2cc9ee6eabaeb380d2fb1427f154130c9e40c1537f0d0a17c732fb5e52b8
f85e860b5125,272,pair,pair:Mi3>Tm5b,0,,0172ab6332cf,5bd7d91f26e1,True,929179cdbab55115c4cebf62a593da756ba50c992433e70ec80e144abcaf2997
5a3bff8b2c7c,273,pair,pair:Mi4>C3,0,,7c9f2d10b0f7,6182a4f16e6d,True,140237e651a25dafebca7393507b09f56e0cdb8e3b0775a8c4473b0bca4ddb2a
1678b105e123,274,pair,pair:Mi4>L2,0,,7c9f2d10b0f7,36f25ce16c8f,True,654c304d5b84143ef14b43b16f1d28e4bfad0c63c2aa2c4957ada3c33752a64b
3b381ab94104,275,pair,pair:Mi4>Mi1,0,,7c9f2d10b0f7,af1ee12c7a13,True,f7b5b875d8dd4b7e2d23d4e220a32a578c4928e15ecea15d727a5c2e0921e509
dd8c26c3a3de,276,pair,pair:Mi4>Mi4,0,,7c9f2d10b0f7,7c9f2d10b0f7,True,bbb6ac2de7c9ae0917ccb701a2b2ef5682add07418f4f92ac5412d7a233d866e
06b18a5f98c7,277,pair,pair:Mi4>Mi9,0,,7c9f2d10b0f7,760f78ba3287,True,e378823b3a8161490e465d7d1c153f989ed162cc3bd08e984adaa4d06a6ab572
ac5f2973cea2,278,pair,pair:Mi4>T1,0,,7c9f2d10b0f7,7fccce4faa2f,True,f2839a0c0080b4a40562a1dbed55b0f6e27450730dc44cf31cbb45f9611bd787
f2c67519a50b,279,pair,pair:Mi4>T4a,0,,7c9f2d10b0f7,a722a78be07c,True,b723d75ffa087e438dd95f5440c0cd4be2d5d8cdabbbc499e757cd1376195623
9bdd07be22d8,280,pair,pair:Mi4>T4b,0,,7c9f2d10b0f7,8dac2399d9d3,True,3377cb03f8bf8c4bd1eb09a10f09cb5849eec159bbb0ffcfd41a835214cbb799
05d1470a4198,281,pair,pair:Mi4>T4c,0,,7c9f2d10b0f7,3a2a1325fb93,True,616ef5993a62bdaf78922b2973888025e95126555fc9d413475c1a39c07354a7
0d18a9aba7ce,282,pair,pair:Mi4>T4d,0,,7c9f2d10b0f7,0645a54521a8,True,cc21650146dc26cf214cb40bbf566384a1ba4ca6a794928f57c6ec0465e74b60
2effd9780a37,283,pair,pair:Mi4>Tm1,0,,7c9f2d10b0f7,6b080cbcddcf,True,c7e6768f36bdb0980187109f16ac6526e6280d4a53a2d4d7b6418c4728359686
d68ee223d041,284,pair,pair:Mi4>Tm16,0,,7c9f2d10b0f7,7a0908bbdc11,True,d4d23581a129eb1a1bc3d1f92bb6930b773e67d8f592df995c245d2b08f58b70
be512d5757cd,285,pair,pair:Mi4>Tm2,0,,7c9f2d10b0f7,1716679973ed,True,7e5500095ad005fb5b38e3da971f2761a8980a5df8960fe421448b320168108e
1c69f1c8cd75,286,pair,pair:Mi4>Tm20,0,,7c9f2d10b0f7,5202f2beeefe,True,62731a98de467a99b5620c1b7b7ec5c06da36a36371200e110d0c98c3683adcb
01adba4597c9,287,pair,pair:Mi4>Tm28,0,,7c9f2d10b0f7,0a8ba80929dc,True,aad4e055402899c109353dec63de4675df289c511895e3726991e7d52e72cf85
876652e8c7ce,288,pair,pair:Mi4>Tm5Y,0,,7c9f2d10b0f7,05257d37421c,True,7fcacd7f0ce3e7c693903d3f79bcfbc85a848123c205ce6c5e069154ecda972d
2d3ec45de424,289,pair,pair:Mi4>Tm5a,0,,7c9f2d10b0f7,e2174a9084c8,True,b7dc23dc818c478eec34c9db6f386a3fb44176764930e3e2236ec6881b682861
6fbbb7e6c782,290,pair,pair:Mi4>Tm5b,0,,7c9f2d10b0f7,5bd7d91f26e1,True,c58f111b7099b8ab4f55a16e1b8ca7e286a71a3915ab496473854ab2c1a1d07f
69ffb269d406,291,pair,pair:Mi4>Tm5c,0,,7c9f2d10b0f7,2455576c666d,True,c32f58399d193e1550ff74605efcdd63b32e16352ebe11a051daa68467d29dbc
a61b7496264d,292,pair,pair:Mi4>Tm9,0,,7c9f2d10b0f7,d00cef6913df,True,206dc5919bcd9ba78656c93d85bfb5336b338c76c741cfb6c1d4ec879ab2e16a
b75a2afcca04,293,pair,pair:Mi4>TmY10,0,,7c9f2d10b0f7,d1d3392c46d1,True,ca371b6bbaeb1131ef5855ee470f937d6c2e2b4b4b9da03e2a8b8d640979c8ae
1706b20010cf,294,pair,pair:Mi4>TmY13,0,,7c9f2d10b0f7,e8c21941580e,True,0095f5c2fbb6e811f859c94fb8d519c1546565e3ab29519aecdc1427cb946630
4bca1a3ea256,295,pair,pair:Mi4>TmY15,0,,7c9f2d10b0f7,18fb00442a43,True,60d5550b400d75a3be97b123471a2b210631e531a950533c43c51c3d7b2c9523
fba512ece01e,296,pair,pair:Mi4>TmY18,0,,7c9f2d10b0f7,dd5eb1fb0caf,True,483ef01a558f8aa2090d6c1613f245852554b63df52daa86a972f730d1ed8140
46c1632da491,297,pair,pair:Mi4>TmY3,0,,7c9f2d10b0f7,607b8ed34a33,True,6e030f09dfa923619b1aa63004e0cf9a12399123ad652ab853e28befc6f47951
c16d6217273a,298,pair,pair:Mi4>TmY4,0,,7c9f2d10b0f7,887ba31d1e5d,True,a40862ffaf33ccd4201852a1a81c98130c4b068882bd6a9a4396c31092757bfd
37461dd82768,299,pair,pair:Mi4>TmY5a,0,,7c9f2d10b0f7,3ad6ff7262ce,True,fe73ef19d95ae7ed3934be1d3cfe4f15d5b6233beeea7ef73582c7992d1beb7c
46ca6bd9cf0e,300,pair,pair:Mi9>C3,0,,760f78ba3287,6182a4f16e6d,True,d36a1924a0fcf4b217e24bdcef04d49d26deb547dd3e338f00fee8141254172f
e6e1d2979595,301,pair,pair:Mi9>CT1(M10),0,,760f78ba3287,63667a4a1a53,True,7248b613adcdd28541d60539fdf5dc28e7acf45cf7510ee1e8c550404ed7418e
19e45ee3340c,302,pair,pair:Mi9>L3,0,,760f78ba3287,fd5e84317740,True,de194629e7bdff421b3eef9e9cc5cbf42c291620dfb0824c0a3c10f69c94b793
a10d1433bba1,303,pair,pair:Mi9>Lawf1,0,,760f78ba3287,2627beca1340,True,3fbe6a4274dfd1775767ddb1ddf893b4d2d349198c5cb3b825a590f583849a95
eb2fb72ff645,304,pair,pair:Mi9>Mi1,0,,760f78ba3287,af1ee12c7a13,True,b180581363d0f75351ef8f4cda71549e8afc90e9cf8223258f3b93fe80ef9185
38bbbca85c95,305,pair,pair:Mi9>Mi10,0,,760f78ba3287,59362ec08e0b,True,3a53db93358e07e0f362225bbd1b5564e1b867d19fd63e6000b3bfb6df9b9c99
f512c7317093,306,pair,pair:Mi9>Mi15,0,,760f78ba3287,4dd1eb26b0df,True,3838fc54bba056a266893ab0b2eaf3a3b647e6ae1c9be9691fc5eb078e8ecccf
81b17a8eb7f1,307,pair,pair:Mi9>Mi4,0,,760f78ba3287,7c9f2d10b0f7,True,811002ad26615025a81cfe553a6def7a73c2658be761769283496e86710848be
0bcf1be5510f,308,pair,pair:Mi9>T2,0,,760f78ba3287,2c81c87fcf2c,True,02733487e9e53b34c2f82aca713240ce6ee509e22414d965e01b43155f52bbc8
2557d926b246,309,pair,pair:Mi9>T2a,0,,760f78ba3287,e4707238632a,True,210f946b3be806c3ceabedb313d109b66e614ceae9b44d25926e8c2724ead96c
d3b2ef2a67ea,310,pair,pair:Mi9>T4a,0,,760f78ba3287,a722a78be07c,True,e0adeb38a1f7d693e27f61c17a6a64b840671cbfe55c6b096c5957a414c4a631
0bc6080e9728,311,pair,pair:Mi9>T4b,0,,760f78ba3287,8dac2399d9d3,True,27af64b2b84f5b95bbb0b19f278822dbbf5e7fbc888054c705bce649d6b734e2
26d017de79b6,312,pair,pair:Mi9>T4c,0,,760f78ba3287,3a2a1325fb93,True,a53c11e79fe660edf86038f88e2e3d7bfb08ff485688a41d375396a72c80ff6e
241fcecd0136,313,pair,pair:Mi9>T4d,0,,760f78ba3287,0645a54521a8,True,8215858d0cd52ef37b0d37b30cee0b856140f8750dd4b040e6694d305c1ca9b3
9cede825ccbc,314,pair,pair:Mi9>Tm1,0,,760f78ba3287,6b080cbcddcf,True,d56b463e45b4ecc5a1bd0fdf7d59d66ba37faba60e4d7b5ebbfef959b2dde253
6c59caaf6d51,315,pair,pair:Mi9>Tm16,0,,760f78ba3287,7a0908bbdc11,True,ca9d3b543cd356e1cec5bdbcbe862427add633a6eab54304a076b08f8bc4f87f
07dad267d8e4,316,pair,pair:Mi9>Tm2,0,,760f78ba3287,1716679973ed,True,7dcf199f91bc2fb05d8504b112aada513eefaf7c1ea663b16ebcce77f94c830c
ace0166ccbeb,317,pair,pair:Mi9>Tm4,0,,760f78ba3287,8f9d79739978,True,dbfe13b1a3b2186db22cd69b3ae21844e16ac99e0a020810f7f6dcb1e5a23e85
2fd445138924,318,pair,pair:Mi9>Tm5a,0,,760f78ba3287,e2174a9084c8,True,149425f38ae8b2f51fc5147f98a41e5feabc9a650bed963402fcca65249d0480
983abf34af6d,319,pair,pair:Mi9>Tm5b,0,,760f78ba3287,5bd7d91f26e1,True,9b50dfeb1a1768004df884c6936f5856dc1cc45b11e4ddabf8cab8b8d94d1255
4fc9a9c2a453,320,pair,pair:Mi9>TmY13,0,,760f78ba3287,e8c21941580e,True,285aacf44dc7105d635c18b049910f70f40299f168f9e45fdafa3cfbcabba703
d43bd2eb9423,321,pair,pair:Mi9>TmY18,0,,760f78ba3287,dd5eb1fb0caf,True,4f2ce4a0d6c3b2b8010d6ea8775534205c4405e43675dcd150485c7c2f62e511
78ccf8d2386b,322,pair,pair:Mi9>TmY3,0,,760f78ba3287,607b8ed34a33,True,c09ce7a047e11018a4832345b3ecb4d42273a890409c6135ace8e5243b3cfa1e
7ae0d306276e,323,pair,pair:Mi9>TmY4,0,,760f78ba3287,887ba31d1e5d,True,7bebe957370c1f97be7bba706732e53de75dcbeef1cb0bca82f5a28cb4067dde
a0e743250766,324,pair,pair:Mi9>TmY5a,0,,760f78ba3287,3ad6ff7262ce,True,ef9cfecdbbf4e195c008c158fc9cc63dcd2fd0f5778ffc7556cd04d6ad26bd96
ec21a8d3009b,325,pair,pair:R1>Am,0,,9654b247b494,ae7eec9cc6aa,True,f7087e43d0be5ef5131ce5349391b31206a253eb6c46a5fdf540ea738971fff3
c42c418fb266,326,pair,pair:R1>L1,0,,9654b247b494,ad5110ebac00,True,2235aa98d0beb3d63adcddab78e23b16bb2d810bc8cd47d9863f7aa885850698
44aea3d9cfbe,327,pair,pair:R1>L2,0,,9654b247b494,36f25ce16c8f,True,68e6e8cbb81f142101f4f3efccd9924ffc9151b397b10255e738295b8eb4e6c8
a583aac394d3,328,pair,pair:R1>L3,0,,9654b247b494,fd5e84317740,True,8eb5727fb478b690982150713d07172a39841f2c5abd20556f25f8c6756164fd
78535483bdbc,329,pair,pair:R1>T1,0,,9654b247b494,7fccce4faa2f,True,1e84402861bf85797c28a05dfe24e465d2eb0983717affc263e81cb91f83aec7
728086ffa013,330,pair,pair:R2>Am,0,,b075082bb026,ae7eec9cc6aa,True,d23cebefae1d4267a8650b870099ffa277f470be02b8321dfd96770c39874257
0bf7c7691c4f,331,pair,pair:R2>L1,0,,b075082bb026,ad5110ebac00,True,ddaabf9b1b24ab910ddfc0839691383935e6170557b51af6e7c0764f8273f857
ebdf96e134ed,332,pair,pair:R2>L2,0,,b075082bb026,36f25ce16c8f,True,eb8adb84b5747af0ea27770bdd1ab42f7744122c44e3e4efcf9579dedc70cccc
8994c2e7c25d,333,pair,pair:R2>L3,0,,b075082bb026,fd5e84317740,True,41c061bcd56839aefaebab465223566fd37a91361c0205ac4320432ab609b73b
db30ad4318e2,334,pair,pair:R2>T1,0,,b075082bb026,7fccce4faa2f,True,e13c35852a1ece5f3872829ed176bccdf734f9db631e3bb38dbcd5dfc983794a
7eb4a49eaae9,335,pair,pair:R3>Am,0,,a9358d78ca90,ae7eec9cc6aa,True,ac55601e06e765c1c01071f559d1c9b100bc0b3ab7ec330cfbb6044976e7db89
edfe92c65e69,336,pair,pair:R3>L1,0,,a9358d78ca90,ad5110ebac00,True,2ace3c36f00da4ec2063684387a6bab2c0935440ab06a43622317c1fd0a5ece1
b9851ea9bbe9,337,pair,pair:R3>L2,0,,a9358d78ca90,36f25ce16c8f,True,aff272998a8d7aafd2b9f7fc885d89c4749c696bfa41725a5452e65a7eff3145
ed306f2ad2d5,338,pair,pair:R3>L3,0,,a9358d78ca90,fd5e84317740,True,a6117a3e48a6dd78b62782621573316c02050db34fdd07e8d9c4fa4b9cc613b4
2235189205e6,339,pair,pair:R3>T1,0,,a9358d78ca90,7fccce4faa2f,True,20ca6b401eaea7cb6bba0d8af3851a64dce53d599b1b8e3f75f541bbe1ac21c7
403330e5f4a3,340,pair,pair:R4>Am,0,,d54d0db004dc,ae7eec9cc6aa,True,4e7e5366a75e42b02bbe85e3d983cbaad6e9f111d79591026f70b30e8d06c4e0
5d236157c1b2,341,pair,pair:R4>L1,0,,d54d0db004dc,ad5110ebac00,True,0215e0131cf6379c25fd8968eded3db383548de8baf8e033d8e413e447511130
0ecd5ae66970,342,pair,pair:R4>L2,0,,d54d0db004dc,36f25ce16c8f,True,84a3a7dd0a7c8b622b7fa0a5e6e56fed3eaf5f1ad4cd29d8bdb263e40a4b8799
40239835a32a,343,pair,pair:R4>L3,0,,d54d0db004dc,fd5e84317740,True,8733d8f97f04ba3fb591a8abc2ccac283ecedc4d9f32de2c0b0659f6b93ecffa
28c2310e5695,344,pair,pair:R4>T1,0,,d54d0db004dc,7fccce4faa2f,True,f58fd4675990110bae83623a9fbe9a05c426035695c4379ec06ad8de676f114d
838f7a38c09a,345,pair,pair:R5>Am,0,,bf135de1db2a,ae7eec9cc6aa,True,c50540c7061b01fa11e6f0a696ceadad5a8ec6b664f5b7944196ad928677b506
f4b7e8b5b79d,346,pair,pair:R5>L1,0,,bf135de1db2a,ad5110ebac00,True,1a6187f821a60da7793ab7630cd2cd1c6991ee685ec3cc966d92c036d0deac06
c6f20de835f7,347,pair,pair:R5>L2,0,,bf135de1db2a,36f25ce16c8f,True,4d7a1dd10a8148e8442924511fec199dc17f5334449149c3ff2c3d5f6673555c
ccf7870f21fd,348,pair,pair:R5>L3,0,,bf135de1db2a,fd5e84317740,True,1185d37a078f7ff5d961e50ba168047316657bc6713ccd226536842abec66856
cfb9d9a3f35e,349,pair,pair:R5>T1,0,,bf135de1db2a,7fccce4faa2f,True,81f09108b18f2d61f627946b978e51f9e66a6e537c16cd18d016d796c3899eb5
6c67303d7e65,350,pair,pair:R6>Am,0,,ef2dad65a896,ae7eec9cc6aa,True,3c8e94ec636992fdfc400d2fa7522562c4e57427da0564df4f5a132263aacb68
8b350d106df3,351,pair,pair:R6>L1,0,,ef2dad65a896,ad5110ebac00,True,b50db174b6eca90f24639c114584f8fd8a866e5ad6b1fcc11c53711d55ae1cfb
ea27863d1ed3,352,pair,pair:R6>L2,0,,ef2dad65a896,36f25ce16c8f,True,a523d041ea02e02e0d57f9480c3b944731506b00ca32c0d80869f336c111df5f
5fa6d5d417d4,353,pair,pair:R6>L3,0,,ef2dad65a896,fd5e84317740,True,0494ab7149e9e24eff7609afc1baed257d1dc43f41effdd0a7b9a7674826db86
892896247daf,354,pair,pair:R6>T1,0,,ef2dad65a896,7fccce4faa2f,True,3781603de1d2cbd75e4de8a873cf12b2a0b0a7a1adfa97deb87406d7034aa46b
728b11d470bc,355,pair,pair:R7>Mi15,0,,ee8007a1d4ca,4dd1eb26b0df,True,bd8d0846578414e42239082599e72742045120d43f077cf8116c8f57f330ebe6
59c13a1b0910,356,pair,pair:R7>Mi9,0,,ee8007a1d4ca,760f78ba3287,True,10948992b100b3b67926bade9aeff386f34a785ddedf92a98380a4983ec0525d
1e0c4886186a,357,pair,pair:R7>R8,0,,ee8007a1d4ca,8c5b077524c1,True,e4c318ebeb3a4bcd84a4a437f51f3d8c76421c53d67ce00a4459db38868cd7b0
8c72da2dd2aa,358,pair,pair:R7>Tm5a,0,,ee8007a1d4ca,e2174a9084c8,True,9c4507c5a51f4f2f2eaa96abd296a78b396031756686a52c465db86b2bf869c9
7d8f2e7b5d1b,359,pair,pair:R7>Tm5b,0,,ee8007a1d4ca,5bd7d91f26e1,True,110915a3702be1ae00d22e66b47382e6b3eb31ce14e297819fc28de7737dc4c6
69803429215b,360,pair,pair:R8>L1,0,,8c5b077524c1,ad5110ebac00,True,ee328da7ef4f168e7bfdcc5e49035958341512da8f3185a8523dbd7504a2ac5b
d100d8cc4342,361,pair,pair:R8>L3,0,,8c5b077524c1,fd5e84317740,True,0ee03131d1e5220a92e776dc5501ff9378653ffefea7bc58c4016d2f27c41039
46068a920c62,362,pair,pair:R8>Mi1,0,,8c5b077524c1,af1ee12c7a13,True,542e138dfd864b9a2ea939611a20257c903c72ae1541a22b6b41638274fbef3d
04e378cd90e8,363,pair,pair:R8>Mi15,0,,8c5b077524c1,4dd1eb26b0df,True,f9814c71cb6ab18da8091c3dbc278554a5ec05b96a1fa07b6da06cfecfcca4e9
d48de603da19,364,pair,pair:R8>Mi4,0,,8c5b077524c1,7c9f2d10b0f7,True,7e8c6270a85db233b4500f1c832b9cdb89aefcb1092ab35f031d2b19414a7d31
6c25dde21013,365,pair,pair:R8>Mi9,0,,8c5b077524c1,760f78ba3287,True,cea0568b8b43bd15dab31e31b20aa71572910310861677e5c4e0f253f62c5e46
28819197f736,366,pair,pair:R8>R7,0,,8c5b077524c1,ee8007a1d4ca,True,9ca4e74845a64429c0250163069595999292092537717f89bbaf6f4fd5a43bed
0d68c573e6c2,367,pair,pair:R8>Tm20,0,,8c5b077524c1,5202f2beeefe,True,497d9209b1e8eb476b79ff48e6d642940c6fcf9b42ebc2eaa136ea94ec852d19
6db500031370,368,pair,pair:R8>Tm5c,0,,8c5b077524c1,2455576c666d,True,bfbc3c65b98491646588d7164823f8dde994a52a7336f1aa0d1ed0b053f6de39
e8ba9cc31d80,369,pair,pair:T1>L2,0,,7fccce4faa2f,36f25ce16c8f,True,faf58fe58e44723f14bddb4a7fa1d15b8180012461b40aa6ba7669b35d6dccb0
e2b366f2712b,370,pair,pair:T1>L5,0,,7fccce4faa2f,cc98a8db805e,True,a485da408fb8c2e76cf8b1c38724361b7816b4b1ebf303f825959c05699d571a
15c01ed31778,371,pair,pair:T1>Tm20,0,,7fccce4faa2f,5202f2beeefe,True,3a6f391fc2323b3191b8af719fd02bbca3912947921351aaf1b82765ff50f009
fbce6cf18340,372,pair,pair:T2>Lawf2,0,,2c81c87fcf2c,3a1e8d7d01c3,True,b9abc92d7a0011cf5538142b28dea55b9ecaa533f37f7ede1ede63b0dacab107
2116f19e7d1b,373,pair,pair:T2>Mi1,0,,2c81c87fcf2c,af1ee12c7a13,True,a1f9bf9bf6c07cb120bb4c58fc7e83aa22d448d4b070eb2f5e26613170352566
7d59d7201398,374,pair,pair:T2>T2,0,,2c81c87fcf2c,2c81c87fcf2c,True,1bbccf3c5b93941f229b9a15d96775742fb61f9dcfd662dd394171d8111e2ebb
5401334051c5,375,pair,pair:T2>Tm5c,0,,2c81c87fcf2c,2455576c666d,True,20e051424301ca65262881721ad43ba8315c9f121b4f102f885434f3c80f32dc
81c9db50eef8,376,pair,pair:T2>TmY15,0,,2c81c87fcf2c,18fb00442a43,True,4aede3dc40a064ec79dd502bd4c709521ec4e6d423d3c000266264e34ca20d02
7ab83877aa21,377,pair,pair:T2>TmY5a,0,,2c81c87fcf2c,3ad6ff7262ce,True,6e520f9de2fb0b734b49e7a92b47648e1db1ded7d807ac12509b7f28179d2f15
718563ae9629,378,pair,pair:T2a>Mi1,0,,e4707238632a,af1ee12c7a13,True,6182ff2f9142adfbec3c7d105c2130816dd912751c5f18ecb9e7567c6d87a20c
6ec3b504ae96,379,pair,pair:T2a>T3,0,,e4707238632a,3b9aa8bb490c,True,2dd7b04711957739a1aa086566d057bc7e6fcc58c9d3692d0156c6db61c6f42d
c5b727dcd4b2,380,pair,pair:T2a>Tm28,0,,e4707238632a,0a8ba80929dc,True,406ed53956575b089f570a204c9c63a50da95a0cc400afc3c3b227ce5afb625a
e3af00a9d3c5,381,pair,pair:T2a>Tm3,0,,e4707238632a,1d04dc9e4e44,True,210cce26ed2410be2d1060cfdc2c81489387a706f5399681108621a701997c48
9881e64c482b,382,pair,pair:T2a>Tm5Y,0,,e4707238632a,05257d37421c,True,13caea71714bf29143a27eb4d912eba0f5a1877926c4e7b3f393cec6ac5e0c76
739de1658acc,383,pair,pair:T2a>Tm5b,0,,e4707238632a,5bd7d91f26e1,True,12b7fe831d7d9dafa150dcf214f3dc57c7b22cf97306c3a278edb2514e29e96d
e9a169bc4d89,384,pair,pair:T2a>TmY4,0,,e4707238632a,887ba31d1e5d,True,d7cc93399bbd93c1f6dc3b89f5d50a1dbe9673f7dbdf2a2edb2f58f606ec2421
58560bf3a88b,385,pair,pair:T2a>TmY5a,0,,e4707238632a,3ad6ff7262ce,True,e1464dd9577acc4ce732a9d9861ab80b77cd597c9765bbe94fb932b7844e34f6
f34d1734d2e0,386,pair,pair:T2a>TmY9,0,,e4707238632a,7af2610d274e,True,7ded1c26ef35429d5a59c5794a35007475826b51ccf9a8b4ca602d12fab7a5e2
7808f161606c,387,pair,pair:T3>T2,0,,3b9aa8bb490c,2c81c87fcf2c,True,7df879ec618da060ba602aba1d0dda2d16e44919c089fe6ebc3b2c996e590c58
dcfb28f40719,388,pair,pair:T3>T2a,0,,3b9aa8bb490c,e4707238632a,True,0f5e801c5199eb65e7a938fc2575728085490a0eea4db03b259404879e5328a0
992bbbc8f2e9,389,pair,pair:T3>Tm3,0,,3b9aa8bb490c,1d04dc9e4e44,True,2599f9412adeabbe8ef834ada6551100e625086ecd8c78be361bccb704ca2f79
36e0182d10b0,390,pair,pair:T4a>C3,0,,a722a78be07c,6182a4f16e6d,True,e99059012b30e787045431cecfa18069d8524324ee74798282f2163f7d3da570
59020fc95a87,391,pair,pair:T4a>CT1(M10),0,,a722a78be07c,63667a4a1a53,True,ae77d2921b66c287dfc0847da71da33ec39696b7551e0448917f50eb6ac1c186
e47793c3add0,392,pair,pair:T4a>Mi12,0,,a722a78be07c,22599a5bd694,True,9e1b66e7426a25736bb64f26f24b9eb98d1698f14006a7b94886e219ed7d1d3e
b15e207e431c,393,pair,pair:T4a>Mi9,0,,a722a78be07c,760f78ba3287,True,125aab608dfaa3edc062a5602ae145ec4465ec54b569dac205f8431c960c861f
e99426ca9433,394,pair,pair:T4a>T4a,0,,a722a78be07c,a722a78be07c,True,07746cf466ecae0b7c1b1ed10f8958568195084cee0a2be4e8cedb02894c8223
b5200aea9761,395,pair,pair:T4a>T4c,0,,a722a78be07c,3a2a1325fb93,True,3b06f9d7c3bc327a9656db79200dcdc448514162e791bad115723b3242e2b6fd
43f7241c6222,396,pair,pair:T4a>T5a,0,,a722a78be07c,9fd1579bc37e,True,2eb8fe704053615241af4dcca45e1fc74262ab336620eab795a867845d9cae81
2eb08e528c1f,397,pair,pair:T4a>TmY14,0,,a722a78be07c,28a670a5d3c8,True,d87873b12993cb005719a6ae2c9f84641662ff763c7e2df916b21dff34b060ef
014fbffac902,398,pair,pair:T4a>TmY18,0,,a722a78be07c,dd5eb1fb0caf,True,7e5a8153ef57061e94273f00b3da95adee29ca9e0dbb8cd65072b49e93bd2d06
e867ef8fdbdf,399,pair,pair:T4b>CT1(M10),0,,8dac2399d9d3,63667a4a1a53,True,6746cdb7be4bd941e4e020bc5b0e3897cccb9d7b4e968b11799c0895ac1dfaa9
80efc31a42f0,400,pair,pair:T4b>Mi9,0,,8dac2399d9d3,760f78ba3287,True,7a456ae761886bba4e0c7c76b70c22a980bc1e93e63d71cbfc07e52fad587ef8
b8b46e0f47c9,401,pair,pair:T4b>T4b,0,,8dac2399d9d3,8dac2399d9d3,True,9eb51940c784a25ea4b31874621e45d4a127c7d67712bbe46a44100bf714809a
d6a9966420b3,402,pair,pair:T4b>T4c,0,,8dac2399d9d3,3a2a1325fb93,True,212c34c43e784741171ab7f0c0c059051de26bfdc2e54e987038baadab5e3ac7
be58a9f75002,403,pair,pair:T4b>T5b,0,,8dac2399d9d3,3c304e466112,True,a39375d4d5859a0b6f334b2bfe4cbc4f66b103858b66f66508e9ec9c97e3ff25
010cf5068a97,404,pair,pair:T4b>TmY15,0,,8dac2399d9d3,18fb00442a43,True,fee85d31213c58b8562834c5dfb9c4130fd90364d416832eb32cba59f46d768f
aefa450a5e97,405,pair,pair:T4c>CT1(M10),0,,3a2a1325fb93,63667a4a1a53,True,4ce6e437a5edb38a0b6d79e00c3ecf9bf98d4c3702469e68dfd3bf023a427846
452cd1037da6,406,pair,pair:T4c>Mi9,0,,3a2a1325fb93,760f78ba3287,True,8c9b8e5f549cf2ad63a01f999b5b70ea6d219fe8d6c79297f4285d8ab660c6bf
50ece94aad4c,407,pair,pair:T4c>T4c,0,,3a2a1325fb93,3a2a1325fb93,True,072b36ca2a5b5cd4f45724379c4f2d724ed3ab6f2a4bfe14cbb70bd91074c21f
0cc29e8fa6bc,408,pair,pair:T4c>T5c,0,,3a2a1325fb93,4236c6342cc5,True,375355751273108be4fff9fdea1701847449b9b3d0cf4c60dda2b8efc68aef2f
8e79314b78e3,409,pair,pair:T4c>TmY14,0,,3a2a1325fb93,28a670a5d3c8,True,64b59c18c2f8f2b39531e6eb87421a49c4550574f59ac38de64811b40b83c050
09828a57a790,410,pair,pair:T4c>TmY15,0,,3a2a1325fb93,18fb00442a43,True,bb3ebf20505ab703dd522b3dbaac116471bd53338cafc4d3fb8a9b39ea1264a8
d6d25452cf8a,411,pair,pair:T4c>TmY4,0,,3a2a1325fb93,887ba31d1e5d,True,7f96def8946aaa39a2c6a39e9aed7b85b5ce81b3f2342c2664ec737927396584
b5441a080b2e,412,pair,pair:T4d>CT1(M10),0,,0645a54521a8,63667a4a1a53,True,78127ee20ebff082e9a0c8ba8b75dc7b5bd629be3b0b4aeaeb683871fae7ed07
2ea8f0016c5f,413,pair,pair:T4d>T4a,0,,0645a54521a8,a722a78be07c,True,4a8d389731d21cb52e96f2ecbbf16477439ba9f248f02092a2d6b54d77bb84ae
49f717f4375a,414,pair,pair:T4d>T4d,0,,0645a54521a8,0645a54521a8,True,ce619d4e2f03c1f4ceadba0febd901196ff629d3e8faceec0ffe7c1989ff18f1
a5f72fac86dd,415,pair,pair:T4d>T5d,0,,0645a54521a8,f0bbaae7f4af,True,8bba6ced3c38974ed7ca55d17d2625df139fafec69b28d3ea2e57cb60aff3815
f9d08a3e45f3,416,pair,pair:T4d>TmY15,0,,0645a54521a8,18fb00442a43,True,3a2105c103cb31f98a1ab27317c9bbd7ee6a8288a3d8f34ed3190cc0661fada9
a06142552426,417,pair,pair:T4d>TmY4,0,,0645a54521a8,887ba31d1e5d,True,4e7eca88c62d9c255b56c0453722dda89c2d3bfeec60aab4c25c17e1e0d7dd25
262ca62ad0ca,418,pair,pair:T5a>CT1(Lo1),0,,9fd1579bc37e,7c280b5b9f34,True,f0fbd35b1d0a02442bcb64590edb089ec856721a6d4d7de5abaa8f46d29b30a4
25ffd7aa0f8f,419,pair,pair:T5a>T4a,0,,9fd1579bc37e,a722a78be07c,True,0553cb80a9c5f9ad6aec9019f0156bc788b04c26fd19317c1e6735bffe63294a
ce75baa8203b,420,pair,pair:T5a>T5a,0,,9fd1579bc37e,9fd1579bc37e,True,89aabde399ac5c77d75586cde090f8179185563fe3fba0ce1a223f58e2e5a9fe
b2e9f148af4e,421,pair,pair:T5a>T5b,0,,9fd1579bc37e,3c304e466112,True,4db8536eaa88a1c1a259f68644650aa2cc5bcf7fe59cf8fda45bbb8afc20a971
f7a3125e7f70,422,pair,pair:T5a>TmY14,0,,9fd1579bc37e,28a670a5d3c8,True,69fab3d0ce9dca6035128026dfa88319183766de43406634e1a942379f100788
534034a2eb00,423,pair,pair:T5a>TmY15,0,,9fd1579bc37e,18fb00442a43,True,d654a22133f1781119dbd6ecaafcece72867157077a7b2abf094885655fdf0e0
b439f9609a46,424,pair,pair:T5a>TmY9,0,,9fd1579bc37e,7af2610d274e,True,020a5cc55c59e0ecbeb53d11e11173e141a88ad331caf46dcdfe850bf20755c9
ee1286e28690,425,pair,pair:T5b>CT1(Lo1),0,,3c304e466112,7c280b5b9f34,True,64ac7d7555e231ea8aa6975f0537cbaf47c1d7ddda6153924ad9caac72879b4d
4db516b22b76,426,pair,pair:T5b>T2,0,,3c304e466112,2c81c87fcf2c,True,9b7610444f6e957b20e927449a7c36e48d91e94c3b3b08b135e3052170ac3582
c3c768c597b0,427,pair,pair:T5b>T4b,0,,3c304e466112,8dac2399d9d3,True,86e6a0d59d3c21fb0f26acef9ecbf154c6f2bfe25b0af58949ae362ce75d29ef
4d809d2f01ce,428,pair,pair:T5b>T5b,0,,3c304e466112,3c304e466112,True,e4eb649bc9b72dd801cd83db7ddd6b37a1e1e8607ae5fd9b2177d556ee57f6a6
cce80dc28884,429,pair,pair:T5b>T5d,0,,3c304e466112,f0bbaae7f4af,True,b30a95d30284b78245a16861fcfc300a0629f34c3483397e50688296616cd707
addd7fd0b21e,430,pair,pair:T5b>Tm2,0,,3c304e466112,1716679973ed,True,45717afc5a76579f1d11e95fb85fb80da794ead1ff0360ee0fa040930949ff3f
08862f154dbd,431,pair,pair:T5b>TmY14,0,,3c304e466112,28a670a5d3c8,True,a9424e6a1db25d9abf2a6918d8c3f62c4d62a9acabbf81b60ec74d6a1b397e6f
80edc8ab0d41,432,pair,pair:T5b>TmY15,0,,3c304e466112,18fb00442a43,True,0ef1960f8df1c6614af9b3255e1e0bce1188ed96a2006baf02d74671ec69879d
29ac60664d4f,433,pair,pair:T5c>CT1(Lo1),0,,4236c6342cc5,7c280b5b9f34,True,eb1f4439fb3ec30a2afbf32c8e9acb069a296924ae66217f6a83931a369769e1
37ae3ddd4ff2,434,pair,pair:T5c>T4c,0,,4236c6342cc5,3a2a1325fb93,True,a5855e2b799ebb9d3fab95875c509ca3db2a7eed04bddcf8f5cfd840ed3edf59
7cca5b751aa2,435,pair,pair:T5c>T5c,0,,4236c6342cc5,4236c6342cc5,True,8ab1d6368e0ad21cac19f70e90149737bc1a39390ad20a0a8ebdeec4405e44c6
f031549e43a1,436,pair,pair:T5c>Tm2,0,,4236c6342cc5,1716679973ed,True,17ba47663022972acf1f7c6c41214518122a4f4ecdb8f248d2c5896355be3af1
a079febbb791,437,pair,pair:T5c>TmY14,0,,4236c6342cc5,28a670a5d3c8,True,0baa27835195a9992b354918b63a56e36d52613ec6dd73fd0dafa4ce8300048e
a0be8a07d297,438,pair,pair:T5c>TmY15,0,,4236c6342cc5,18fb00442a43,True,4fc9dee4f816bf72ce84158c80bde20273673ac8142651e6292bfb6f8ae3849e
3623aba7db2b,439,pair,pair:T5c>TmY4,0,,4236c6342cc5,887ba31d1e5d,True,a6096e4c96c5ed7e077cdd4668782102ac92ea981f9b15d09440a2e3dd4e84fa
5ddbe3cf363a,440,pair,pair:T5d>CT1(Lo1),0,,f0bbaae7f4af,7c280b5b9f34,True,f7a6f975bfa96d9e1d5163698c5452477ec8e76b3f248947ddd83923b10d047b
ab8338833535,441,pair,pair:T5d>T2,0,,f0bbaae7f4af,2c81c87fcf2c,True,402eca78100540b0af133068368d9d095dff20d768a6b133960ad4a09642fb17
b594d70a2aa8,442,pair,pair:T5d>T4d,0,,f0bbaae7f4af,0645a54521a8,True,241c13aaf48f13eaeef2e38025942c2ed27bde06151d6e08a03ba39161506943
bc75239611ee,443,pair,pair:T5d>T5d,0,,f0bbaae7f4af,f0bbaae7f4af,True,af7535399ce13c408c2b2edcde44a54cd7228793213bbd5f8c55e896798de3f6
3378806df5d2,444,pair,pair:T5d>TmY15,0,,f0bbaae7f4af,18fb00442a43,True,93e9c753a3c4b9ca5168252c4493689a4145b51b047d4622392b46dd25c2b627
d557d51211af,445,pair,pair:T5d>TmY4,0,,f0bbaae7f4af,887ba31d1e5d,True,e6d7ecb38f275680a1fb0b0c18a75b2ad9f8544e3705e0852f2c9feb51e547ad
caf72a09760c,446,pair,pair:Tm1>C3,0,,6b080cbcddcf,6182a4f16e6d,True,e9107417276170521eac9abf4fd2306c365dd2c5c779edb577a7b4df4039812c
2b2c1a1d1c0a,447,pair,pair:Tm1>CT1(Lo1),0,,6b080cbcddcf,7c280b5b9f34,True,f9e343ac0f2e28c41fdb54cd962377c69ebc6a43e9b2f102890b04bfbfd401d5
b7615dc470c5,448,pair,pair:Tm1>L2,0,,6b080cbcddcf,36f25ce16c8f,True,f3a80665f10167687f10183f7b8ed05e9feecd0254bbab7856b27faa1fecca42
02b40beb0481,449,pair,pair:Tm1>L5,0,,6b080cbcddcf,cc98a8db805e,True,c2a0d4a5303207e9a491ab28cb903be0f0f3d8720bfa04c6aaa7d78c4f1d7f13
54a5b246f11b,450,pair,pair:Tm1>Lawf2,0,,6b080cbcddcf,3a1e8d7d01c3,True,5bd7e902d4754dad5d083f359a0d28cf6f6db132cee2e6ef67f8932b3966e84d
a744a725f76e,451,pair,pair:Tm1>Mi1,0,,6b080cbcddcf,af1ee12c7a13,True,dcae099e4f39aa1c1a8cbfebebe773ac10f5c98a8e0dcff125e267e2f238eedc
1e837811cfdc,452,pair,pair:Tm1>Mi12,0,,6b080cbcddcf,22599a5bd694,True,3fad5647892adaf2c204f3f421c40cb1394fcc70edd087d612167ecfb473c1b4
325a2af06fce,453,pair,pair:Tm1>Mi13,0,,6b080cbcddcf,7fd7d345df8e,True,8a0d76b8bd856fa7b99355f4856b112eb2c663c9d4781fd10c025391aaf7c032
35367cdb6e2c,454,pair,pair:Tm1>Mi2,0,,6b080cbcddcf,8d98b9eb6175,True,351661d04cfa6a7e1c4dec845674cac847a00231f8c4a41107b3002e33295204
bf733077a226,455,pair,pair:Tm1>Mi4,0,,6b080cbcddcf,7c9f2d10b0f7,True,f4c70540186bd8273a95f0326d3fd22701d05e10bad421a9755c5fe3a7f42c41
3572df37042f,456,pair,pair:Tm1>Mi9,0,,6b080cbcddcf,760f78ba3287,True,3671d220391b17f38a8809f35e3e80f94cb0a07327bd598a107ef77fcb90ccf0
e21a4ca6c933,457,pair,pair:Tm1>T1,0,,6b080cbcddcf,7fccce4faa2f,True,e050c5837a90409adee0e1c266646b453b561d52758e96f93ef06d67b572a2b9
f768b23b039d,458,pair,pair:Tm1>T2,0,,6b080cbcddcf,2c81c87fcf2c,True,5c501493128e47886e936a2218c687965cdbe911d2bf167ab4b42767b813f251
baf09e4884f3,459,pair,pair:Tm1>T2a,0,,6b080cbcddcf,e4707238632a,True,a77223cc4044e78a8bc888c5043f02749dfec5548f79a2902e58650235fe44f2
30fd00b60663,460,pair,pair:Tm1>T3,0,,6b080cbcddcf,3b9aa8bb490c,True,c59b0c2d7b537ab75f6483324f0c85ab5d04fb432ad1f2366b2a3fa925e2e328
d3c1797269cf,461,pair,pair:Tm1>T5a,0,,6b080cbcddcf,9fd1579bc37e,True,e4401d5f63614c9de8c9f4b287c1ed32a77a9b32d17fa4a0e015fcbfa9da67fb
6d8db83c7c7c,462,pair,pair:Tm1>T5b,0,,6b080cbcddcf,3c304e466112,True,ea2bcab9ebb5d52b854477550c9e6ffa961d96d8f6f1f3b2c077b853b7bc52c9
0a06d7b2574e,463,pair,pair:Tm1>T5c,0,,6b080cbcddcf,4236c6342cc5,True,7502e3e120caa455bf8a76ce4cd93588db460116cd0fc9a6ea32c2fbefa38c05
5efaa17ecac4,464,pair,pair:Tm1>T5d,0,,6b080cbcddcf,f0bbaae7f4af,True,b189c941ca62ad99c97e892e2c68b768983614d7f840dfd92740fd3de1b4d38e
28fb2cf6cea8,465,pair,pair:Tm1>Tm2,0,,6b080cbcddcf,1716679973ed,True,6e342d835da70fa111a726171583d0562646d7abeadc3a070634922d2c2f434f
2cbf7f3e0b1c,466,pair,pair:Tm1>Tm20,0,,6b080cbcddcf,5202f2beeefe,True,2cde93f48899869ef7ca291d911a00e29ddc3c82243610b84986c9427c0d6c63
a69fd3974387,467,pair,pair:Tm1>Tm28,0,,6b080cbcddcf,0a8ba80929dc,True,09cc9fe3c4944f409bb302d9bb28e56ea79023d6d00ade01bccb5a9d639fe444
cda9409ccc03,468,pair,pair:Tm1>Tm4,0,,6b080cbcddcf,8f9d79739978,True,7f12118085369d7f7f1a3dfea4fefcb3a5a64abb7ea43d1066ce13bc163216b9
352181f1a7e7,469,pair,pair:Tm1>Tm5Y,0,,6b080cbcddcf,05257d37421c,True,c2d8d1889cfc367840f31c55255af2d6eaf36013451390e5789039946cd7b824
eb46d10dc955,470,pair,pair:Tm1>Tm9,0,,6b080cbcddcf,d00cef6913df,True,46b0476e06312fdfab7361fee63fa79c8eceacad894ee8cb23bf3709b3f0e179
3307d396b491,471,pair,pair:Tm1>TmY15,0,,6b080cbcddcf,18fb00442a43,True,b67090a342475e5f7b5bad35120cf84a7cdae3ac8ddd1ff050970c7e07e7f600
0c288db54fab,472,pair,pair:Tm1>TmY4,0,,6b080cbcddcf,887ba31d1e5d,True,80ca76b64e4a9c5bb3b0d72d145668abcdcb791113251e810df239de34ea9802
16b90f0295da,473,pair,pair:Tm1>TmY9,0,,6b080cbcddcf,7af2610d274e,True,849528bf45a0d26643cb1b458eefdbcda687396504e9a6ada43822ceb88b8c69
f04db8ebe14b,474,pair,pair:Tm16>Lawf1,0,,7a0908bbdc11,2627beca1340,True,61a286437644ec253468ded9cf8c75ba79028a616d71302994124f6d70461839
3289375b1cd9,475,pair,pair:Tm16>Lawf2,0,,7a0908bbdc11,3a1e8d7d01c3,True,ad34e9f40d416df80ed2ba91b7a73b4a8dc3c1e9c2631fa56e1bfa6bf7da134b
8f7b563dfcfa,476,pair,pair:Tm16>Mi9,0,,7a0908bbdc11,760f78ba3287,True,3fb6524e4b008d3bee631367e89b4c05d87c519112b31cac8d8e72d8d246c26c
3fea6b6e7784,477,pair,pair:Tm16>T2,0,,7a0908bbdc11,2c81c87fcf2c,True,91fad51ee4de1b2ccf4910711309135607a0e70773314c5acd5779710f2e92ee
20cb38224cde,478,pair,pair:Tm16>Tm1,0,,7a0908bbdc11,6b080cbcddcf,True,e24e9399a6736f6f03d3d5aff613713b7797a63c3d4eb6cebacbac471bf65268
9932e323af43,479,pair,pair:Tm16>Tm2,0,,7a0908bbdc11,1716679973ed,True,bb6e74db2120243e9011b925099c6141439396abafeec5642c3f813deab31681
828583b46ac0,480,pair,pair:Tm16>Tm4,0,,7a0908bbdc11,8f9d79739978,True,f16bae97e73a77ad7ffa1a59b50e05e386ddc5727979ced6005977d47a1dbf34
61e762500877,481,pair,pair:Tm16>Tm5Y,0,,7a0908bbdc11,05257d37421c,True,4268f1282833398d9fbbd570cac5ff1a1d559b9c30eb7c1ffd44d9f55bcb8bdc
dd17591d446f,482,pair,pair:Tm16>Tm5c,0,,7a0908bbdc11,2455576c666d,True,864ba187d917b6889095543411ff874e239bed38533de40f916da8715eee15d2
c75081551002,483,pair,pair:Tm16>Tm9,0,,7a0908bbdc11,d00cef6913df,True,e7e7569efe7aeb088f3f85567ef9016bbe3fdaa13b48c2f90027835d82ebb692
d21b988cd05f,484,pair,pair:Tm16>TmY10,0,,7a0908bbdc11,d1d3392c46d1,True,8040c91529fc9eb876fff048165bcddc092e304131b1f202073fc6cc92bd15ee
1a3bce0250bd,485,pair,pair:Tm16>TmY13,0,,7a0908bbdc11,e8c21941580e,True,b8dc53aafd98bce417ef773cf33cb2d3a0ab1b5ed073c9006659d59933b507bd
15582e088817,486,pair,pair:Tm16>TmY14,0,,7a0908bbdc11,28a670a5d3c8,True,4961a0bbde9651451f097b6200c940c2cb6ada2b397a5c7105882f7d1a2fd1c4
f821a288a0a9,487,pair,pair:Tm16>TmY3,0,,7a0908bbdc11,607b8ed34a33,True,ba400e9871377ccf6f350b6bc721715c2e7d8407a35e62b7d85a71ccc331dfa5
6983d439c405,488,pair,pair:Tm16>TmY5a,0,,7a0908bbdc11,3ad6ff7262ce,True,596f6c487edad80b3f64da4a7f324cd85737372a6ac36aae5d48af35098fba16
e4b28577eab0,489,pair,pair:Tm2>C3,0,,1716679973ed,6182a4f16e6d,True,a820a573f9544ff27903b248d3ab07a09add2c625e0909042d96ab81e920cda6
ce6fa4a3bc28,490,pair,pair:Tm2>CT1(Lo1),0,,1716679973ed,7c280b5b9f34,True,2d806ac9449c09d01b894be23c88eab7cbfce18e4965b37672b389016ad9e652
9cdb1f520771,491,pair,pair:Tm2>L2,0,,1716679973ed,36f25ce16c8f,True,3ef31821fd829d5e28ab92f335075a0998831f5b680f0f7bfb1027d962ab6188
90722a73cc62,492,pair,pair:Tm2>L5,0,,1716679973ed,cc98a8db805e,True,cbb3b852493da1dae16af990cf0ff63628f0e2c23d52e629a37251dd472fa98f
308b14ff5740,493,pair,pair:Tm2>Lawf1,0,,1716679973ed,2627beca1340,True,b2ea5ab0cc622fda038b19525339e5e49730336519be7f26e6092b2087a0dd83
e4f9edc1b06f,494,pair,pair:Tm2>Mi4,0,,1716679973ed,7c9f2d10b0f7,True,0ad762d61d7e4bd1c11554d4a353660a04a11e372dc3d47cc6890bc225a26e03
6dbcd6c20ba7,495,pair,pair:Tm2>Mi9,0,,1716679973ed,760f78ba3287,True,4ca4c0867453473a6d763891a26b6e312ceca973fd1f6f25d807148425687229
9b52081b7f95,496,pair,pair:Tm2>T2,0,,1716679973ed,2c81c87fcf2c,True,b065d61570c3e163f76ec76ce7f12431b8373fe25ecfa8d06125c48e25f81574
f61563ea115d,497,pair,pair:Tm2>T2a,0,,1716679973ed,e4707238632a,True,65f0fbab02c1c774c08a8bc12e61e0967d06a9f418b09568b9041dd437381436
b27778c1fc38,498,pair,pair:Tm2>T5a,0,,1716679973ed,9fd1579bc37e,True,6989f12a7426473b3081bc41f3064bf789b6649d78bedf2468cbdb26f61d7a9f
eb76bafec6d5,499,pair,pair:Tm2>T5b,0,,1716679973ed,3c304e466112,True,dc0ff4f63cd32f0c3090eda230ad478369b250d9fa4e03b02c3ada5c59aa5ebc
a8177c65489a,500,pair,pair:Tm2>T5c,0,,1716679973ed,4236c6342cc5,True,1b8ed10bf25f900c684c5c9ceb141a204678225e285e020815920b4466f669a4
40ad1dc407ff,501,pair,pair:Tm2>T5d,0,,1716679973ed,f0bbaae7f4af,True,1a7c5dae04e129bc29c6674a94ca836f8c3ef84576904a6910e92b229ce834cf
acbe84b052f2,502,pair,pair:Tm2>Tm1,0,,1716679973ed,6b080cbcddcf,True,6e3fd68eac6024f398faa42ae41790b5f512308cdbbea5055f475759388fa253
f33f7f6b574f,503,pair,pair:Tm2>Tm28,0,,1716679973ed,0a8ba80929dc,True,a55ba4940c4f98994a9f51d6f34b159c44e22a7636d96fb305c90ba85b96765a
05007353d9a2,504,pair,pair:Tm2>Tm4,0,,1716679973ed,8f9d79739978,True,2200dc27e1e1c55810a46962b4d7711791dbf9ddab73f27ecc89de08667aaebb
05876b1ef0f8,505,pair,pair:Tm2>Tm9,0,,1716679973ed,d00cef6913df,True,475f2bc6a3e41b6f080ef817bf1043dbd8fb2e766ab8adc4e9d1e75458839d8e
695fd02f30a3,506,pair,pair:Tm2>TmY13,0,,1716679973ed,e8c21941580e,True,b2452ab0bf0e625d4dd3ed13d2d7dc76cb4be4a0454d7497453e3e2644dc807c
dce78852f7f1,507,pair,pair:Tm2>TmY15,0,,1716679973ed,18fb00442a43,True,73bf0a436b609086afaf3f803e9d0950076333469e589e5122762cb720dac1e2
61ed8dd264a1,508,pair,pair:Tm2>TmY18,0,,1716679973ed,dd5eb1fb0caf,True,bf6857b7cb10f7fb149aa277af337e12e0ab5713dcf5f4673631036062eb5c24
7934cb308844,509,pair,pair:Tm2>TmY3,0,,1716679973ed,607b8ed34a33,True,56d0208753296adf6b290226b868f7481944f67412b798d8c08ffb628ea3fab2
20ea2967e1c4,510,pair,pair:Tm2>TmY4,0,,1716679973ed,887ba31d1e5d,True,36d6b68c9542c63a1ade57cde962abe58a3cc1c20892d655d8ebb41829c34f5b
b3c3d368a74a,511,pair,pair:Tm20>Mi2,0,,5202f2beeefe,8d98b9eb6175,True,480ddbc1cd9bae72707569babf510e8cfb00cb2d978992b3aeb1e2b9505fffc7
a41b94975c7b,512,pair,pair:Tm20>Mi9,0,,5202f2beeefe,760f78ba3287,True,0eeb70032ba3682efc2d61112fe230af6f687d6b25829cd3a57af68023b60eac
87b808ad1f25,513,pair,pair:Tm20>Tm20,0,,5202f2beeefe,5202f2beeefe,True,50d8e4e2967643aafde69ded327c9f71c98231e999848f3e9322508fc6641b73
d5d32dafa20d,514,pair,pair:Tm20>Tm5Y,0,,5202f2beeefe,05257d37421c,True,e37b778fc1e816d3241b938ee3bcfc949b2b5e3639ee291ba500a5c1d3c0a676
381fb63974ff,515,pair,pair:Tm20>Tm9,0,,5202f2beeefe,d00cef6913df,True,14f5294437785aa4adca8d61a2771d4a89eabdfbe416e1d5340b832143ff0d59
4d0f52eb3c36,516,pair,pair:Tm28>Tm5Y,0,,0a8ba80929dc,05257d37421c,True,c20ce305dfac243f47b75469c19aa5666b1f7d7fa96605df8f3cab7ee5801a6b
5268f8757970,517,pair,pair:Tm28>TmY4,0,,0a8ba80929dc,887ba31d1e5d,True,8114036f01b76d7b188468b61379b6a95ef5fe077764355c7cc8ce2f0b5f8ebe
d07ca5abc1dc,518,pair,pair:Tm28>TmY9,0,,0a8ba80929dc,7af2610d274e,True,3c9c68851dac07fc519349b19bd1b2622055899176ee592afb41976aa6226f18
afec25957712,519,pair,pair:Tm3>L1,0,,1d04dc9e4e44,ad5110ebac00,True,ee906704ff9119460d8360be2da37ed9f8f1ce7ad6d95c9e083776e03ec08a13
d68965b1c55a,520,pair,pair:Tm3>Lawf1,0,,1d04dc9e4e44,2627beca1340,True,987aa1274f9d5844346e9757a1609fcc34bf1fa819bcd78b8662ce22f9476342
ae85ea3a5718,521,pair,pair:Tm3>Lawf2,0,,1d04dc9e4e44,3a1e8d7d01c3,True,a605c9566af18ac699b5c2302301dd230325fcaebbe56746230fc946ee3b6fa0
7733bb759142,522,pair,pair:Tm3>Mi1,0,,1d04dc9e4e44,af1ee12c7a13,True,50d10e5b03b4d75fb65990b19e1e12b7dc98145cd6e9c83ab363e056caa964b2
41c6259e111d,523,pair,pair:Tm3>Mi11,0,,1d04dc9e4e44,f8c7207459cd,True,c10b7fab8a9d9122c90568eb2d068e66524b11b652f0a7e1f13b5f262731cb37
21b7bf5ac583,524,pair,pair:Tm3>Mi14,0,,1d04dc9e4e44,b33da6e1384a,True,6a7610a80762195a08f8e4258a8995df6acd6b826eb84f5045ef617a319c3963
bf61536e7750,525,pair,pair:Tm3>T2,0,,1d04dc9e4e44,2c81c87fcf2c,True,a10e01ac18e4da488ceccb0888e38a2064610eb3d4214fab3f14254d1d287d48
7b14e9acaf71,526,pair,pair:Tm3>T2a,0,,1d04dc9e4e44,e4707238632a,True,ea43b87b812bed8c11fceb112d76c4066d3f65d19cd4e1b7fa06629b15b1f4cd
b64d9b84e2d1,527,pair,pair:Tm3>T3,0,,1d04dc9e4e44,3b9aa8bb490c,True,96378952e4c0e8dd4a99757be479bc472b7ac246c13419f362b118004fa260cb
9e282a1c8dfb,528,pair,pair:Tm3>T4a,0,,1d04dc9e4e44,a722a78be07c,True,2d937f903bd8d432000f1dccfa609f8be34991089db6f86862ac390283bce10c
3d2e3eef51d7,529,pair,pair:Tm3>T4b,0,,1d04dc9e4e44,8dac2399d9d3,True,4f818e4055079d30b36b0e3e040779d2e06d19253293dff9d7ed583b020b01d9
440616171af9,530,pair,pair:Tm3>T4c,0,,1d04dc9e4e44,3a2a1325fb93,True,8270729a9ffbacd4de89e2879edcadb392ed39f798add4fa7b140124829f6b34
28f9ab435364,531,pair,pair:Tm3>T4d,0,,1d04dc9e4e44,0645a54521a8,True,a989e23544abb0a8b044b98f119e9dfd0b3c9c1b5efea97c79779a54d1b15f3e
60c45125a1f6,532,pair,pair:Tm3>Tm3,0,,1d04dc9e4e44,1d04dc9e4e44,True,91a7713365eb901630f742a4e4a6ec2f89aa863594817a40e041588e2f6cb867
01eab188272d,533,pair,pair:Tm3>Tm30,0,,1d04dc9e4e44,fabbe5261153,True,d8e4cb527328366425a37f4d6eca231347c50b11da9e09b9a55e0e3350b0b26c
e6cf64a46d64,534,pair,pair:Tm3>Tm4,0,,1d04dc9e4e44,8f9d79739978,True,fab61af1ae346d6de91b243daf88b40c4c938658868561477a331c23256df056
1623b5e364fc,535,pair,pair:Tm3>TmY13,0,,1d04dc9e4e44,e8c21941580e,True,2ed1b02daf0f64fef0d2ef1c92002b503ec9599d6503bd79180b2df7021073af
c4da0bb09a09,536,pair,pair:Tm3>TmY14,0,,1d04dc9e4e44,28a670a5d3c8,True,4911968800cf2e7064f0d05bb422811acbdb276721fd0ec43a3c1d56b8f248ba
e2ba9b47e4f8,537,pair,pair:Tm3>TmY15,0,,1d04dc9e4e44,18fb00442a43,True,7ac32320499e5a8851b032806aace799efd3938d9240eb9e745c29eb9b21f46c
da8b08d5185c,538,pair,pair:Tm3>TmY18,0,,1d04dc9e4e44,dd5eb1fb0caf,True,48958fa3f90eee8cb5216781c043f4272e7ca787ae7495b8c64416d105a983f8
1d6ed7b18489,539,pair,pair:Tm3>TmY3,0,,1d04dc9e4e44,607b8ed34a33,True,d98c26647edd8d61ef2aeaee434805be3e00ca1bf53638d75fcc4da189877fec
1dc544bc2e6c,540,pair,pair:Tm3>TmY5a,0,,1d04dc9e4e44,3ad6ff7262ce,True,06aba0065d0d6398779ab6e52caffff4fedf4ca368336cc5666ad2052f2f5b93
e8b1113983ac,541,pair,pair:Tm4>C3,0,,8f9d79739978,6182a4f16e6d,True,ef17cedcf8cf21bdc4cc7aca655b4c8310621eca244efa86015d00c8731b588c
203326b36f47,542,pair,pair:Tm4>Lawf2,0,,8f9d79739978,3a1e8d7d01c3,True,f932acce9bed73465824ca5b3cb7681a461619948b6539db99798236ac4c0eeb
67940c2bc03e,543,pair,pair:Tm4>Mi10,0,,8f9d79739978,59362ec08e0b,True,4eb2246c0e311cd9e5675a81ab46619c3ee32185340c56fbdc1b99192498f647
f74e94afe19c,544,pair,pair:Tm4>Mi12,0,,8f9d79739978,22599a5bd694,True,744a2136270c871634b359b65086238639fcb6b2c33babb015162c172f96de5d
0e8e72423c03,545,pair,pair:Tm4>Mi13,0,,8f9d79739978,7fd7d345df8e,True,da041879684f656c4e518bd17ca10aada59e87658b6ffe84fd64e428a7f3f07e
5f660ec17708,546,pair,pair:Tm4>Mi14,0,,8f9d79739978,b33da6e1384a,True,774cae20aa11198b6f0eae01a521848bd514c61944b282fcd360512326cb4fa1
b7934a629b83,547,pair,pair:Tm4>Mi4,0,,8f9d79739978,7c9f2d10b0f7,True,a456deeaa28778e6950fe18716cb75278fa09031ac49751cdf0b6338cf1a62d4
0f7927756214,548,pair,pair:Tm4>T2,0,,8f9d79739978,2c81c87fcf2c,True,90937cf4c0483d3c18e4497c8a4af59ca7f35184bf40929f94b1a9f9a48a67bd
a8051444571a,549,pair,pair:Tm4>T2a,0,,8f9d79739978,e4707238632a,True,a2a536e1405e20465f4ecfccac9bd1d3bb6f464712ee3aa6a81b198b4c3c58ec
46b25049c287,550,pair,pair:Tm4>T3,0,,8f9d79739978,3b9aa8bb490c,True,9b8a003fe4d711977f67b6c7b5c97e74afb8b24a1baa66583baba6e3043c639f
9cce88f9858a,551,pair,pair:Tm4>T5a,0,,8f9d79739978,9fd1579bc37e,True,fd2bcd1be1130e333b5db5639f1ff52fcc12cf5f58b57822705ce2424d595456
3aec27ec714d,552,pair,pair:Tm4>T5b,0,,8f9d79739978,3c304e466112,True,5e2ab0596b0d418729e35147764fb96a0ef61235de957d68bbd88eb0ad20adbf
be99d1f42599,553,pair,pair:Tm4>T5c,0,,8f9d79739978,4236c6342cc5,True,0c7a8cf176307aee08168a1ad45e4d9b445fdbe70b29151a492d8210b8e1d3ea
6b33241019d3,554,pair,pair:Tm4>T5d,0,,8f9d79739978,f0bbaae7f4af,True,bc556b660848f5bf103105a470234e5d2d1321361ba4c4b57b855a29437fa0d0
e45bb1cba310,555,pair,pair:Tm4>Tm3,0,,8f9d79739978,1d04dc9e4e44,True,4d7a6aadb648d9a8e0ed4cfcd96219a68e1c12673f697a590ad07a09b25699a7
b465931d5976,556,pair,pair:Tm4>Tm4,0,,8f9d79739978,8f9d79739978,True,3e7d9d5e48ca7e4fa0c40a24b412f77d01f5d7d7e1ad66315c601c22bd26e832
667ddb75d50a,557,pair,pair:Tm4>TmY13,0,,8f9d79739978,e8c21941580e,True,729921fee9c8697c6a2a0b136d6eab73598d32f4506077504284f1142cfd78a1
f608324871e2,558,pair,pair:Tm4>TmY14,0,,8f9d79739978,28a670a5d3c8,True,5812e4ff4c7352930898b12258778618b41369debf246a978e2b939b6f08da32
425678101fd8,559,pair,pair:Tm4>TmY15,0,,8f9d79739978,18fb00442a43,True,b1c9d8d9b86396f2b2396a98340d5725aaa7de4c03a3f99c25f4c32348847c29
7099acb3e54c,560,pair,pair:Tm4>TmY3,0,,8f9d79739978,607b8ed34a33,True,246798b746c830fa8e3fb2b65c439f86d84729405c842fcb45066d13e33f910e
342f714aed40,561,pair,pair:Tm4>TmY4,0,,8f9d79739978,887ba31d1e5d,True,7df143e5670eee2f6cb64eb36c0a8ad8deaa99585aa3e4d2b49213f4f34b90ba
1f324df9f6b7,562,pair,pair:Tm4>TmY5a,0,,8f9d79739978,3ad6ff7262ce,True,93d4182acd431ad6adcc7696745039f1bed33e720fc37003a88d8e1e087f714a
8311d1b0e4e7,563,pair,pair:Tm5Y>Tm20,0,,05257d37421c,5202f2beeefe,True,9adf07be5cb3f34402dd24710b10d75e9593073cbcb82c040711cddbcb0ea1b7
85adaacc8953,564,pair,pair:Tm5Y>Tm5a,0,,05257d37421c,e2174a9084c8,True,b2732571614697f196c27fe0b2df6906cb7893a7a477c2c243914849a001255e
f5f8e72ced80,565,pair,pair:Tm5Y>Tm5b,0,,05257d37421c,5bd7d91f26e1,True,eaf70140d87410fe9fa31e7bf9ca9e0654178f4d29118ab096ce06dfe8451da4
1622a73db0ed,566,pair,pair:Tm5Y>TmY10,0,,05257d37421c,d1d3392c46d1,True,6933e8e63470b204d6a13fb5f99a47d60a7e4e4786b023e43ae7c8cf8d6cec22
437f730288e9,567,pair,pair:Tm5Y>TmY5a,0,,05257d37421c,3ad6ff7262ce,True,e6e33bb4b90eba04f59317b16fd4590bd93e5bbaa98d5f0a6931a2d9849a260e
960d384fe13e,568,pair,pair:Tm5a>Tm5a,0,,e2174a9084c8,e2174a9084c8,True,0aa3e6e43efd7860c80c3571fd52d4fb9f40159ba8b794c4686fe5419de08c0f
822871182085,569,pair,pair:Tm5a>Tm5b,0,,e2174a9084c8,5bd7d91f26e1,True,5d8ceafd643f33a710d8065c36bba0369f7e4a84269c482c410818920e9d7465
6f6aaef43ba4,570,pair,pair:Tm5b>Mi10,0,,5bd7d91f26e1,59362ec08e0b,True,e059c039a71d77371479627d8fc671b97ba88ade7511d2fd100547f55ed708b9
08ad5aeba6ec,571,pair,pair:Tm5b>Mi3,0,,5bd7d91f26e1,0172ab6332cf,True,a657f6d256ad6a0add1157daec5588705bed222c89eba82086d608dd35f44072
60cc01c636fd,572,pair,pair:Tm5b>Tm5a,0,,5bd7d91f26e1,e2174a9084c8,True,60cb667930e51d1e45ef08c50c771b470e845ca521882c4bbedd3ca945a5866d
26f3a764cd3e,573,pair,pair:Tm5b>Tm5b,0,,5bd7d91f26e1,5bd7d91f26e1,True,58a02eea9d01e956e644b79c74c02a40409d21431beafd1b9f4a6a5ddc0f3343
12d121d4a0a7,574,pair,pair:Tm5b>Tm5c,0,,5bd7d91f26e1,2455576c666d,True,f97b07bfadc03815d247c055797e0d8b4afd82d7f21608784007ae2096bcc992
903ad0b94863,575,pair,pair:Tm5c>Mi15,0,,2455576c666d,4dd1eb26b0df,True,099b8d5f048d5349bb739bb5e303ead3c955abbf44c289f9695b6627fb868da5
80a8183e9af0,576,pair,pair:Tm5c>Mi4,0,,2455576c666d,7c9f2d10b0f7,True,7861bddb6dce319043068110d23b549ba2418788276ec5f9faf652973925a2eb
5d1e47af3b09,577,pair,pair:Tm5c>Tm16,0,,2455576c666d,7a0908bbdc11,True,a103b5750c18109b4dcccdebefaa69d8592536d319f9823ee662ed0a37b7305f
9c226ec452c0,578,pair,pair:Tm5c>Tm5Y,0,,2455576c666d,05257d37421c,True,5c7ead87c1e1f983df415ee7688ac32688827b4b11f11f2a410880ba99ffb0b6
e1b746e0017c,579,pair,pair:Tm5c>Tm5b,0,,2455576c666d,5bd7d91f26e1,True,744928b21502be46c3a4147a57fbb163f231c27459dbfac1a55aeb17f1352237
44d16767a1d5,580,pair,pair:Tm9>CT1(Lo1),0,,d00cef6913df,7c280b5b9f34,True,7eab861d2edb87a911f06cc19e8c3d3d77831812a3690f048577c05cf01feec8
b60f751d532a,581,pair,pair:Tm9>Mi9,0,,d00cef6913df,760f78ba3287,True,0395ae1fd8994be45abe3cd9b0dcdeed39915dd35fcbd6ca8d0f3e57bcbe300a
750094aaede2,582,pair,pair:Tm9>T5a,0,,d00cef6913df,9fd1579bc37e,True,555a43b354cbc1d14b8ae5c342c4d003847e22d026421339df95922bee326016
9a40b7836cd4,583,pair,pair:Tm9>T5b,0,,d00cef6913df,3c304e466112,True,871e0f8aae1c8e6bcb73e33a4f64870c08fef8216ecdc8a0b4d614957acf76a1
4e75aaa8d264,584,pair,pair:Tm9>T5c,0,,d00cef6913df,4236c6342cc5,True,2d1d779249c14f1a1a6ce583ea72432f55d27454ad4eeeff17cc72fe4444db90
91d4683ed143,585,pair,pair:Tm9>T5d,0,,d00cef6913df,f0bbaae7f4af,True,06813ee5dd1082037904b908940d8fc4c6640746076b329cf3a3ca74093d5642
ff6ffbcfefda,586,pair,pair:Tm9>Tm1,0,,d00cef6913df,6b080cbcddcf,True,e7aa8f4a8fd1e16c09949db0a5b180bf0da8e585df522ec0015c5ccc9037f111
b8f27613b1c2,587,pair,pair:Tm9>Tm2,0,,d00cef6913df,1716679973ed,True,ff794f6c4cf5fa020adfb9b2fa40b5b1347e72ff52151b77b099a1fdbbdaddc9
89b7d68cb13a,588,pair,pair:Tm9>Tm28,0,,d00cef6913df,0a8ba80929dc,True,4ef5e2cbfde88c73c988fed5824e592c09bc1059b131ef39c3ebf02f2b29cf62
476d3ef5d6bb,589,pair,pair:Tm9>Tm5Y,0,,d00cef6913df,05257d37421c,True,c67e15bd999cc386deb3292545b37d10dc370797a3a5e2997f2371d0ad6423b9
3880fb8824e5,590,pair,pair:Tm9>TmY15,0,,d00cef6913df,18fb00442a43,True,38e7e3431f083bcf9fa573c5a36d3550afe0a14a60020afa9b5ac53dbf7d9da3
10f1073d5a78,591,pair,pair:Tm9>TmY4,0,,d00cef6913df,887ba31d1e5d,True,c90dbc5359223daa2bdcce5530fa9a5d8d125b13996a84efb7f5ed1c63bbf63a
73963aeebbd2,592,pair,pair:Tm9>TmY9,0,,d00cef6913df,7af2610d274e,True,7fb6702586ea6ed8beb71ae93c0a6a857d05831a4fa368f90066d17853607332
98ca660f235e,593,pair,pair:TmY10>Mi4,0,,d1d3392c46d1,7c9f2d10b0f7,True,94a4f99334df5873405f22517632340f429e1290c301ccf724c16372d0ec3199
6874740d82a2,594,pair,pair:TmY10>T2a,0,,d1d3392c46d1,e4707238632a,True,72b097d5a874b50ec764bd437ac2e951e0a3ab6855adcfd5ef5aa2a3f68803e7
05ea9126e548,595,pair,pair:TmY10>Tm16,0,,d1d3392c46d1,7a0908bbdc11,True,8d1a882050e2643f9306e95534bce4d4f7558d84fa706f8ab375b107f3ab5b43
7ce89f5e7b73,596,pair,pair:TmY10>Tm20,0,,d1d3392c46d1,5202f2beeefe,True,c4fb3dd6f99281512ce63e55265660aec7f58ede9f252d2f6b42f33e67da5a8a
fb11d7dffe3f,597,pair,pair:TmY10>Tm28,0,,d1d3392c46d1,0a8ba80929dc,True,6b8c34727c1e043de5417124c144b8151f95f25174872c2c22737ed15ce06581
79687e3056df,598,pair,pair:TmY10>Tm5b,0,,d1d3392c46d1,5bd7d91f26e1,True,ac2d16df4fbd20579cf9d8679e2319ac80381dc9912d262e99bf0ce0a34bebd5
f7d255d8b1fc,599,pair,pair:TmY10>Tm5c,0,,d1d3392c46d1,2455576c666d,True,55e1862aacd3ffea1881548d4bab6cbb8481509aa61475c91c196507b20f8ab9
698fa48e302a,600,pair,pair:TmY10>Tm9,0,,d1d3392c46d1,d00cef6913df,True,7c1fe1fc255aef85125f14164a4b354946a0661b0637481f9c90bb51aa7a3866
bb545e2360f8,601,pair,pair:TmY10>TmY4,0,,d1d3392c46d1,887ba31d1e5d,True,b7717e945b86adfb5e4ff7982bf02c17fd7fc9528af7da7deadb5c99372e1c85
a6727537c1a3,602,pair,pair:TmY10>TmY9,0,,d1d3392c46d1,7af2610d274e,True,e288cc0758e9fb11c0aabb01e42c3c2c7707359cc53d9ab49937d2ea68c9ac7c
d5966ab2b36e,603,pair,pair:TmY13>Mi4,0,,e8c21941580e,7c9f2d10b0f7,True,065351f47f65b0454822fa4a35d9f47afd0f991fdbff919ed328068a9b303036
341bc52fc9fa,604,pair,pair:TmY13>T2,0,,e8c21941580e,2c81c87fcf2c,True,38f40e4a5970753b50ab784a7065687f5b75719c4fc19cec63896b1ee37d8f3f
388582bbbfc1,605,pair,pair:TmY13>Tm16,0,,e8c21941580e,7a0908bbdc11,True,d954fc957d7dc633be1a59e9b226c9a9ef0970d5df37d7d4a8dd06fbf4a2d9a7
e6f143e97f8b,606,pair,pair:TmY13>Tm5b,0,,e8c21941580e,5bd7d91f26e1,True,24209f278268182cfbe9c45c8158937024752e3940b18c379e2586e8fcf08215
466365b1ad58,607,pair,pair:TmY13>TmY5a,0,,e8c21941580e,3ad6ff7262ce,True,096c192d337a9b075c091cd14e4a2b394e3c518e34e52ef4d020adf6294c148c
0745c03cce7a,608,pair,pair:TmY14>C3,0,,28a670a5d3c8,6182a4f16e6d,True,ecdef301bcc5ba87c9585b90c352051bb90cc020760ce00e4dc6a1b93944c702
ae6d58bd1470,609,pair,pair:TmY14>Mi12,0,,28a670a5d3c8,22599a5bd694,True,a0587a9a9aa3636c857cd15b8670358688148caceb858a6be71e263c8aec4adf
59a21befb76d,610,pair,pair:TmY14>Mi13,0,,28a670a5d3c8,7fd7d345df8e,True,86469ca7b1e95f0c6bf1d6050d556ac51bf94c95b35fd239e91e7a76be698434
9ff70554ca69,611,pair,pair:TmY14>Tm16,0,,28a670a5d3c8,7a0908bbdc11,True,e1eda9255e2b9b2736b687e98f509413920d44903b0fcc5f23a7e9896c1dfd86
f268aea43154,612,pair,pair:TmY14>Tm9,0,,28a670a5d3c8,d00cef6913df,True,4ad75748046447ffd33808cbece6c75f64970da6db11c54ce3b8d0e7dd707019
ac102ef3345b,613,pair,pair:TmY14>TmY4,0,,28a670a5d3c8,887ba31d1e5d,True,5a872d3b9fff69848c99b1b77184b6decf8914edf8a5cbfb1bd7193917a33b85
b8f63793fcad,614,pair,pair:TmY15>Mi4,0,,18fb00442a43,7c9f2d10b0f7,True,915f4cc9a45adefbcf069b4ae946ebabc90ad07a88cac79357f48d39f501d9b1
6bfb84349f9b,615,pair,pair:TmY15>Mi9,0,,18fb00442a43,760f78ba3287,True,7d9149de7b02c1235b03d8ab9fd83b215f1fd8212d3f21703a72b7fcc3693eea
6bdbc6888b61,616,pair,pair:TmY15>T2,0,,18fb00442a43,2c81c87fcf2c,True,f13175249a5f61b6e938138431ab6a4f792db15fd8bcb2d60f3b13313d38719e
2544e96f702f,617,pair,pair:TmY15>T2a,0,,18fb00442a43,e4707238632a,True,65952093c3ebf66c5f5ca71a942ce43dbdd9733f3eb34c37f5af6ee0daa35e85
31408404fe3f,618,pair,pair:TmY15>T4a,0,,18fb00442a43,a722a78be07c,True,9ae5083da9dbc618f44aed8a297cbbc0faf081b6c74a966bb18f52c0c86356b6
b4f6d558d451,619,pair,pair:TmY15>T4b,0,,18fb00442a43,8dac2399d9d3,True,b9ba98a039401eef07eec9aa80c2f0e12e829448b4f62de1630e1ffed63727e8
e513731ce4f7,620,pair,pair:TmY15>T4c,0,,18fb00442a43,3a2a1325fb93,True,cafabe395ea1881ecf9712a1482aa9babb4d81807bed3d3526d359c2f09da6e0
44fd3787b64d,621,pair,pair:TmY15>T4d,0,,18fb00442a43,0645a54521a8,True,ff4ced108e938d86ff3d212c750135d2b890d8902365fec82641ac5d2c8b0dd7
22d1d5d99e87,622,pair,pair:TmY15>T5a,0,,18fb00442a43,9fd1579bc37e,True,d1acf2ae4a04d52f8dcef7415cabafbb40d8f627dad45811d320b0a0a7b690b3
032b44c6672b,623,pair,pair:TmY15>T5b,0,,18fb00442a43,3c304e466112,True,bdaf36e2c0c63242210f4a27670dd787113becc713d36f01b074c6f0d3bc4e13
642814ca3031,624,pair,pair:TmY15>T5c,0,,18fb00442a43,4236c6342cc5,True,6bc989f1d1efefdc9db1a55c063df513253d6e8dac48b100ff5873acaafcc20b
9a5ad9889fe5,625,pair,pair:TmY15>T5d,0,,18fb00442a43,f0bbaae7f4af,True,83a742241fc662e72499761b808bc3d97bd2c6f2427ef77bcaf50a6c066cc95d
69c95367cbd5,626,pair,pair:TmY15>Tm1,0,,18fb00442a43,6b080cbcddcf,True,42b6ca60ba3f67da3211b11d92496a80623588b644d3580b9f67e6dfbc7d2025
cbfa4bfd4da1,627,pair,pair:TmY15>Tm2,0,,18fb00442a43,1716679973ed,True,d0a9cb250632ba7b1486cf14d6b31aec65b4dc170065ab35ced4e761dcf1b6dc
0ecd1923e795,628,pair,pair:TmY15>Tm3,0,,18fb00442a43,1d04dc9e4e44,True,657b873fd0be2e4f5b716f5bf74a111d2784ad89308a1b5cdfef704ddc714948
fea02ba18718,629,pair,pair:TmY15>Tm4,0,,18fb00442a43,8f9d79739978,True,f0927e2cc24ea063ddfa4ba3ef7ababd5e53d0c0863773b6bf56e6c1f5458a35
248be68e4764,630,pair,pair:TmY15>Tm9,0,,18fb00442a43,d00cef6913df,True,6d3efcdeab9550597b54c620023e78f7fe58116b89a3488c9e3f2723ba80d7d7
0b0497e0c416,631,pair,pair:TmY15>TmY14,0,,18fb00442a43,28a670a5d3c8,True,83b690e1c6eb088ac005725eb39bad097794146e6cd004208e99aada1ff40c53
a92eebf504ef,632,pair,pair:TmY15>TmY18,0,,18fb00442a43,dd5eb1fb0caf,True,35c49bc391b6dd12344ab71598851d60b27e131b433414cb433e7b244d2f3e8d
63d34367c50c,633,pair,pair:TmY15>TmY3,0,,18fb00442a43,607b8ed34a33,True,f93c341140831a72b668cb787ad6019a11ea9511c100b7b24b547f8a45635ab5
05bca2e5af6f,634,pair,pair:TmY18>Mi10,0,,dd5eb1fb0caf,59362ec08e0b,True,8d9bc0021671300a61513c450952ef0572a9dd78155b568aecf5c07f6f264c86
545d8250dff9,635,pair,pair:TmY18>Mi4,0,,dd5eb1fb0caf,7c9f2d10b0f7,True,7553d69535fd90666cc403529d3fd617426f9c3a1b870ee128e3b1232e75457e
393292639862,636,pair,pair:TmY18>T2,0,,dd5eb1fb0caf,2c81c87fcf2c,True,bf0b0bfe55d6f2703b7c7219f6bddd26225a7bc6774df98b8acd87c2a1172cb9
c026497daa9e,637,pair,pair:TmY18>TmY15,0,,dd5eb1fb0caf,18fb00442a43,True,2606b8fe81d9456f66a261961e6c8316973f88d065df54f177988cfe7d50f1df
1008f77ea73f,638,pair,pair:TmY18>TmY18,0,,dd5eb1fb0caf,dd5eb1fb0caf,True,5e88e919f2590d889d936fbefcdfcdc6727ef2028e7f46f6b8ac39fbf0367f34
2dd9600fbfe7,639,pair,pair:TmY18>TmY5a,0,,dd5eb1fb0caf,3ad6ff7262ce,True,5a9865aacac5c06248446c7a4ced880422a7dadf8fa180a65b9e3e996a6e3c61
2e309059a67e,640,pair,pair:TmY18>TmY9,0,,dd5eb1fb0caf,7af2610d274e,True,abba8c20ef8fc474fb27ccaa90c29c652a81defe22170b24a06510261ee828ab
1cf51a37b7e9,641,pair,pair:TmY3>T2,0,,607b8ed34a33,2c81c87fcf2c,True,f09c3d3407419e09661145665c09f86c30d26ebc00cdf819eb5ada5818d0e740
13fee493bf25,642,pair,pair:TmY3>Tm4,0,,607b8ed34a33,8f9d79739978,True,916d4ef2f56080a905487fba4e9a35fa906fbad013ddf3c1fe00c3aecae9c703
f9fdd1ae551b,643,pair,pair:TmY3>TmY13,0,,607b8ed34a33,e8c21941580e,True,cc13756e2561d8d3beabeb261a76960c4f2e690453942c6ce5907c172666b91b
7866d4afd14b,644,pair,pair:TmY3>TmY14,0,,607b8ed34a33,28a670a5d3c8,True,c6efa4e6aab77cdde3c89a942a87b6ee3f754c10fd0951a6ce08a7171ce5a2df
e72151c796d6,645,pair,pair:TmY3>TmY15,0,,607b8ed34a33,18fb00442a43,True,aebbd115736eb361b54a5b314e5c9e1f88d51626e3ceede140037b9a76a0e074
f4f0a65bdcf8,646,pair,pair:TmY3>TmY3,0,,607b8ed34a33,607b8ed34a33,True,d7fc0291b8c9d7e94664f20364b2d05bfe75f4905328ace812c9373d3a8f6e78
6b40b89329c6,647,pair,pair:TmY3>TmY4,0,,607b8ed34a33,887ba31d1e5d,True,a4be9d2880729fb39ea60d60115e5798ba076422d5adeecf209da95dc441f649
d3e4a75b8b5b,648,pair,pair:TmY3>TmY5a,0,,607b8ed34a33,3ad6ff7262ce,True,cc62eecd8d1ad90e66cc0809ca68bc60fa1dc475b264849d28e231dc39d7d146
cd1a0d8844f0,649,pair,pair:TmY4>Mi13,0,,887ba31d1e5d,7fd7d345df8e,True,629c448cf0657f41e6217261e3e4a6e40ca335c220942a131e52eebe41163310
63ae68959a1d,650,pair,pair:TmY4>Mi3,0,,887ba31d1e5d,0172ab6332cf,True,7be93241ae818fcd261757b582b51920e83ec924cfe1026d3101da22e1885864
8d30fd79cb71,651,pair,pair:TmY4>Mi4,0,,887ba31d1e5d,7c9f2d10b0f7,True,4bed8f39de8dedc7455453b25b252a0f7bcba31247859c44857c5cfaf4bc0511
8f34bc25836f,652,pair,pair:TmY4>T2,0,,887ba31d1e5d,2c81c87fcf2c,True,d97f2caaa0be93c47e477f4b23ca23a6aa67b8da565bbd679470d1e7078dde09
000331726b62,653,pair,pair:TmY4>T5d,0,,887ba31d1e5d,f0bbaae7f4af,True,2cd7bd55afcdade6f6e23979c4dcc705ad6938698c89cd1dae57227b1e0639da
3f78e85c8ab4,654,pair,pair:TmY4>TmY14,0,,887ba31d1e5d,28a670a5d3c8,True,bc9ca522a6bb8ed8e94e42c52fd3443253c75f773a6e9a272639d34061bbf366
d64f52ed2268,655,pair,pair:TmY4>TmY4,0,,887ba31d1e5d,887ba31d1e5d,True,25da7a2394d85e58377e562ec405a736c96b5aaaadf9ffa28f8375fb53104b28
16d08886e21a,656,pair,pair:TmY4>TmY5a,0,,887ba31d1e5d,3ad6ff7262ce,True,48d83cd37272e6a38138c688c13466ac166e77bcb0a14f7ecc3dbc344e167c6e
0a07ad5de024,657,pair,pair:TmY4>TmY9,0,,887ba31d1e5d,7af2610d274e,True,2984611b72b3f6ed49666683b53343e2ae1e4f0b0893b955361d18a8925ab9da
b2457fb37dc5,658,pair,pair:TmY5a>Mi2,0,,3ad6ff7262ce,8d98b9eb6175,True,3f699c61285630d19d3c14b2310f01788424585b40e1383b1bc52855c8b46be1
0dfd40806578,659,pair,pair:TmY5a>Mi3,0,,3ad6ff7262ce,0172ab6332cf,True,ecbc9f4e2a6f9935860202f2f07f75c663f6b9c2729cbcc830a28c6315616db8
a2a45951e35e,660,pair,pair:TmY5a>T2,0,,3ad6ff7262ce,2c81c87fcf2c,True,6feb69c6bd347370330a9fa45dbdbd370d704e81b099513ba5439b54986363e8
7c2401fc83e8,661,pair,pair:TmY5a>T2a,0,,3ad6ff7262ce,e4707238632a,True,7371ff946c0ba702f23f9fcbe70ba77c0c927c5f1df81f7d02aec6e355011ac4
32c891239868,662,pair,pair:TmY5a>Tm16,0,,3ad6ff7262ce,7a0908bbdc11,True,8046d8832cd7580ee99549fad8a64f9bb2cd260d846b604a50fc52d0dc2c2a39
3b8fb84e8cd8,663,pair,pair:TmY5a>TmY14,0,,3ad6ff7262ce,28a670a5d3c8,True,54d1eaa40f51b3aa5f5a2893d3d3b1528034a311335320ff4b82f2ed521362d5
284436fd563c,664,pair,pair:TmY5a>TmY15,0,,3ad6ff7262ce,18fb00442a43,True,af7cd6dda0e9108f54611d248972d8913752ec822e672e914c0ecc4d1102fd75
3e085a80a99b,665,pair,pair:TmY5a>TmY18,0,,3ad6ff7262ce,dd5eb1fb0caf,True,ccf4c62614fc2ff4d9979960c6ef2cbaf0c0563d9b691fe5f5b8e133833f2f03
55c6bd2c84fc,666,pair,pair:TmY5a>TmY3,0,,3ad6ff7262ce,607b8ed34a33,True,1915aa7b633c6084dae1cb0f3b94eabcf59195d4f879ecb9410f40c847522a26
f2a383cef91d,667,pair,pair:TmY5a>TmY4,0,,3ad6ff7262ce,887ba31d1e5d,True,9584a9d9f909ee08da2780b6fd113bdbcd7053f544100858412547a58ccd9f61
fd177b1aeac2,668,pair,pair:TmY9>Mi13,0,,7af2610d274e,7fd7d345df8e,True,729debb34a8663a96e783fe2c835d59168f983db2a2b176f3efb315f223eee81
5c9f35cb2b7d,669,pair,pair:TmY9>TmY4,0,,7af2610d274e,887ba31d1e5d,True,cb0e520530be4223ec51fa2daa4470b6d1a18e4d961a386a3045343ae2ed745a
585f97668a7f,670,pair,pair:TmY9>TmY9,0,,7af2610d274e,7af2610d274e,True,a150d140eabaa7006d087ac805a2514f5b8c9d2d3327613084bc990331209253
