# source=flyvis 1.2.0 : connectome/fib25-fib19_v2.2.json; json_sha256=bfbb0766251ff09e22723d0ebbf7b14793e70b3ae8ad0eea64eac9d28223351a; compiled=FLYVIS_ROOT_DIR/connectome/ConnectomeFromAvgFilters_0000 (extent 15, n_syn_fill 1); script=results/genome/bank/extract_bank.py sha256=eea3815e8b0b79290d77b22dc3a5085bd8f3ee8ed4299ea1d449bc02b475f4c6; see bank.meta.json
json_index,birth_id,src,tar,alpha,alpha_fixed,alpha_references,lambda_mult,edge_type,n_offsets_json,n_synapses_json_total,instantiated,n_offsets_compiled,n_offsets_hull_filled,n_offsets_dropped,n_synapses_compiled_total,note
0,c42c418fb266,R1,L1,-1,True,Hardie1989,5.859477042231124,chem,1,40.0,True,1,0,0,40.0,
1,44aea3d9cfbe,R1,L2,-1,True,Hardie1989,5.859477042231124,chem,1,46.0,True,1,0,0,46.0,
2,a583aac394d3,R1,L3,-1,True,Hardie1989,5.859477042231124,chem,1,11.0,True,1,0,0,11.0,
3,ec21a8d3009b,R1,Am,-1,True,Hardie1989,5.859477042231124,chem,1,36.0,True,1,0,0,36.0,
4,78535483bdbc,R1,T1,-1,True,Hardie1989,5.859477042231124,chem,1,2.0,True,1,0,0,2.0,
5,0bf7c7691c4f,R2,L1,-1,True,Hardie1989,5.859477042231124,chem,1,43.0,True,1,0,0,43.0,
6,ebdf96e134ed,R2,L2,-1,True,Hardie1989,5.859477042231124,chem,1,45.0,True,1,0,0,45.0,
7,8994c2e7c25d,R2,L3,-1,True,Hardie1989,5.859477042231124,chem,1,10.0,True,1,0,0,10.0,
8,728086ffa013,R2,Am,-1,True,Hardie1989,5.859477042231124,chem,1,39.0,True,1,0,0,39.0,
9,db30ad4318e2,R2,T1,-1,True,Hardie1989,5.859477042231124,chem,1,2.0,True,1,0,0,2.0,
10,edfe92c65e69,R3,L1,-1,True,Hardie1989,5.859477042231124,chem,1,37.0,True,1,0,0,37.0,
11,b9851ea9bbe9,R3,L2,-1,True,Hardie1989,5.859477042231124,chem,1,39.0,True,1,0,0,39.0,
12,ed306f2ad2d5,R3,L3,-1,True,Hardie1989,5.859477042231124,chem,1,4.0,True,1,0,0,4.0,
13,7eb4a49eaae9,R3,Am,-1,True,Hardie1989,5.859477042231124,chem,1,40.0,True,1,0,0,40.0,
14,2235189205e6,R3,T1,-1,True,Hardie1989,5.859477042231124,chem,1,2.0,True,1,0,0,2.0,
15,5d236157c1b2,R4,L1,-1,True,Hardie1989,5.859477042231124,chem,1,38.0,True,1,0,0,38.0,
16,0ecd5ae66970,R4,L2,-1,True,Hardie1989,5.859477042231124,chem,1,41.0,True,1,0,0,41.0,
17,40239835a32a,R4,L3,-1,True,Hardie1989,5.859477042231124,chem,1,8.0,True,1,0,0,8.0,
18,403330e5f4a3,R4,Am,-1,True,Hardie1989,5.859477042231124,chem,1,37.0,True,1,0,0,37.0,
19,28c2310e5695,R4,T1,-1,True,Hardie1989,5.859477042231124,chem,1,2.0,True,1,0,0,2.0,
20,f4b7e8b5b79d,R5,L1,-1,True,Hardie1989,5.859477042231124,chem,1,38.0,True,1,0,0,38.0,
21,c6f20de835f7,R5,L2,-1,True,Hardie1989,5.859477042231124,chem,1,39.0,True,1,0,0,39.0,
22,ccf7870f21fd,R5,L3,-1,True,Hardie1989,5.859477042231124,chem,1,6.0,True,1,0,0,6.0,
23,838f7a38c09a,R5,Am,-1,True,Hardie1989,5.859477042231124,chem,1,35.0,True,1,0,0,35.0,
24,cfb9d9a3f35e,R5,T1,-1,True,Hardie1989,5.859477042231124,chem,1,2.0,True,1,0,0,2.0,
25,8b350d106df3,R6,L1,-1,True,Hardie1989,5.859477042231124,chem,1,45.0,True,1,0,0,45.0,
26,ea27863d1ed3,R6,L2,-1,True,Hardie1989,5.859477042231124,chem,1,47.0,True,1,0,0,47.0,
27,5fa6d5d417d4,R6,L3,-1,True,Hardie1989,5.859477042231124,chem,1,12.0,True,1,0,0,12.0,
28,6c67303d7e65,R6,Am,-1,True,Hardie1989,5.859477042231124,chem,1,40.0,True,1,0,0,40.0,
29,892896247daf,R6,T1,-1,True,Hardie1989,5.859477042231124,chem,1,2.0,True,1,0,0,2.0,
30,1e0c4886186a,R7,R8,-1,True,Hardie1989,21.272727272727273,chem,1,1.3,True,1,0,0,1.2999999523162842,
31,59c13a1b0910,R7,Mi9,-1,True,Hardie1989,25.117201006636204,chem,1,1.5833333333333333,True,1,0,0,1.5833333730697632,
32,728b11d470bc,R7,Mi15,-1,True,Hardie1989,3.5776116803699054,chem,1,1.25,True,1,0,0,1.25,
33,8c72da2dd2aa,R7,Tm5a,-1,True,Hardie1989,3.0658583576954013,chem,1,12.571428571428571,True,1,0,0,12.571428298950195,
34,7d8f2e7b5d1b,R7,Tm5b,-1,True,Hardie1989,2.26431741431547,chem,4,12.583333333333334,True,4,0,0,12.583333373069763,
35,28819197f736,R8,R7,-1,True,Hardie1989,32.61386138613861,chem,1,18.3,True,1,0,0,18.299999237060547,
36,69803429215b,R8,L1,-1,True,Hardie1989,34.63380430042671,chem,1,5.1,True,1,0,0,5.099999904632568,
37,d100d8cc4342,R8,L3,-1,True,Hardie1989,20.935090358027,chem,1,1.3,True,1,0,0,1.2999999523162842,
38,46068a920c62,R8,Mi1,1,True,NernPC2018,37.09126844854394,chem,1,11.4,True,1,0,0,11.399999618530273,
39,d48de603da19,R8,Mi4,1,True,NernPC2018,6.574690523807889,chem,1,16.3,True,1,0,0,16.299999237060547,
40,6c25dde21013,R8,Mi9,1,True,NernPC2018,6.9026532178099815,chem,1,2.6,True,1,0,0,2.5999999046325684,
41,04e378cd90e8,R8,Mi15,1,True,NernPC2018,2.1980392936095727,chem,3,12.5,True,3,0,0,12.5,
42,6db500031370,R8,Tm5c,-1,True,Hardie1989,1.0765486267101276,chem,2,8.333333333333334,True,2,0,0,8.333333373069763,
43,0d68c573e6c2,R8,Tm20,-1,True,Hardie1989,24.40514726928101,chem,1,12.777777777777779,True,1,0,0,12.777777671813965,
44,6aff5c889774,L1,L5,-1,True,NernPC2018,2.592770827180034,chem,1,88.76923076923077,True,1,0,0,88.76923370361328,
45,e85b577b0950,L1,Lawf2,-1,True,NernPC2018,5.859477042231124,chem,19,95.0,True,19,0,0,95.0,
46,9542b3744362,L1,C2,-1,True,NernPC2018,4.302136850491915,chem,1,41.27272727272727,True,1,0,0,41.272727966308594,
47,cd084e808448,L1,C3,-1,True,NernPC2018,34.86288181086995,chem,1,73.875,True,1,0,0,73.875,
48,ea91821cd572,L1,Mi1,-1,True,NernPC2018,11.82767250901305,chem,1,136.28571428571428,True,1,0,0,136.2857208251953,
49,2fdbc141abac,L1,Tm3,-1,True,NernPC2018,1.1892101173818506,chem,11,62.588394938394934,True,11,0,0,62.58839440345764,
50,c36783088642,L2,R1,1,True,NernPC2018,5.859477042231124,chem,1,1.0,True,1,0,0,1.0,
51,97e3ab94a0e7,L2,R2,1,True,NernPC2018,5.859477042231124,chem,1,2.0,True,1,0,0,2.0,
52,3d0f94634994,L2,L1,1,True,NernPC2018,5.859477042231124,chem,1,3.0,True,1,0,0,3.0,
53,94abb6aadd00,L2,L4,1,True,NernPC2018,5.859477042231124,chem,3,13.0,True,3,0,0,13.0,
54,0ede4ef8f3e2,L2,L5,1,True,NernPC2018,7.434847751855453,chem,1,43.0,True,1,0,0,43.0,
55,6037ceadfb3d,L2,Lawf2,1,True,NernPC2018,5.859477042231124,chem,19,95.0,True,19,0,0,95.0,
56,651d6a0459a3,L2,C3,1,True,NernPC2018,5.425474985324995,chem,1,4.875,True,1,0,0,4.875,
57,cc3a32d5b344,L2,Mi1,1,True,NernPC2018,44.94563111246254,chem,1,1.5714285714285714,True,1,0,0,1.5714285373687744,
58,cde00b731b32,L2,Mi4,1,True,NernPC2018,4.181223070219746,chem,1,4.571428571428571,True,1,0,0,4.5714287757873535,
59,2d74ecb57fd9,L2,Mi9,1,True,NernPC2018,32.33709170596515,chem,1,1.0,True,1,0,0,1.0,
60,76b49fd46942,L2,T1,1,True,NernPC2018,45.80596071917709,chem,1,139.6,True,1,0,0,139.60000610351562,
61,fdf6fad6a712,L2,Tm1,1,True,NernPC2018,61.46393447834402,chem,1,144.0909090909091,True,1,0,0,144.09091186523438,
62,a33ee6c4d9fb,L2,Tm2,1,True,NernPC2018,12.591385514805852,chem,1,123.16666666666667,True,1,0,0,123.16666412353516,
63,4e86cd97cc49,L2,Tm4,1,True,NernPC2018,2.003128504724855,chem,7,73.9186507936508,True,7,0,0,73.91865158081055,
64,5f6db25d06b7,L2,Tm20,1,True,NernPC2018,22.177141679644365,chem,1,10.0,True,1,0,0,10.0,
65,6cccba15bdff,L2,TmY3,1,True,NernPC2018,2.110650539123765,chem,4,9.433333333333334,True,4,0,0,9.433333158493042,
66,f2d60e24efa8,L3,Lawf1,1,True,NernPC2018,1.1511236514437997,chem,1,1.0,True,1,0,0,1.0,
67,28618ec2630e,L3,C3,1,True,NernPC2018,38.29462202945821,chem,1,4.363636363636363,True,1,0,0,4.363636493682861,
68,16fb5e431857,L3,Mi1,1,True,NernPC2018,38.222944633276555,chem,1,14.142857142857142,True,1,0,0,14.142857551574707,
69,9ab58b7faead,L3,Mi2,1,True,NernPC2018,2.0384864613732856,chem,3,7.183333333333334,True,3,0,0,7.183333158493042,
70,4dca5df1d84f,L3,Mi9,1,True,NernPC2018,3.4667080961379835,chem,1,36.714285714285715,True,1,0,0,36.71428680419922,
71,48910ae6cc98,L3,Mi13,1,True,NernPC2018,2.7610361372349157,chem,2,2.142857142857143,True,2,0,0,2.1428571939468384,
72,543da8f277ff,L3,Mi15,1,True,NernPC2018,3.7450477494348617,chem,2,2.892857142857143,True,2,0,0,2.8928571939468384,
73,64d73d7f83b9,L3,Tm3,1,True,NernPC2018,2.459837745605825,chem,1,1.2666666666666666,True,1,0,0,1.2666666507720947,
74,eefad9c5396c,L3,Tm5Y,1,True,NernPC2018,5.626343228361033,chem,2,2.4107142857142856,True,2,0,0,2.410714268684387,
75,1e5cf347d47f,L3,Tm5a,1,True,NernPC2018,2.2634125522775035,chem,1,1.1666666666666667,True,1,0,0,1.1666666269302368,
76,73f65ed9896e,L3,Tm5c,1,True,NernPC2018,1.3747401393825174,chem,5,38.666666666666664,True,5,0,0,38.666666746139526,
77,1456ab86d536,L3,Tm9,1,True,NernPC2018,4.392037595768652,chem,1,24.0,True,1,0,0,24.0,
78,108b06d7106d,L3,Tm20,1,True,NernPC2018,2.3709935787379846,chem,1,20.3,True,1,0,0,20.299999237060547,
79,2fcb8e229ce9,L3,Tm28,1,True,NernPC2018,2.5474028494398695,chem,3,5.6,True,3,0,0,5.600000023841858,
80,e38658196a84,L3,TmY9,1,True,NernPC2018,3.318918252332967,chem,1,1.3333333333333333,True,1,0,0,1.3333333730697632,
81,dce025e45a8d,L3,TmY10,1,True,NernPC2018,1.3138167772570006,chem,6,20.166666666666668,True,6,0,0,20.166666507720947,
82,3d3ee06f4f53,L4,R1,1,False,,5.859477042231124,chem,2,2.0,True,2,0,0,2.0,
83,9404f2195fac,L4,R2,1,False,,5.859477042231124,chem,1,1.0,True,1,0,0,1.0,
84,82be9f671527,L4,R3,1,False,,5.859477042231124,chem,2,4.0,True,2,0,0,4.0,
85,72d9bdcec699,L4,R4,1,False,,5.859477042231124,chem,2,2.0,True,2,0,0,2.0,
86,50cf1060151d,L4,R5,1,False,,5.859477042231124,chem,2,4.0,True,2,0,0,4.0,
87,d02432531ce9,L4,R6,1,False,,5.859477042231124,chem,2,4.0,True,2,0,0,4.0,
88,94b486cf7d4e,L4,L2,1,False,,5.859477042231124,chem,3,15.0,True,3,0,0,15.0,
89,c5f88f2e6bec,L4,L3,1,False,,5.859477042231124,chem,2,2.0,True,2,0,0,2.0,
90,cb15116811d5,L4,L4,1,False,,5.859477042231124,chem,4,9.0,True,5,1,0,10.0,
91,8ee85c6c9b6a,L4,L5,1,False,,5.859477042231124,chem,3,7.0,True,3,0,0,7.0,
92,839d0f2e12ea,L4,Am,1,False,,5.859477042231124,chem,3,3.0,True,3,0,0,3.0,
93,b74cd03dc368,L4,Mi9,1,False,,6.62961939495428,chem,2,2.4222222222222225,True,2,0,0,2.4222222566604614,
94,071b9ba6a697,L4,T2,1,False,,1.816378517390875,chem,2,8.733333333333334,True,2,0,0,8.733333468437195,
95,bc2c858f039f,L4,Tm2,1,False,,5.641215494498131,chem,3,24.788888888888888,True,3,0,0,24.788889408111572,
96,2e09ee2fe424,L4,Tm4,1,False,,2.2467902981103935,chem,6,13.625,True,6,0,0,13.62499988079071,
97,623d241c43bc,L4,Tm9,1,False,,3.396945773790911,chem,1,1.3333333333333333,True,1,0,0,1.3333333730697632,
98,594e3bf1d46c,L4,TmY3,1,False,,1.6697778149519982,chem,7,36.26428571428571,True,7,0,0,36.264286160469055,
99,3e73c458bc09,L4,TmY13,1,False,,2.82842712474619,chem,1,1.0,True,1,0,0,1.0,
100,ed26c76556ef,L5,L1,1,False,,5.26522838831772,chem,1,22.384615384615383,True,1,0,0,22.384614944458008,
101,652e71b9c29d,L5,L2,1,False,,7.320514378361737,chem,1,4.666666666666667,True,1,0,0,4.666666507720947,
102,82aa933511b4,L5,L5,1,False,,2.101063500089593,chem,1,1.0,True,1,0,0,1.0,
103,62038101dc0b,L5,C2,1,False,,1.490638522565752,chem,9,36.92272727272727,True,9,0,0,36.92272675037384,
104,942200a41c83,L5,C3,1,False,,1.8186644399933165,chem,1,7.5,True,1,0,0,7.5,
105,4705c57db1d7,L5,Mi1,1,False,,2.9493287620323922,chem,3,30.576923076923077,True,3,0,0,30.576923370361328,
106,b05e8c868ed7,L5,Mi2,1,False,,1.6440366453941884,chem,1,1.6666666666666667,True,1,0,0,1.6666666269302368,
107,6550d51e3977,L5,Mi4,1,False,,3.5123521274331524,chem,6,28.34469696969697,True,6,0,0,28.344696640968323,
108,9b1b571fec42,L5,Mi15,1,False,,1.6598686926570894,chem,1,1.0,True,1,0,0,1.0,
109,a22b2f124e84,L5,T1,1,False,,18.614510468986285,chem,1,1.0,True,1,0,0,1.0,
110,4d0c9a594eba,L5,T2,1,False,,4.759003897163803,chem,4,38.72222222222222,True,4,0,0,38.722222328186035,
111,60fdecfa1c51,L5,Tm3,1,False,,1.1581724986259827,chem,10,43.4474358974359,True,10,0,0,43.4474356174469,
112,98f8ede7c521,L5,Tm20,1,False,,4.256096247384443,chem,2,2.8181818181818183,True,2,0,0,2.818181872367859,
113,eea3d78c605b,L5,TmY3,1,False,,1.9521807546609808,chem,8,42.44880952380952,True,8,0,0,42.448808908462524,
114,258895532845,L5,TmY13,1,False,,1.6568542494923804,chem,1,1.6666666666666667,True,1,0,0,1.6666666269302368,
115,d6bf01ec187b,L5,TmY14,1,False,,2.1844197651697597,chem,3,6.333333333333333,True,3,0,0,6.333333253860474,
116,40b716770207,L5,TmY18,1,False,,2.419057465984466,chem,2,2.738095238095238,True,2,0,0,2.7380951642990112,
117,16031c360590,Lawf1,Lawf1,1,False,,1.4349216369352618,chem,1,1.0,False,0,0,1,0.0,"never instantiated: its only offset(s) never land on a cell of the target's stride lattice, and connectome.py:497-498 suppresses the KeyError"
118,f542bbaab113,Lawf1,Tm3,1,False,,0.7741750001002972,chem,2,2.4333333333333336,True,2,0,0,2.433333396911621,
119,3c6174ab5da5,Lawf2,L3,1,False,,5.859477042231124,chem,25,47.72727272727273,True,25,0,0,47.72727191448212,
120,69418d53cf85,Lawf2,Lawf2,1,False,,5.859477042231124,chem,24,33.599999999999994,True,3,1,22,3.799999952316284,
121,a0def5452e33,Lawf2,Am,1,False,,5.859477042231124,chem,25,81.81818181818183,True,25,0,0,81.81818127632141,
122,f087ac945f65,Am,R1,-1,False,NernPC2018,5.859477042231124,chem,1,1.0,True,1,0,0,1.0,
123,9b8688e42334,Am,R2,-1,False,NernPC2018,5.859477042231124,chem,1,1.0,True,1,0,0,1.0,
124,1e83a82e5c40,Am,R4,-1,False,NernPC2018,5.859477042231124,chem,1,2.0,True,1,0,0,2.0,
125,c76d4e39de2d,Am,R5,-1,False,NernPC2018,5.859477042231124,chem,1,2.0,True,1,0,0,2.0,
126,7f36cc9fe4e0,Am,L1,1,True,NernPC2018,5.859477042231124,chem,1,1.0,True,1,0,0,1.0,
127,51e1a8237a96,Am,L2,-1,False,NernPC2018,5.859477042231124,chem,1,4.0,True,1,0,0,4.0,
128,e6842946cc29,Am,L3,-1,False,NernPC2018,5.859477042231124,chem,1,14.0,True,1,0,0,14.0,
129,f356949efd24,Am,L4,-1,False,NernPC2018,5.859477042231124,chem,1,5.0,True,1,0,0,5.0,
130,21ffbb33d36c,Am,C2,-1,False,NernPC2018,5.859477042231124,chem,1,1.0,True,1,0,0,1.0,
131,e8e99be360fe,Am,C3,-1,False,NernPC2018,5.859477042231124,chem,1,1.0,True,1,0,0,1.0,
132,99c796503da4,Am,T1,1,True,NernPC2018,5.859477042231124,chem,1,63.0,True,1,0,0,63.0,
133,df940f36bde0,C2,L1,1,True,NernPC2018,41.150151603473134,chem,1,18.454545454545453,True,1,0,0,18.454545974731445,
134,72c62138dfc1,C2,L2,1,True,NernPC2018,35.761726732655106,chem,1,11.5,True,1,0,0,11.5,
135,c62711971002,C2,L3,-1,False,NernPC2018,20.696773556367777,chem,1,3.2,True,1,0,0,3.200000047683716,
136,1ca0d8f910da,C2,L4,-1,True,ReiserPC2017;NernPC2018,4.824131803656733,chem,2,12.11111111111111,True,2,0,0,12.111111164093018,
137,86123b231217,C2,L5,-1,True,ReiserPC2017;NernPC2018,3.566893728614986,chem,1,19.454545454545453,True,1,0,0,19.454545974731445,
138,238b249ef926,C2,Lawf2,-1,True,ReiserPC2017;NernPC2018,5.859477042231124,chem,19,95.0,True,19,0,0,95.0,
139,d29ae87a9af9,C2,Am,-1,True,ReiserPC2017;NernPC2018,5.859477042231124,chem,1,8.0,True,1,0,0,8.0,
140,c5440d266bfa,C2,Mi1,-1,True,ReiserPC2017;NernPC2018,4.591264857313144,chem,1,10.727272727272727,True,1,0,0,10.727272987365723,
141,78302d5f04f0,C2,T1,-1,True,ReiserPC2017;NernPC2018,17.30219216338024,chem,1,3.4545454545454546,True,1,0,0,3.454545497894287,
142,749598e6d533,C2,T2,-1,True,ReiserPC2017;NernPC2018,6.249190817904653,chem,1,1.6666666666666667,True,1,0,0,1.6666666269302368,
143,24a1f6bafcf6,C2,T4a,-1,True,ReiserPC2017;NernPC2018,5.97394572255949,chem,1,1.2,True,1,0,0,1.2000000476837158,
144,3b0ff6ce6d57,C2,Tm1,-1,True,ReiserPC2017;NernPC2018,54.66903606286769,chem,1,5.4,True,1,0,0,5.400000095367432,
145,96d1c15752ca,C2,Tm9,-1,True,ReiserPC2017;NernPC2018,45.382534835386906,chem,1,3.3333333333333335,True,1,0,0,3.3333332538604736,
146,f5f8434ea743,C2,TmY14,-1,True,ReiserPC2017;NernPC2018,8.908579909083203,chem,1,1.5,True,1,0,0,1.5,
147,8165d0a06315,C3,R3,-1,True,ReiserPC2017;NernPC2018,5.859477042231124,chem,1,1.0,True,1,0,0,1.0,
148,a7a231f0db34,C3,L1,1,True,NernPC2018,5.859477042231124,chem,1,6.0,True,1,0,0,6.0,
149,1d57e6485786,C3,L2,1,True,NernPC2018,5.668867520509744,chem,1,56.125,True,1,0,0,56.125,
150,94fe890a6095,C3,L3,-1,False,NernPC2018,5.859477042231124,chem,1,1.0,True,1,0,0,1.0,
151,623f4ec0e556,C3,L5,-1,True,ReiserPC2017;NernPC2018,6.821723289107959,chem,1,9.333333333333334,True,1,0,0,9.333333015441895,
152,0cc1ae204b61,C3,Lawf2,-1,True,ReiserPC2017;NernPC2018,5.859477042231124,chem,19,95.0,True,19,0,0,95.0,
153,1d7d4262e341,C3,Am,-1,True,ReiserPC2017;NernPC2018,5.859477042231124,chem,1,22.0,True,1,0,0,22.0,
154,cf8f8cc4a817,C3,CT1(M10),-1,True,ReiserPC2017;NernPC2018,4.707146382117212,chem,1,1.1304347826086956,True,1,0,0,1.1304347515106201,
155,1d58da322947,C3,Mi1,-1,True,ReiserPC2017;NernPC2018,5.710615328637275,chem,1,3.92,True,1,0,0,3.9200000762939453,
156,c3aa1c56264a,C3,Mi4,-1,True,ReiserPC2017;NernPC2018,12.57414719845734,chem,1,2.12,True,1,0,0,2.119999885559082,
157,6f260f8a7d92,C3,Mi9,-1,True,ReiserPC2017;NernPC2018,7.047280415364949,chem,1,11.727272727272727,True,1,0,0,11.727272987365723,
158,6d745c8d07ef,C3,T1,-1,True,ReiserPC2017;NernPC2018,6.094956758181113,chem,1,128.6,True,1,0,0,128.60000610351562,
159,bdb02d6e8839,C3,T2,-1,True,ReiserPC2017;NernPC2018,4.026251062657067,chem,4,13.78888888888889,True,4,0,0,13.788888931274414,
160,2333c3a19c62,C3,T4a,-1,True,ReiserPC2017;NernPC2018,3.150719416901397,chem,2,9.704347826086957,True,2,0,0,9.704347848892212,
161,bd7a2e470931,C3,T4b,-1,True,ReiserPC2017;NernPC2018,3.173871392468815,chem,2,5.220000000000001,True,2,0,0,5.2200000286102295,
162,1bb2961ba407,C3,T4c,-1,True,ReiserPC2017;NernPC2018,2.75310380452943,chem,2,4.206349206349206,True,2,0,0,4.20634925365448,
163,bf624d8675d2,C3,T4d,-1,True,ReiserPC2017;NernPC2018,3.990923183688748,chem,3,6.5,True,4,1,0,7.5,
164,7ae6bb736742,C3,Tm1,-1,True,ReiserPC2017;NernPC2018,4.550502440885141,chem,1,16.09090909090909,True,1,0,0,16.090909957885742,
165,b3b0ae57e4d8,C3,Tm2,-1,True,ReiserPC2017;NernPC2018,3.9507954550892435,chem,1,1.52,True,1,0,0,1.5199999809265137,
166,d35f3c869f68,C3,Tm4,-1,True,ReiserPC2017;NernPC2018,2.6739746994945883,chem,6,23.476190476190474,True,6,0,0,23.476190447807312,
167,8dc8e8da90c3,C3,Tm9,-1,True,ReiserPC2017;NernPC2018,89.52701569058104,chem,1,2.4444444444444446,True,1,0,0,2.444444417953491,
168,e900c0f9f91a,C3,Tm20,-1,True,ReiserPC2017;NernPC2018,22.510880169984404,chem,1,6.8,True,1,0,0,6.800000190734863,
169,6a790b7f8515,CT1(Lo1),T5a,-1,True,NernPC2018,1.1672203204835898,chem,8,35.0,True,13,5,0,40.00000071525574,
170,1aaf0ec0bb8d,CT1(Lo1),T5b,-1,True,NernPC2018,1.7068812261826862,chem,6,31.000000000000007,True,9,3,0,34.00000023841858,
171,498eaa1af5b6,CT1(Lo1),T5c,-1,True,NernPC2018,1.1748498654318085,chem,3,39.0,True,4,1,0,40.000000953674316,
172,48e2d52caed7,CT1(Lo1),T5d,-1,True,NernPC2018,1.3471715203343166,chem,4,40.0,True,4,0,0,40.00000047683716,
173,423f46bc4280,CT1(Lo1),Tm1,-1,True,NernPC2018,4.814084013302218,chem,1,2.8,True,1,0,0,2.799999952316284,
174,b6a646d6a597,CT1(Lo1),Tm9,-1,True,NernPC2018,4.070005262296925,chem,1,19.68,True,1,0,0,19.68000030517578,
175,9e68aa17edcb,CT1(M10),C3,-1,True,NernPC2018,5.9237413541520025,chem,1,1.173913043478261,True,1,0,0,1.1739130020141602,
176,e9127be1bfb4,CT1(M10),Mi1,-1,True,NernPC2018,10.61354582101681,chem,1,7.0638297872340425,True,1,0,0,7.0638298988342285,
177,1da8fd4c5435,CT1(M10),T4a,-1,True,NernPC2018,2.763976320359315,chem,6,17.971751412429384,True,6,0,0,17.97175121307373,
178,f1f362187f46,CT1(M10),T4b,-1,True,NernPC2018,1.484144522632172,chem,4,12.125396825396827,True,4,0,0,12.125396490097046,
179,271873adb666,CT1(M10),T4c,-1,True,NernPC2018,1.5467121606558911,chem,6,14.519480519480519,True,6,0,0,14.519480586051941,
180,e27a08951308,CT1(M10),T4d,-1,True,NernPC2018,2.2583120686202522,chem,7,18.208333333333332,True,7,0,0,18.208333373069763,
181,c20fd147fa33,Mi1,L1,1,False,NernPC2018,63.99346590870203,chem,1,26.285714285714285,True,1,0,0,26.285715103149414,
182,219f36eed813,Mi1,L5,1,False,NernPC2018,3.17380830836657,chem,1,4.923076923076923,True,1,0,0,4.92307710647583,
183,27b57a289b1b,Mi1,C2,1,False,NernPC2018,1.516354909724397,chem,13,29.635858585858585,True,15,2,0,31.63585865497589,
184,19b185c89187,Mi1,C3,1,False,NernPC2018,2.9804040662778104,chem,1,8.96,True,1,0,0,8.960000038146973,
185,6c4eac100549,Mi1,CT1(M10),1,False,NernPC2018,5.301450970160609,chem,1,4.319148936170213,True,1,0,0,4.319149017333984,
186,ea82d688fd99,Mi1,Mi2,1,False,NernPC2018,2.0080914000927574,chem,6,21.633333333333333,True,6,0,0,21.633333683013916,
187,c32eba3f85ac,Mi1,Mi4,1,False,NernPC2018,3.4291782511051383,chem,1,11.833333333333334,True,1,0,0,11.833333015441895,
188,cb0b5dc29c76,Mi1,Mi9,1,False,NernPC2018,6.191581498740182,chem,1,10.56,True,1,0,0,10.5600004196167,
189,64b4ad452803,Mi1,Mi10,1,False,NernPC2018,6.1254146587711205,chem,2,2.0,True,2,0,0,2.0,
190,607facef5525,Mi1,Mi12,1,False,NernPC2018,3.021873465133091,chem,1,1.125,True,1,0,0,1.125,
191,0f1422bae278,Mi1,Mi13,1,False,NernPC2018,2.8378981378674952,chem,1,1.0,True,1,0,0,1.0,
192,c566ca14a8b2,Mi1,Mi14,1,False,NernPC2018,2.357022603955159,chem,2,4.0,True,2,0,0,3.9999998807907104,
193,4b1da44e7638,Mi1,Mi15,1,False,NernPC2018,1.8810869396455856,chem,1,3.875,True,1,0,0,3.875,
194,1e69236e4948,Mi1,T2,1,False,NernPC2018,4.472649556766284,chem,4,15.881818181818181,True,4,0,0,15.881818056106567,
195,800e45bdbaee,Mi1,T2a,1,False,NernPC2018,2.4349349579477098,chem,4,22.033333333333335,True,4,0,0,22.03333330154419,
196,56aa969bdc83,Mi1,T3,1,False,NernPC2018,2.274155349750431,chem,8,49.94563492063492,True,8,0,0,49.945634603500366,
197,e438af8fab0d,Mi1,T4a,1,False,NernPC2018,1.9633244851823997,chem,14,59.00000000000001,True,23,9,0,68.00000035762787,
198,ef8f392c4c23,Mi1,T4b,1,False,NernPC2018,1.5517206746953098,chem,10,51.0,True,12,2,0,53.00000011920929,
199,89a6f3630971,Mi1,T4c,1,False,NernPC2018,1.5313976122636304,chem,14,66.0,True,18,4,0,69.99999952316284,
200,59b4e88f05dd,Mi1,T4d,1,False,NernPC2018,2.213927150944629,chem,8,59.00000000000001,True,8,0,0,59.0,
201,cf4a8e87b9c8,Mi1,Tm1,1,False,NernPC2018,15.259460599069506,chem,1,4.423076923076923,True,1,0,0,4.42307710647583,
202,3547760e706b,Mi1,Tm3,1,False,NernPC2018,2.4759139452827497,chem,9,39.560943223443225,True,9,0,0,39.560943365097046,
203,f53f96367a07,Mi1,Tm20,1,False,NernPC2018,6.36426747154671,chem,1,2.2,True,1,0,0,2.200000047683716,
204,c8ae9bc6c400,Mi1,TmY3,1,False,NernPC2018,5.477098481286251,chem,8,24.991666666666667,True,8,0,0,24.991666555404663,
205,fec8451a28aa,Mi1,TmY9,1,False,NernPC2018,2.365767762307582,chem,2,2.392857142857143,True,2,0,0,2.3928571939468384,
206,4b4af59ed8d6,Mi1,TmY13,1,False,NernPC2018,1.5891862259789111,chem,1,1.3333333333333333,True,1,0,0,1.3333333730697632,
207,e7a620258947,Mi1,TmY14,1,False,NernPC2018,4.217685423765029,chem,3,4.933333333333334,True,3,0,0,4.933333396911621,
208,2f295d765e3c,Mi1,TmY15,1,False,NernPC2018,1.0004046194792429,chem,9,13.166666666666666,True,14,5,0,18.166666626930237,
209,d7e6d77e4c85,Mi1,TmY18,1,False,NernPC2018,1.7696486817083494,chem,14,47.5286963036963,True,16,2,0,49.5286967754364,
210,820c724ca803,Mi2,Mi1,-1,True,NernPC2018,2.8565569670668265,chem,2,2.5,True,2,0,0,2.5,
211,c02f1badc4df,Mi2,T2,-1,True,NernPC2018,1.2434599905290822,chem,6,15.7,True,6,0,0,15.699999809265137,
212,01a95261d9a8,Mi2,T2a,-1,True,NernPC2018,1.698153663179792,chem,3,5.928571428571429,True,3,0,0,5.928571581840515,
213,b8846fb4fca6,Mi2,T3,-1,True,NernPC2018,2.1256355535848734,chem,4,7.883333333333334,True,4,0,0,7.883333206176758,
214,87be54aaa62d,Mi2,Tm1,-1,True,NernPC2018,1.7811294177357178,chem,2,2.2,True,2,0,0,2.200000047683716,
215,8774e8f922e7,Mi2,TmY18,-1,True,NernPC2018,1.199711767914982,chem,3,4.5,True,3,0,0,4.5,
216,f6cc823ad698,Mi3,T2,-1,True,NernPC2018,1.7677669529663689,chem,1,1.0,True,1,0,0,1.0,
217,f85e860b5125,Mi3,Tm5b,-1,True,NernPC2018,0.7071067811865476,chem,1,2.3333333333333335,True,1,0,0,2.3333332538604736,
218,1678b105e123,Mi4,L2,-1,True,ReiserPC2017;NernPC2018,3.8373324544444127,chem,1,5.428571428571429,True,1,0,0,5.4285712242126465,
219,5a3bff8b2c7c,Mi4,C3,-1,True,ReiserPC2017;NernPC2018,6.301107807623153,chem,1,1.24,True,1,0,0,1.2400000095367432,
220,3b381ab94104,Mi4,Mi1,-1,True,ReiserPC2017;NernPC2018,133.85293488441732,chem,1,3.9166666666666665,True,1,0,0,3.9166667461395264,
221,dd8c26c3a3de,Mi4,Mi4,-1,True,ReiserPC2017;NernPC2018,5.0969451614470245,chem,4,6.631578947368421,True,5,1,0,7.6315789222717285,
222,06b18a5f98c7,Mi4,Mi9,-1,True,ReiserPC2017;NernPC2018,5.139538470558586,chem,1,42.5,True,1,0,0,42.5,
223,ac5f2973cea2,Mi4,T1,-1,True,ReiserPC2017;NernPC2018,20.554804791094465,chem,1,1.0,True,1,0,0,1.0,
224,f2c67519a50b,Mi4,T4a,-1,True,ReiserPC2017;NernPC2018,3.0883074619475055,chem,5,15.0,True,9,4,0,19.0,
225,9bdd07be22d8,Mi4,T4b,-1,True,ReiserPC2017;NernPC2018,2.915668617982438,chem,5,15.854545454545454,True,5,0,0,15.85454535484314,
226,05d1470a4198,Mi4,T4c,-1,True,ReiserPC2017;NernPC2018,2.236396343937464,chem,5,11.669444444444444,True,5,0,0,11.66944432258606,
227,0d18a9aba7ce,Mi4,T4d,-1,True,ReiserPC2017;NernPC2018,3.8689472151648685,chem,4,9.916666666666666,True,5,1,0,10.916666746139526,
228,2effd9780a37,Mi4,Tm1,-1,True,ReiserPC2017;NernPC2018,7.795763885620602,chem,1,5.521739130434782,True,1,0,0,5.5217390060424805,
229,be512d5757cd,Mi4,Tm2,-1,True,ReiserPC2017;NernPC2018,10.370414344942002,chem,1,5.416666666666667,True,1,0,0,5.416666507720947,
230,876652e8c7ce,Mi4,Tm5Y,-1,True,ReiserPC2017;NernPC2018,2.575241533114843,chem,1,2.375,True,1,0,0,2.375,
231,2d3ec45de424,Mi4,Tm5a,-1,True,ReiserPC2017;NernPC2018,4.521511908396887,chem,3,3.25,True,3,0,0,3.25,
232,6fbbb7e6c782,Mi4,Tm5b,-1,True,ReiserPC2017;NernPC2018,2.3781594369056323,chem,1,1.3333333333333333,True,1,0,0,1.3333333730697632,
233,69ffb269d406,Mi4,Tm5c,-1,True,ReiserPC2017;NernPC2018,4.374465916652906,chem,1,1.25,True,1,0,0,1.25,
234,a61b7496264d,Mi4,Tm9,-1,True,ReiserPC2017;NernPC2018,6.6037980217368,chem,1,10.666666666666666,True,1,0,0,10.666666984558105,
235,d68ee223d041,Mi4,Tm16,-1,True,ReiserPC2017;NernPC2018,1.3000151857050286,chem,12,40.278571428571425,True,12,0,0,40.27857172489166,
236,1c69f1c8cd75,Mi4,Tm20,-1,True,ReiserPC2017;NernPC2018,2.805882215905449,chem,1,12.4,True,1,0,0,12.399999618530273,
237,01adba4597c9,Mi4,Tm28,-1,True,ReiserPC2017;NernPC2018,2.6338841544882126,chem,1,1.2857142857142858,True,1,0,0,1.2857142686843872,
238,46c1632da491,Mi4,TmY3,-1,True,ReiserPC2017;NernPC2018,3.6798886808340825,chem,10,39.36666666666667,True,10,0,0,39.36666691303253,
239,c16d6217273a,Mi4,TmY4,-1,True,ReiserPC2017;NernPC2018,2.3999022693206493,chem,3,3.333333333333333,True,3,0,0,3.333333373069763,
240,37461dd82768,Mi4,TmY5a,-1,True,ReiserPC2017;NernPC2018,4.289139512153641,chem,5,12.94047619047619,True,5,0,0,12.940476179122925,
241,b75a2afcca04,Mi4,TmY10,-1,True,ReiserPC2017;NernPC2018,1.0655428835406118,chem,5,16.75,True,5,0,0,16.74999976158142,
242,1706b20010cf,Mi4,TmY13,-1,True,ReiserPC2017;NernPC2018,1.09427248951451,chem,7,35.5,True,7,0,0,35.5,
243,4bca1a3ea256,Mi4,TmY15,-1,True,ReiserPC2017;NernPC2018,0.8817222928634463,chem,4,6.483333333333333,True,5,1,0,7.483333230018616,
244,fba512ece01e,Mi4,TmY18,-1,True,ReiserPC2017;NernPC2018,1.8406937324889443,chem,9,16.27493715434892,True,10,1,0,17.274937391281128,
245,19e45ee3340c,Mi9,L3,-1,True,ReiserPC2017;NernPC2018,26.186146828319085,chem,1,1.0,True,1,0,0,1.0,
246,a10d1433bba1,Mi9,Lawf1,-1,True,ReiserPC2017;NernPC2018,1.4544207242065998,chem,6,9.833333333333334,True,6,0,0,9.833333373069763,
247,46ca6bd9cf0e,Mi9,C3,-1,True,ReiserPC2017;NernPC2018,7.040177586009233,chem,1,2.32,True,1,0,0,2.319999933242798,
248,e6e1d2979595,Mi9,CT1(M10),-1,True,ReiserPC2017;NernPC2018,6.129669888094673,chem,1,2.6458333333333335,True,1,0,0,2.6458332538604736,
249,eb2fb72ff645,Mi9,Mi1,-1,True,ReiserPC2017;NernPC2018,19.115940135411048,chem,1,3.8,True,1,0,0,3.799999952316284,
250,81b17a8eb7f1,Mi9,Mi4,-1,True,ReiserPC2017;NernPC2018,6.5639588290896995,chem,1,25.083333333333332,True,1,0,0,25.08333396911621,
251,38bbbca85c95,Mi9,Mi10,-1,True,ReiserPC2017;NernPC2018,1.819703598704221,chem,9,39.233333333333334,True,9,0,0,39.233333706855774,
252,f512c7317093,Mi9,Mi15,-1,True,ReiserPC2017;NernPC2018,4.987735997156433,chem,1,5.125,True,1,0,0,5.125,
253,0bcf1be5510f,Mi9,T2,-1,True,ReiserPC2017;NernPC2018,8.665020601224404,chem,3,3.6454545454545455,True,3,0,0,3.645454525947571,
254,2557d926b246,Mi9,T2a,-1,True,ReiserPC2017;NernPC2018,4.114404757262153,chem,1,1.0,True,1,0,0,1.0,
255,d3b2ef2a67ea,Mi9,T4a,-1,True,ReiserPC2017;NernPC2018,2.500060777244667,chem,11,23.1642673992674,True,16,5,0,28.16426718235016,
256,0bc6080e9728,Mi9,T4b,-1,True,ReiserPC2017;NernPC2018,1.7042551506492147,chem,5,21.861740558292283,True,5,0,0,21.861740350723267,
257,26d017de79b6,Mi9,T4c,-1,True,ReiserPC2017;NernPC2018,2.3395013901098407,chem,6,21.698328108672936,True,8,2,0,23.698327779769897,
258,241fcecd0136,Mi9,T4d,-1,True,ReiserPC2017;NernPC2018,2.772303767346314,chem,5,22.15277777777778,True,5,0,0,22.152778148651123,
259,9cede825ccbc,Mi9,Tm1,-1,True,ReiserPC2017;NernPC2018,5.524927928457354,chem,1,20.791666666666668,True,1,0,0,20.79166603088379,
260,07dad267d8e4,Mi9,Tm2,-1,True,ReiserPC2017;NernPC2018,9.804060633807168,chem,1,7.769230769230769,True,1,0,0,7.769230842590332,
261,ace0166ccbeb,Mi9,Tm4,-1,True,ReiserPC2017;NernPC2018,3.3689839544020894,chem,3,4.206477732793522,True,3,0,0,4.206477880477905,
262,2fd445138924,Mi9,Tm5a,-1,True,ReiserPC2017;NernPC2018,3.730676764221292,chem,1,1.4285714285714286,True,1,0,0,1.4285714626312256,
263,983abf34af6d,Mi9,Tm5b,-1,True,ReiserPC2017;NernPC2018,2.5154309400707606,chem,1,1.2222222222222223,True,1,0,0,1.2222222089767456,
264,6c59caaf6d51,Mi9,Tm16,-1,True,ReiserPC2017;NernPC2018,1.1445478574056132,chem,1,1.125,True,1,0,0,1.125,
265,78ccf8d2386b,Mi9,TmY3,-1,True,ReiserPC2017;NernPC2018,3.9768635231672333,chem,9,23.558333333333334,True,9,0,0,23.55833327770233,
266,7ae0d306276e,Mi9,TmY4,-1,True,ReiserPC2017;NernPC2018,2.6288796350981385,chem,2,2.333333333333333,True,2,0,0,2.333333373069763,
267,a0e743250766,Mi9,TmY5a,-1,True,ReiserPC2017;NernPC2018,5.352944428533311,chem,1,1.0,True,1,0,0,1.0,
268,4fc9a9c2a453,Mi9,TmY13,-1,True,ReiserPC2017;NernPC2018,1.1509411006916634,chem,7,38.083333333333336,True,8,1,0,39.08333349227905,
269,d43bd2eb9423,Mi9,TmY18,-1,True,ReiserPC2017;NernPC2018,2.684321790981256,chem,4,5.634032634032634,True,4,0,0,5.634032726287842,
270,ac2272d7a1df,Mi10,Lawf1,-1,True,NernPC2018,1.5690318614763117,chem,5,42.5,True,5,0,0,42.5,
271,ddbcc4eb8de8,Mi10,Mi9,-1,True,NernPC2018,1.7547185199585142,chem,9,23.15,True,9,0,0,23.149999618530273,
272,57ac00a92659,Mi10,Mi14,-1,True,NernPC2018,0.9805806756909201,chem,1,1.6666666666666667,True,1,0,0,1.6666666269302368,
273,87a3a91eb55c,Mi10,T4a,-1,True,NernPC2018,2.5409077941104705,chem,1,1.2857142857142858,True,1,0,0,1.2857142686843872,
274,61fae72a3b97,Mi10,T4b,-1,True,NernPC2018,3.501581736788941,chem,1,1.0,True,1,0,0,1.0,
275,98c4193d5577,Mi10,T4c,-1,True,NernPC2018,3.062274601968103,chem,1,1.4285714285714286,True,1,0,0,1.4285714626312256,
276,d4a5a68a3675,Mi10,T4d,-1,True,NernPC2018,2.8082239153245143,chem,2,2.142857142857143,True,2,0,0,2.1428571939468384,
277,fac467a2d0f1,Mi10,Tm5b,-1,True,NernPC2018,0.8810356852772724,chem,1,1.3333333333333333,True,1,0,0,1.3333333730697632,
278,0cf8a3303237,Mi10,TmY3,-1,True,NernPC2018,8.069179249512482,chem,1,1.0,True,1,0,0,1.0,
279,1a0c043a9f58,Mi10,TmY5a,-1,True,NernPC2018,2.367427702160678,chem,1,1.25,True,1,0,0,1.25,
280,95871a53895f,Mi10,TmY14,-1,True,NernPC2018,5.59733000758336,chem,1,3.3333333333333335,True,1,0,0,3.3333332538604736,
281,0c43c51d94e5,Mi12,Mi1,-1,False,NernPC2018,3.0400382626101807,chem,5,11.115079365079366,True,5,0,0,11.115079402923584,
282,9b5f761c8266,Mi12,Mi9,-1,False,NernPC2018,4.930836378046482,chem,1,1.2222222222222223,True,1,0,0,1.2222222089767456,
283,3ccb592652be,Mi12,Tm1,-1,False,NernPC2018,4.295896298738522,chem,6,15.545634920634921,True,6,0,0,15.545634865760803,
284,27b7af0f1c30,Mi12,Tm2,-1,False,NernPC2018,3.7632433376079906,chem,5,9.817460317460318,True,5,0,0,9.817460298538208,
285,d17a399500e8,Mi12,Tm3,-1,False,NernPC2018,2.138212403865835,chem,1,1.2,True,1,0,0,1.2000000476837158,
286,a9e80683b37f,Mi12,Tm4,-1,False,NernPC2018,2.582258225750314,chem,4,6.544444444444444,True,4,0,0,6.544444561004639,
287,6f3fff0d2728,Mi13,L5,-1,True,NernPC2018,2.1711174535260707,chem,4,7.869047619047619,True,4,0,0,7.86904764175415,
288,6a8d2200186a,Mi13,Mi1,-1,True,NernPC2018,1.5788804601952062,chem,6,15.53452380952381,True,6,0,0,15.534523606300354,
289,e0012cbd73f0,Mi13,T2,-1,True,NernPC2018,1.1859974641486235,chem,3,7.333333333333334,True,3,0,0,7.333333253860474,
290,de41945e85b9,Mi13,Tm1,-1,True,NernPC2018,1.2666515976227575,chem,7,25.5,True,7,0,0,25.49999988079071,
291,2340d43625ce,Mi13,Tm2,-1,True,NernPC2018,1.3489668194404534,chem,6,14.291666666666668,True,6,0,0,14.291666507720947,
292,6b3995bf7ec2,Mi13,Tm3,-1,True,NernPC2018,1.0906978793461333,chem,4,5.652777777777778,True,4,0,0,5.652777791023254,
293,3997f92b8e34,Mi13,Tm4,-1,True,NernPC2018,1.2293980016135828,chem,8,19.866666666666667,True,8,0,0,19.866666555404663,
294,8e7eefe160d0,Mi13,Tm9,-1,True,NernPC2018,1.4482437046841052,chem,1,1.25,True,1,0,0,1.25,
295,8775385f6d6e,Mi14,Tm1,-1,False,NernPC2018,1.414213562373095,chem,1,1.3333333333333333,True,1,0,0,1.3333333730697632,
296,74bf7fb6e733,Mi14,Tm4,-1,False,NernPC2018,1.2374368670764582,chem,2,4.0,True,2,0,0,3.9999998807907104,
297,282671ae8429,Mi14,TmY3,-1,False,NernPC2018,1.4142135623730954,chem,1,1.6666666666666667,True,1,0,0,1.6666666269302368,
298,22f609a7a486,Mi15,C3,1,False,NernPC2018,2.4987007594610717,chem,1,5.857142857142857,True,1,0,0,5.857142925262451,
299,6a08849089b5,Mi15,Mi4,1,False,NernPC2018,3.013778484908224,chem,1,4.857142857142857,True,1,0,0,4.857142925262451,
300,460bf5517db3,Mi15,Mi10,1,False,NernPC2018,4.008389523247331,chem,1,1.25,True,1,0,0,1.25,
301,08b3b96c860c,Mi15,Mi15,1,False,NernPC2018,1.045503206474133,chem,5,7.133333333333333,True,7,2,0,9.133333325386047,
302,22c4171c8c30,Mi15,Tm5c,1,False,NernPC2018,1.2426406871192852,chem,1,1.0,True,1,0,0,1.0,
303,e8ba9cc31d80,T1,L2,1,False,,46.860065853689115,chem,1,5.2,True,1,0,0,5.199999809265137,
304,e2b366f2712b,T1,L5,1,False,,12.312341369536503,chem,1,1.0,True,1,0,0,1.0,
305,15c01ed31778,T1,Tm20,1,False,,15.839191898578663,chem,1,1.5555555555555556,True,1,0,0,1.5555555820465088,
306,fbce6cf18340,T2,Lawf2,1,False,,1.6433926173073585,chem,4,7.333333333333333,True,4,0,0,7.333333373069763,
307,2116f19e7d1b,T2,Mi1,1,False,,3.4936415191989187,chem,3,6.571936758893281,True,3,0,0,6.571936845779419,
308,7d59d7201398,T2,T2,1,False,,1.4916879044791014,chem,14,25.841269841269842,True,18,4,0,29.841269969940186,
309,5401334051c5,T2,Tm5c,1,False,,1.6754757419094062,chem,2,6.0,True,2,0,0,6.0,
310,7ab83877aa21,T2,TmY5a,1,False,,2.3492431288964912,chem,3,4.458333333333333,True,4,1,0,5.458333373069763,
311,81c9db50eef8,T2,TmY15,1,False,,1.2348390035986072,chem,3,3.666666666666667,True,5,2,0,5.666666626930237,
312,718563ae9629,T2a,Mi1,1,False,,4.106599382926063,chem,3,5.9,True,3,0,0,5.900000095367432,
313,6ec3b504ae96,T2a,T3,1,False,,5.512405194329137,chem,1,1.25,True,1,0,0,1.25,
314,e3af00a9d3c5,T2a,Tm3,1,False,,1.903969567565631,chem,2,2.6,True,2,0,0,2.600000023841858,
315,9881e64c482b,T2a,Tm5Y,1,False,,1.811493187959004,chem,2,2.666666666666667,True,2,0,0,2.666666626930237,
316,739de1658acc,T2a,Tm5b,1,False,,2.553824191411542,chem,1,1.0,True,1,0,0,1.0,
317,c5b727dcd4b2,T2a,Tm28,1,False,,2.2258777854163285,chem,3,3.4,True,4,1,0,4.399999976158142,
318,e9a169bc4d89,T2a,TmY4,1,False,,1.1712382620351292,chem,3,3.428571428571429,True,3,0,0,3.4285714626312256,
319,58560bf3a88b,T2a,TmY5a,1,False,,2.3131173310788182,chem,6,14.03452380952381,True,6,0,0,14.034523606300354,
320,f34d1734d2e0,T2a,TmY9,1,False,,1.2982010779631563,chem,3,3.125,True,3,0,0,3.125,
321,7808f161606c,T3,T2,1,False,,1.8976408822434891,chem,2,2.0,True,2,0,0,2.0,
322,dcfb28f40719,T3,T2a,1,False,,2.0780181528158814,chem,3,4.75,True,3,0,0,4.75,
323,992bbbc8f2e9,T3,Tm3,1,False,,2.6770030297003236,chem,2,3.916666666666667,True,2,0,0,3.916666626930237,
324,36e0182d10b0,T4a,C3,1,False,,2.4905918736271593,chem,2,5.177777777777777,True,2,0,0,5.177777647972107,
325,59020fc95a87,T4a,CT1(M10),1,False,,2.5686602337427247,chem,1,5.0,True,1,0,0,5.0,
326,b15e207e431c,T4a,Mi9,1,False,,3.686741343637994,chem,2,4.071428571428571,True,2,0,0,4.071428537368774,
327,e47793c3add0,T4a,Mi12,1,False,,4.501252069212962,chem,3,4.3,True,5,2,0,6.299999952316284,
328,e99426ca9433,T4a,T4a,1,False,,1.3462358615534737,chem,10,20.922459893048128,True,17,7,0,27.922459840774536,
329,b5200aea9761,T4a,T4c,1,False,,1.7593737668644218,chem,2,2.333333333333333,True,2,0,0,2.333333373069763,
330,43f7241c6222,T4a,T5a,1,True,NernPC2018,1.5963636641536374,chem,8,12.023295364657491,True,8,0,0,12.023295402526855,
331,2eb08e528c1f,T4a,TmY14,1,False,,1.3137336758149785,chem,4,5.327257799671592,True,4,0,0,5.327257871627808,
332,014fbffac902,T4a,TmY18,1,False,,1.7400108693949905,chem,3,4.2272727272727275,True,3,0,0,4.2272727489471436,
333,e867ef8fdbdf,T4b,CT1(M10),1,False,,2.269097382077207,chem,1,6.0,True,1,0,0,6.0,
334,80efc31a42f0,T4b,Mi9,1,False,,2.5806956940073307,chem,1,2.25,True,1,0,0,2.25,
335,b8b46e0f47c9,T4b,T4b,1,False,,1.1332283768301152,chem,6,14.13115763546798,True,7,1,0,15.131157636642456,
336,d6a9966420b3,T4b,T4c,1,False,,2.0924333299863664,chem,1,1.0909090909090908,True,1,0,0,1.0909091234207153,
337,be58a9f75002,T4b,T5b,1,True,NernPC2018,1.1369235952973678,chem,5,6.658504537328636,True,5,0,0,6.658504486083984,
338,010cf5068a97,T4b,TmY15,1,False,,1.3984876738957177,chem,13,5.0,True,25,12,0,17.000000029802322,
339,aefa450a5e97,T4c,CT1(M10),1,False,,1.9988882987160115,chem,1,4.0,True,1,0,0,4.0,
340,452cd1037da6,T4c,Mi9,1,False,,3.279579646553383,chem,1,1.7692307692307692,True,1,0,0,1.7692307233810425,
341,50ece94aad4c,T4c,T4c,1,False,,1.3790557047698746,chem,5,7.709745762711864,True,6,1,0,8.70974576473236,
342,0cc29e8fa6bc,T4c,T5c,1,True,NernPC2018,1.371473602404915,chem,4,5.049121578063056,True,4,0,0,5.049121618270874,
343,d6d25452cf8a,T4c,TmY4,1,False,,1.3443228789066584,chem,21,38.85595238095238,True,33,12,0,50.855952739715576,
344,8e79314b78e3,T4c,TmY14,1,False,,1.6734296145335723,chem,1,1.064516129032258,True,1,0,0,1.0645161867141724,
345,09828a57a790,T4c,TmY15,1,False,,1.2809039308376666,chem,22,6.999999999999998,True,32,10,0,16.999999977648258,
346,b5441a080b2e,T4d,CT1(M10),1,False,,2.561495769253767,chem,1,5.0,True,1,0,0,5.0,
347,2ea8f0016c5f,T4d,T4a,1,False,,2.967645711446638,chem,1,1.0,True,1,0,0,1.0,
348,49f717f4375a,T4d,T4d,1,False,,1.31399940975074,chem,5,8.156184486373165,True,6,1,0,9.156184554100037,
349,a5f72fac86dd,T4d,T5d,1,True,NernPC2018,1.5913989652316798,chem,2,2.431489361702128,True,2,0,0,2.43148934841156,
350,a06142552426,T4d,TmY4,1,False,,1.3859269331456456,chem,8,11.116666666666667,True,12,4,0,15.116666555404663,
351,f9d08a3e45f3,T4d,TmY15,1,False,,1.9536407252841337,chem,7,0.9999999999999999,True,11,4,0,5.000000014901161,
352,262ca62ad0ca,T5a,CT1(Lo1),1,False,,1.4265766805495144,chem,1,1.2982456140350878,True,1,0,0,1.2982456684112549,
353,25ffd7aa0f8f,T5a,T4a,1,False,,1.5065785117915462,chem,6,9.231086879196123,True,6,0,0,9.23108696937561,
354,ce75baa8203b,T5a,T5a,1,True,NernPC2018,1.3791785292478604,chem,10,18.627236129410043,True,11,1,0,19.627236247062683,
355,b2e9f148af4e,T5a,T5b,1,True,NernPC2018,1.842632910817597,chem,2,2.2501186521120076,True,2,0,0,2.250118613243103,
356,b439f9609a46,T5a,TmY9,1,False,,1.4148558070850383,chem,1,1.0,True,1,0,0,1.0,
357,f7a3125e7f70,T5a,TmY14,1,False,,1.093936228521158,chem,12,20.455156731768426,True,13,1,0,21.455156683921814,
358,534034a2eb00,T5a,TmY15,1,False,,2.2341338317351918,chem,2,1.0,True,2,0,0,1.0000000298023224,
359,ee1286e28690,T5b,CT1(Lo1),1,False,,1.4265766805495144,chem,1,1.2982456140350878,True,1,0,0,1.2982456684112549,
360,4db516b22b76,T5b,T2,1,False,,2.2413028084736593,chem,1,1.2380952380952381,True,1,0,0,1.2380952835083008,
361,c3c768c597b0,T5b,T4b,1,False,,1.1004650265675289,chem,5,6.299014774723166,True,5,0,0,6.299014687538147,
362,4d809d2f01ce,T5b,T5b,1,True,NernPC2018,1.4403603310345747,chem,12,20.992840794571975,True,13,1,0,21.99284064769745,
363,cce80dc28884,T5b,T5d,1,True,NernPC2018,2.214158833731222,chem,1,1.065217391304348,True,1,0,0,1.06521737575531,
364,addd7fd0b21e,T5b,Tm2,1,False,,3.969336284688697,chem,1,1.032258064516129,True,1,0,0,1.0322580337524414,
365,08862f154dbd,T5b,TmY14,1,False,,1.5223476881240008,chem,3,3.0989247311827954,True,3,0,0,3.09892475605011,
366,80edc8ab0d41,T5b,TmY15,1,False,,1.6153705465737647,chem,12,0.9999999999999999,True,15,3,0,4.000000007450581,
367,29ac60664d4f,T5c,CT1(Lo1),1,False,,1.4265766805495144,chem,1,1.2982456140350878,True,1,0,0,1.2982456684112549,
368,37ae3ddd4ff2,T5c,T4c,1,False,,1.2594759702593423,chem,4,4.68741420224471,True,4,0,0,4.687414169311523,
369,7cca5b751aa2,T5c,T5c,1,True,NernPC2018,1.1241081857399955,chem,6,9.07899556583767,True,7,1,0,10.07899558544159,
370,f031549e43a1,T5c,Tm2,1,False,,3.587427446560756,chem,1,1.2903225806451613,True,1,0,0,1.2903225421905518,
371,3623aba7db2b,T5c,TmY4,1,False,,1.570257695961886,chem,11,15.360714285714286,True,20,9,0,24.360714316368103,
372,a079febbb791,T5c,TmY14,1,False,,1.3898178251352094,chem,1,1.3870967741935485,True,1,0,0,1.3870967626571655,
373,a0be8a07d297,T5c,TmY15,1,False,,1.4232553572931277,chem,14,1.0000000000000002,True,21,7,0,8.00000000745058,
374,5ddbe3cf363a,T5d,CT1(Lo1),1,False,,1.4265766805495144,chem,1,1.2982456140350878,True,1,0,0,1.2982456684112549,
375,ab8338833535,T5d,T2,1,False,,2.105370849897757,chem,1,1.0,True,1,0,0,1.0,
376,b594d70a2aa8,T5d,T4d,1,False,,1.520975545693067,chem,3,3.6914726741760533,True,3,0,0,3.69147264957428,
377,bc75239611ee,T5d,T5d,1,True,NernPC2018,1.444645288936407,chem,9,14.19748984865264,True,10,1,0,15.197489738464355,
378,d557d51211af,T5d,TmY4,1,False,,1.8285433961071036,chem,7,8.98452380952381,True,10,3,0,11.98452377319336,
379,3378806df5d2,T5d,TmY15,1,False,,1.9450930850498802,chem,5,0.9999999999999999,True,6,1,0,1.9999999701976776,
380,b7615dc470c5,Tm1,L2,1,False,,42.75577549323798,chem,1,5.571428571428571,True,1,0,0,5.5714287757873535,
381,02b40beb0481,Tm1,L5,1,False,,38.69734426753443,chem,1,10.666666666666666,True,1,0,0,10.666666984558105,
382,54a5b246f11b,Tm1,Lawf2,1,False,,1.8446432817563116,chem,4,10.666666666666668,True,4,0,0,10.666666507720947,
383,caf72a09760c,Tm1,C3,1,False,,9.981979662265514,chem,2,2.458333333333333,True,2,0,0,2.458333373069763,
384,2b2c1a1d1c0a,Tm1,CT1(Lo1),1,False,,3.170195417631355,chem,1,7.711111111111111,True,1,0,0,7.711111068725586,
385,a744a725f76e,Tm1,Mi1,1,False,,10.990543952600998,chem,1,2.1538461538461537,True,1,0,0,2.153846263885498,
386,35367cdb6e2c,Tm1,Mi2,1,False,,2.038673198110241,chem,5,20.65,True,5,0,0,20.65000009536743,
387,bf733077a226,Tm1,Mi4,1,False,,5.862246730783367,chem,1,6.217391304347826,True,1,0,0,6.217391490936279,
388,3572df37042f,Tm1,Mi9,1,False,,10.527431628114599,chem,1,7.5,True,1,0,0,7.5,
389,1e837811cfdc,Tm1,Mi12,1,False,,3.779168304099364,chem,1,1.1428571428571428,True,1,0,0,1.1428571939468384,
390,325a2af06fce,Tm1,Mi13,1,False,,1.7646852854875033,chem,2,2.685714285714286,True,2,0,0,2.6857142448425293,
391,e21a4ca6c933,Tm1,T1,1,False,,36.660605559646726,chem,1,1.4,True,1,0,0,1.399999976158142,
392,f768b23b039d,Tm1,T2,1,False,,5.450858989435687,chem,1,1.1,True,1,0,0,1.100000023841858,
393,baf09e4884f3,Tm1,T2a,1,False,,1.9465931481791399,chem,5,21.51919191919192,True,5,0,0,21.519192576408386,
394,30fd00b60663,Tm1,T3,1,False,,3.0636116560645723,chem,9,52.09722222222222,True,9,0,0,52.097222566604614,
395,d3c1797269cf,Tm1,T5a,1,True,NernPC2018,2.7223418472945093,chem,10,26.692431604155743,True,10,0,0,26.692431688308716,
396,6d8db83c7c7c,Tm1,T5b,1,True,NernPC2018,2.428371555317946,chem,7,24.488703703703703,True,9,2,0,26.48870325088501,
397,0a06d7b2574e,Tm1,T5c,1,True,NernPC2018,1.562992254233292,chem,8,23.074684574684575,True,9,1,0,24.074684619903564,
398,5efaa17ecac4,Tm1,T5d,1,True,NernPC2018,3.348365097017714,chem,9,27.23412457912458,True,11,2,0,29.234124898910522,
399,28fb2cf6cea8,Tm1,Tm2,1,False,,6.023926423008472,chem,1,6.142857142857143,True,1,0,0,6.142857074737549,
400,cda9409ccc03,Tm1,Tm4,1,False,,2.5431428402213467,chem,4,16.409523809523808,True,4,0,0,16.409523487091064,
401,352181f1a7e7,Tm1,Tm5Y,1,False,,2.173700889412694,chem,2,2.333333333333333,True,2,0,0,2.333333373069763,
402,eb46d10dc955,Tm1,Tm9,1,False,,28.115503645286648,chem,1,5.896551724137931,True,1,0,0,5.896551609039307,
403,2cbf7f3e0b1c,Tm1,Tm20,1,False,,6.986640830724896,chem,1,8.0,True,1,0,0,8.0,
404,a69fd3974387,Tm1,Tm28,1,False,,1.5699043721860262,chem,6,17.705952380952382,True,6,0,0,17.705952644348145,
405,0c288db54fab,Tm1,TmY4,1,False,,1.9356393527671936,chem,10,24.86190476190476,True,10,0,0,24.861904978752136,
406,16b90f0295da,Tm1,TmY9,1,False,,1.6656025317253549,chem,6,8.5,True,6,0,0,8.5,
407,3307d396b491,Tm1,TmY15,1,False,,1.1524495870449658,chem,4,4.95,True,5,1,0,5.950000047683716,
408,9cdb1f520771,Tm2,L2,1,False,,11.716976211705926,chem,1,7.285714285714286,True,1,0,0,7.285714149475098,
409,90722a73cc62,Tm2,L5,1,False,,3.2809216779324686,chem,1,15.153846153846153,True,1,0,0,15.15384578704834,
410,308b14ff5740,Tm2,Lawf1,1,False,,2.164195151594013,chem,1,1.1666666666666667,True,1,0,0,1.1666666269302368,
411,e4b28577eab0,Tm2,C3,1,False,,11.209187790077463,chem,3,5.472222222222222,True,3,0,0,5.472222328186035,
412,ce6fa4a3bc28,Tm2,CT1(Lo1),1,False,,3.7849168001455955,chem,1,1.24,True,1,0,0,1.2400000095367432,
413,e4f9edc1b06f,Tm2,Mi4,1,False,,8.809434189650105,chem,1,5.875,True,1,0,0,5.875,
414,6dbcd6c20ba7,Tm2,Mi9,1,False,,4.894624494257725,chem,1,10.461538461538462,True,1,0,0,10.461538314819336,
415,9b52081b7f95,Tm2,T2,1,False,,2.670234701992532,chem,7,52.66479888398047,True,7,0,0,52.664798736572266,
416,f61563ea115d,Tm2,T2a,1,False,,3.4973564803735178,chem,1,1.0,True,1,0,0,1.0,
417,b27778c1fc38,Tm2,T5a,1,True,NernPC2018,2.8225999053834525,chem,8,27.018475043217812,True,8,0,0,27.018474817276,
418,eb76bafec6d5,Tm2,T5b,1,True,NernPC2018,2.8143853998267576,chem,8,27.134081250599603,True,11,3,0,30.1340811252594,
419,a8177c65489a,Tm2,T5c,1,True,NernPC2018,1.9142205958855696,chem,7,27.877168363708964,True,8,1,0,28.87716853618622,
420,40ad1dc407ff,Tm2,T5d,1,True,NernPC2018,2.7444945094772155,chem,8,28.09845956142808,True,10,2,0,30.098459839820862,
421,acbe84b052f2,Tm2,Tm1,1,False,,12.43790532713973,chem,1,7.0,True,1,0,0,7.0,
422,05007353d9a2,Tm2,Tm4,1,False,,4.72977545665187,chem,3,4.649538866930171,True,3,0,0,4.64953887462616,
423,05876b1ef0f8,Tm2,Tm9,1,False,,8.358236525885081,chem,1,4.709677419354839,True,1,0,0,4.709677219390869,
424,f33f7f6b574f,Tm2,Tm28,1,False,,1.545413325327392,chem,2,4.194444444444445,True,2,0,0,4.194444417953491,
425,7934cb308844,Tm2,TmY3,1,False,,4.184142139276661,chem,7,25.229131652661064,True,7,0,0,25.2291316986084,
426,20ea2967e1c4,Tm2,TmY4,1,False,,2.356181254375315,chem,1,1.0,True,1,0,0,1.0,
427,695fd02f30a3,Tm2,TmY13,1,False,,1.5891862259789111,chem,2,2.666666666666667,True,2,0,0,2.666666626930237,
428,dce78852f7f1,Tm2,TmY15,1,False,,1.245652071709978,chem,4,6.816666666666666,True,4,0,0,6.816666603088379,
429,61ed8dd264a1,Tm2,TmY18,1,False,,2.709920180356938,chem,4,5.602952602952603,True,4,0,0,5.602952599525452,
430,afec25957712,Tm3,L1,1,False,,1.5634744696070277,chem,6,9.623809523809523,True,6,0,0,9.623809456825256,
431,d68965b1c55a,Tm3,Lawf1,1,False,,1.4243953355120091,chem,1,1.0,True,1,0,0,1.0,
432,ae85ea3a5718,Tm3,Lawf2,1,False,,1.8939973018357705,chem,1,3.3333333333333335,True,1,0,0,3.3333332538604736,
433,7733bb759142,Tm3,Mi1,1,False,,2.6384644544907276,chem,1,1.2285714285714286,True,1,0,0,1.2285714149475098,
434,41c6259e111d,Tm3,Mi11,1,False,,1.0963763171773129,chem,2,2.0,True,2,0,0,2.0,
435,21b7bf5ac583,Tm3,Mi14,1,False,,0.850851660376602,chem,7,10.533333333333333,True,7,0,0,10.533333420753479,
436,bf61536e7750,Tm3,T2,1,False,,1.523372850994156,chem,6,24.674358974358974,True,6,0,0,24.67435908317566,
437,7b14e9acaf71,Tm3,T2a,1,False,,1.9271139837338052,chem,1,1.0,True,1,0,0,1.0,
438,b64d9b84e2d1,Tm3,T3,1,False,,2.744591208378366,chem,3,8.666666666666666,True,3,0,0,8.666666626930237,
439,9e282a1c8dfb,Tm3,T4a,1,False,,1.6884696294985895,chem,9,25.733239275344538,True,12,3,0,28.73323953151703,
440,3d2e3eef51d7,Tm3,T4b,1,False,,1.6279422395797134,chem,6,16.53422659212133,True,6,0,0,16.534226894378662,
441,440616171af9,Tm3,T4c,1,False,,1.7405587844591048,chem,8,18.974081474081473,True,8,0,0,18.97408151626587,
442,28f9ab435364,Tm3,T4d,1,False,,2.0206009819411026,chem,6,14.935786435786435,True,6,0,0,14.935786724090576,
443,60c45125a1f6,Tm3,Tm3,1,False,,1.8479217611857306,chem,6,7.032679738562091,True,7,1,0,8.032679796218872,
444,e6cf64a46d64,Tm3,Tm4,1,False,,1.9505381048071482,chem,1,1.1379310344827587,True,1,0,0,1.137930989265442,
445,01eab188272d,Tm3,Tm30,1,False,,1.414213562373095,chem,1,1.0,True,1,0,0,1.0,
446,1d6ed7b18489,Tm3,TmY3,1,False,,2.2941750116546364,chem,9,25.694444444444443,True,10,1,0,26.69444441795349,
447,1dc544bc2e6c,Tm3,TmY5a,1,False,,2.751114997439269,chem,6,22.049603174603174,True,7,1,0,23.04960322380066,
448,1623b5e364fc,Tm3,TmY13,1,False,,1.0223624718589466,chem,1,2.0,True,1,0,0,2.0,
449,c4da0bb09a09,Tm3,TmY14,1,False,,1.4354239373256497,chem,12,35.348516218081436,True,12,0,0,35.34851634502411,
450,e2ba9b47e4f8,Tm3,TmY15,1,False,,0.8466664628536523,chem,26,114.53333333333333,True,27,1,0,115.53333306312561,
451,da8b08d5185c,Tm3,TmY18,1,False,,2.1510594287311076,chem,3,5.551282051282051,True,3,0,0,5.551282048225403,
452,203326b36f47,Tm4,Lawf2,1,False,,1.515096244259343,chem,2,6.666666666666666,True,2,0,0,6.666666746139526,
453,e8b1113983ac,Tm4,C3,1,False,,2.855427115669239,chem,4,7.083333333333334,True,4,0,0,7.083333492279053,
454,b7934a629b83,Tm4,Mi4,1,False,,2.6018638734025346,chem,2,4.260526315789473,True,2,0,0,4.260526180267334,
455,67940c2bc03e,Tm4,Mi10,1,False,,3.88109716685463,chem,1,1.0,True,1,0,0,1.0,
456,f74e94afe19c,Tm4,Mi12,1,False,,2.7371186686372084,chem,1,1.0,True,1,0,0,1.0,
457,0e8e72423c03,Tm4,Mi13,1,False,,1.7188959577127092,chem,2,2.8285714285714283,True,2,0,0,2.8285714387893677,
458,5f660ec17708,Tm4,Mi14,1,False,,0.9361206932396033,chem,7,19.666666666666668,True,7,0,0,19.666666626930237,
459,0f7927756214,Tm4,T2,1,False,,1.6870976516066494,chem,1,1.0,True,1,0,0,1.0,
460,a8051444571a,Tm4,T2a,1,False,,2.7477398999128684,chem,2,4.8,True,2,0,0,4.799999952316284,
461,46b25049c287,Tm4,T3,1,False,,2.608268768366731,chem,6,14.899206349206349,True,6,0,0,14.899206519126892,
462,9cce88f9858a,Tm4,T5a,1,True,NernPC2018,2.8650550590395545,chem,7,16.436344814605683,True,7,0,0,16.436344981193542,
463,3aec27ec714d,Tm4,T5b,1,True,NernPC2018,2.503527059842188,chem,6,14.956521739130435,True,6,0,0,14.95652151107788,
464,be99d1f42599,Tm4,T5c,1,True,NernPC2018,1.5746196383058604,chem,8,18.216247139588102,True,9,1,0,19.216247081756592,
465,6b33241019d3,Tm4,T5d,1,True,NernPC2018,2.6214116486702927,chem,6,16.43838383838384,True,7,1,0,17.43838369846344,
466,e45bb1cba310,Tm4,Tm3,1,False,,2.3720994008344003,chem,2,2.208128078817734,True,2,0,0,2.2081280946731567,
467,b465931d5976,Tm4,Tm4,1,False,,2.2814725564150464,chem,2,2.2111111111111112,True,2,0,0,2.2111111879348755,
468,7099acb3e54c,Tm4,TmY3,1,False,,3.122777371830925,chem,6,10.053571428571429,True,6,0,0,10.053571462631226,
469,342f714aed40,Tm4,TmY4,1,False,,3.035074383635021,chem,2,2.8333333333333335,True,2,0,0,2.8333332538604736,
470,1f324df9f6b7,Tm4,TmY5a,1,False,,2.714789382248951,chem,6,31.417857142857144,True,6,0,0,31.41785752773285,
471,667ddb75d50a,Tm4,TmY13,1,False,,1.2814214691803316,chem,1,1.6666666666666667,True,1,0,0,1.6666666269302368,
472,f608324871e2,Tm4,TmY14,1,False,,1.5626993591147986,chem,14,59.32323388685618,True,14,0,0,59.32323396205902,
473,425678101fd8,Tm4,TmY15,1,False,,0.8959784332372613,chem,16,142.95,True,17,1,0,143.9500002861023,
474,85adaacc8953,Tm5Y,Tm5a,1,False,,2.1948333205292334,chem,1,1.0,True,1,0,0,1.0,
475,f5f8e72ced80,Tm5Y,Tm5b,1,False,,1.1752308956729005,chem,1,1.0,True,1,0,0,1.0,
476,8311d1b0e4e7,Tm5Y,Tm20,1,False,,2.814582562299426,chem,1,1.0,True,1,0,0,1.0,
477,437f730288e9,Tm5Y,TmY5a,1,False,,2.3873477353884387,chem,1,1.2,True,1,0,0,1.2000000476837158,
478,1622a73db0ed,Tm5Y,TmY10,1,False,,2.138089935299395,chem,1,1.3333333333333333,True,1,0,0,1.3333333730697632,
479,960d384fe13e,Tm5a,Tm5a,1,False,Karuppudurai2014;Lin2016,1.0606601717798214,chem,2,3.666666666666667,True,2,0,0,3.666666626930237,
480,822871182085,Tm5a,Tm5b,1,False,Karuppudurai2014;Lin2016,0.8966986643803165,chem,4,6.666666666666667,True,6,2,0,8.666666626930237,
481,08ad5aeba6ec,Tm5b,Mi3,1,False,Karuppudurai2014;Lin2016,0.7071067811865477,chem,1,1.6666666666666667,True,1,0,0,1.6666666269302368,
482,6f6aaef43ba4,Tm5b,Mi10,1,False,Karuppudurai2014;Lin2016,1.0832750088054883,chem,1,1.6,True,1,0,0,1.600000023841858,
483,60cc01c636fd,Tm5b,Tm5a,1,False,Karuppudurai2014;Lin2016,1.9805087717965437,chem,1,1.25,True,1,0,0,1.25,
484,26f3a764cd3e,Tm5b,Tm5b,1,False,Karuppudurai2014;Lin2016,1.197126041341717,chem,7,15.333333333333334,True,9,2,0,17.333333253860474,
485,12d121d4a0a7,Tm5b,Tm5c,1,False,Karuppudurai2014;Lin2016,1.0974166602646167,chem,1,1.0,True,1,0,0,1.0,
486,80a8183e9af0,Tm5c,Mi4,-1,False,Karuppudurai2014;Lin2016,4.040588580276823,chem,2,4.916666666666667,True,2,0,0,4.916666626930237,
487,903ad0b94863,Tm5c,Mi15,-1,False,Karuppudurai2014;Lin2016,1.2153011664846043,chem,2,10.166666666666666,True,2,0,0,10.166666626930237,
488,9c226ec452c0,Tm5c,Tm5Y,-1,False,Karuppudurai2014;Lin2016,7.3484692283495345,chem,1,2.0,True,1,0,0,2.0,
489,e1b746e0017c,Tm5c,Tm5b,-1,False,Karuppudurai2014;Lin2016,1.3999228005379252,chem,1,4.0,True,1,0,0,4.0,
490,5d1e47af3b09,Tm5c,Tm16,-1,False,Karuppudurai2014;Lin2016,1.0606601717798212,chem,1,1.0,True,1,0,0,1.0,
491,44d16767a1d5,Tm9,CT1(Lo1),1,False,,2.6095914069855763,chem,1,23.36,True,1,0,0,23.360000610351562,
492,b60f751d532a,Tm9,Mi9,1,False,,69.88967446049884,chem,1,1.1851851851851851,True,1,0,0,1.185185194015503,
493,750094aaede2,Tm9,T5a,1,True,NernPC2018,2.6195265263271397,chem,4,48.99999999999999,True,4,0,0,49.0,
494,9a40b7836cd4,Tm9,T5b,1,True,NernPC2018,2.487566233531162,chem,4,47.01363436845058,True,4,0,0,47.01363563537598,
495,4e75aaa8d264,Tm9,T5c,1,True,NernPC2018,1.4502553861351093,chem,4,45.92842437536461,True,4,0,0,45.92842483520508,
496,91d4683ed143,Tm9,T5d,1,True,NernPC2018,2.470915203204628,chem,4,51.28318408882595,True,4,0,0,51.283185958862305,
497,ff6ffbcfefda,Tm9,Tm1,1,False,,134.43360465762802,chem,1,3.9655172413793105,True,1,0,0,3.965517282485962,
498,b8f27613b1c2,Tm9,Tm2,1,False,,12.842063614262614,chem,1,4.709677419354839,True,1,0,0,4.709677219390869,
499,476d3ef5d6bb,Tm9,Tm5Y,1,False,,1.784669316832696,chem,2,2.0,True,2,0,0,2.0,
500,89b7d68cb13a,Tm9,Tm28,1,False,,2.57980920795527,chem,1,1.2857142857142858,True,1,0,0,1.2857142686843872,
501,10f1073d5a78,Tm9,TmY4,1,False,,7.202240138205264,chem,2,2.0,True,2,0,0,2.0,
502,73963aeebbd2,Tm9,TmY9,1,False,,2.8301409633334655,chem,3,3.5,True,3,0,0,3.5,
503,3880fb8824e5,Tm9,TmY15,1,False,,1.5551453782531273,chem,5,7.35,True,5,0,0,7.350000023841858,
504,f04db8ebe14b,Tm16,Lawf1,1,False,,0.9502084893614823,chem,6,12.0,True,6,0,0,12.0,
505,3289375b1cd9,Tm16,Lawf2,1,False,,1.224744871391589,chem,1,2.0,True,1,0,0,2.0,
506,8f7b563dfcfa,Tm16,Mi9,1,False,,1.450267168946861,chem,4,8.714285714285715,True,4,0,0,8.714285612106323,
507,3fea6b6e7784,Tm16,T2,1,False,,3.0507374554610336,chem,3,3.7857142857142856,True,3,0,0,3.785714268684387,
508,20cb38224cde,Tm16,Tm1,1,False,,1.1331145854890228,chem,3,5.708333333333334,True,3,0,0,5.708333253860474,
509,9932e323af43,Tm16,Tm2,1,False,,1.0771359021871854,chem,1,1.0,True,1,0,0,1.0,
510,828583b46ac0,Tm16,Tm4,1,False,,1.5510182955134861,chem,2,2.166666666666667,True,2,0,0,2.166666626930237,
511,61e762500877,Tm16,Tm5Y,1,False,,1.5304335428752736,chem,3,3.0,True,3,0,0,3.0,
512,dd17591d446f,Tm16,Tm5c,1,False,,1.0043503945320575,chem,3,5.666666666666666,True,3,0,0,5.666666746139526,
513,c75081551002,Tm16,Tm9,1,False,,1.1659046744733024,chem,6,9.307142857142857,True,6,0,0,9.307142853736877,
514,f821a288a0a9,Tm16,TmY3,1,False,,3.5355339059327378,chem,1,1.3333333333333333,True,1,0,0,1.3333333730697632,
515,6983d439c405,Tm16,TmY5a,1,False,,1.7236173244952344,chem,3,5.75,True,3,0,0,5.75,
516,d21b988cd05f,Tm16,TmY10,1,False,,1.0627440157488868,chem,3,3.6666666666666665,True,3,0,0,3.6666667461395264,
517,1a3bce0250bd,Tm16,TmY13,1,False,,1.9845819845644528,chem,2,6.666666666666666,True,2,0,0,6.666666746139526,
518,15582e088817,Tm16,TmY14,1,False,,1.1646668306947903,chem,5,10.5,True,5,0,0,10.49999988079071,
519,b3c3d368a74a,Tm20,Mi2,1,False,,1.2608941672240375,chem,1,1.2,True,1,0,0,1.2000000476837158,
520,a41b94975c7b,Tm20,Mi9,1,False,,4.241834069636549,chem,1,4.0,True,1,0,0,4.0,
521,d5d32dafa20d,Tm20,Tm5Y,1,False,,1.604136286794629,chem,7,23.4,True,7,0,0,23.399999856948853,
522,381fb63974ff,Tm20,Tm9,1,False,,4.64562198560685,chem,1,3.2222222222222223,True,1,0,0,3.222222328186035,
523,87b808ad1f25,Tm20,Tm20,1,False,,0.9313994547410853,chem,4,9.82857142857143,True,5,1,0,10.828571557998657,
524,4d0f52eb3c36,Tm28,Tm5Y,1,False,,2.0502525316941673,chem,1,1.0,True,1,0,0,1.0,
525,5268f8757970,Tm28,TmY4,1,False,,1.1696293076232513,chem,6,14.216666666666667,True,6,0,0,14.21666669845581,
526,d07ca5abc1dc,Tm28,TmY9,1,False,,1.689509743695024,chem,1,1.0,True,1,0,0,1.0,
527,1cf51a37b7e9,TmY3,T2,1,False,,3.9406096935435317,chem,5,15.867532467532467,True,5,0,0,15.86753249168396,
528,13fee493bf25,TmY3,Tm4,1,False,,3.9469007441192905,chem,1,1.5,True,1,0,0,1.5,
529,f4f0a65bdcf8,TmY3,TmY3,1,False,,5.203190198470974,chem,1,1.0,True,1,0,0,1.0,
530,6b40b89329c6,TmY3,TmY4,1,False,,3.972965564947278,chem,2,2.833333333333333,True,2,0,0,2.833333373069763,
531,d3e4a75b8b5b,TmY3,TmY5a,1,False,,3.2358967817020905,chem,4,7.166666666666667,True,4,0,0,7.166666626930237,
532,f9fdd1ae551b,TmY3,TmY13,1,False,,2.82842712474619,chem,1,2.0,True,1,0,0,2.0,
533,7866d4afd14b,TmY3,TmY14,1,False,,2.2188585522636415,chem,13,33.75214687273511,True,15,2,0,35.75214695930481,
534,e72151c796d6,TmY3,TmY15,1,False,,1.9980589520429153,chem,2,2.0,True,2,0,0,2.0,
535,63ae68959a1d,TmY4,Mi3,1,False,,1.0690449676496976,chem,1,1.3333333333333333,True,1,0,0,1.3333333730697632,
536,8d30fd79cb71,TmY4,Mi4,1,False,,2.686526594388021,chem,2,2.75,True,2,0,0,2.75,
537,cd1a0d8844f0,TmY4,Mi13,1,False,,2.1213203435596424,chem,1,1.3333333333333333,True,1,0,0,1.3333333730697632,
538,8f34bc25836f,TmY4,T2,1,False,,8.26237921249264,chem,1,1.5,True,1,0,0,1.5,
539,000331726b62,TmY4,T5d,1,True,NernPC2018,7.675177596763987,chem,1,1.2,True,1,0,0,1.2000000476837158,
540,d64f52ed2268,TmY4,TmY4,1,False,,1.1092271848598096,chem,2,3.666666666666667,True,2,0,0,3.666666626930237,
541,16d08886e21a,TmY4,TmY5a,1,False,,1.6815622070389717,chem,4,7.583333333333333,True,4,0,0,7.583333492279053,
542,0a07ad5de024,TmY4,TmY9,1,False,,3.134917509555344,chem,2,2.0,True,2,0,0,2.0,
543,3f78e85c8ab4,TmY4,TmY14,1,False,,2.179124315241535,chem,2,2.75,True,2,0,0,2.75,
544,b2457fb37dc5,TmY5a,Mi2,-1,True,NernPC2018,2.1667062935110883,chem,1,1.0,True,1,0,0,1.0,
545,0dfd40806578,TmY5a,Mi3,-1,True,NernPC2018,2.82842712474619,chem,1,1.3333333333333333,True,1,0,0,1.3333333730697632,
546,a2a45951e35e,TmY5a,T2,-1,True,NernPC2018,3.595114178392207,chem,1,1.0,True,1,0,0,1.0,
547,7c2401fc83e8,TmY5a,T2a,-1,True,NernPC2018,3.064047027179766,chem,2,2.685714285714286,True,2,0,0,2.6857142448425293,
548,32c891239868,TmY5a,Tm16,-1,True,NernPC2018,1.396352929363113,chem,1,1.0,True,1,0,0,1.0,
549,55c6bd2c84fc,TmY5a,TmY3,-1,True,NernPC2018,3.12579604957995,chem,3,4.366666666666667,True,3,0,0,4.366666674613953,
550,f2a383cef91d,TmY5a,TmY4,-1,True,NernPC2018,6.128258770283411,chem,1,1.3333333333333333,True,1,0,0,1.3333333730697632,
551,3b8fb84e8cd8,TmY5a,TmY14,-1,True,NernPC2018,3.7248095926910483,chem,3,4.4,True,3,0,0,4.399999976158142,
552,284436fd563c,TmY5a,TmY15,-1,True,NernPC2018,1.1641501751292487,chem,3,5.25,True,3,0,0,5.25,
553,3e085a80a99b,TmY5a,TmY18,-1,True,NernPC2018,2.9956996465453347,chem,2,2.875,True,2,0,0,2.875,
554,fd177b1aeac2,TmY9,Mi13,1,False,,1.4448888224879788,chem,3,3.0,True,3,0,0,3.0,
555,5c9f35cb2b7d,TmY9,TmY4,1,False,,3.2182008966919713,chem,2,2.333333333333333,True,2,0,0,2.333333373069763,
556,585f97668a7f,TmY9,TmY9,1,False,,1.4555963560356076,chem,4,4.2,True,11,7,0,11.200000047683716,
557,98ca660f235e,TmY10,Mi4,1,False,,1.3761437999581911,chem,6,17.833333333333332,True,6,0,0,17.833333492279053,
558,6874740d82a2,TmY10,T2a,1,False,,7.3484692283495345,chem,1,1.0,True,1,0,0,1.0,
559,79687e3056df,TmY10,Tm5b,1,False,,2.82842712474619,chem,1,1.0,True,1,0,0,1.0,
560,f7d255d8b1fc,TmY10,Tm5c,1,False,,1.224744871391589,chem,1,2.0,True,1,0,0,2.0,
561,698fa48e302a,TmY10,Tm9,1,False,,4.365641250653994,chem,1,1.5,True,1,0,0,1.5,
562,05ea9126e548,TmY10,Tm16,1,False,,0.9752437217515684,chem,3,3.6666666666666665,True,3,0,0,3.6666667461395264,
563,7ce89f5e7b73,TmY10,Tm20,1,False,,1.3389812690935508,chem,1,1.0,True,1,0,0,1.0,
564,fb11d7dffe3f,TmY10,Tm28,1,False,,1.0999438818457405,chem,2,2.0,True,2,0,0,2.0,
565,bb545e2360f8,TmY10,TmY4,1,False,,1.2325301864204314,chem,1,1.6666666666666667,True,1,0,0,1.6666666269302368,
566,a6727537c1a3,TmY10,TmY9,1,False,,1.0667902219105647,chem,1,2.0,True,1,0,0,2.0,
567,d5966ab2b36e,TmY13,Mi4,1,False,,1.266696235827727,chem,2,3.5833333333333335,True,2,0,0,3.5833332538604736,
568,341bc52fc9fa,TmY13,T2,1,False,,1.1498917221767648,chem,3,5.5,True,3,0,0,5.5000001192092896,
569,e6f143e97f8b,TmY13,Tm5b,1,False,,1.7931509443361069,chem,1,1.0,True,1,0,0,1.0,
570,388582bbbfc1,TmY13,Tm16,1,False,,1.3615552305724343,chem,1,1.0,True,1,0,0,1.0,
571,466365b1ad58,TmY13,TmY5a,1,False,,1.1905918672678526,chem,1,1.5,True,1,0,0,1.5,
572,0745c03cce7a,TmY14,C3,-1,True,NernPC2018,3.601489881454454,chem,4,6.3,True,4,0,0,6.299999952316284,
573,ae6d58bd1470,TmY14,Mi12,-1,True,NernPC2018,3.216171493348246,chem,4,4.5,True,6,2,0,6.4999998807907104,
574,59a21befb76d,TmY14,Mi13,-1,True,NernPC2018,1.2947098452288401,chem,3,6.416666666666666,True,3,0,0,6.416666746139526,
575,f268aea43154,TmY14,Tm9,-1,True,NernPC2018,8.295581217348271,chem,1,1.0,True,1,0,0,1.0,
576,9ff70554ca69,TmY14,Tm16,-1,True,NernPC2018,1.244719880386806,chem,4,9.916666666666668,True,5,1,0,10.916666507720947,
577,ac102ef3345b,TmY14,TmY4,-1,True,NernPC2018,7.505690770880899,chem,1,1.0,True,1,0,0,1.0,
578,b8f63793fcad,TmY15,Mi4,-1,True,NernPC2018,0.9177429241035547,chem,14,28.083333333333332,True,15,1,0,29.083333373069763,
579,6bfb84349f9b,TmY15,Mi9,-1,True,NernPC2018,4.575317547305483,chem,1,1.0,True,1,0,0,1.0,
580,6bdbc6888b61,TmY15,T2,-1,True,NernPC2018,0.8499370483048785,chem,2,2.0,True,2,0,0,2.0,
581,2544e96f702f,TmY15,T2a,-1,True,NernPC2018,1.5259101889224564,chem,1,1.6666666666666667,True,1,0,0,1.6666666269302368,
582,31408404fe3f,TmY15,T4a,-1,True,NernPC2018,1.334402708058241,chem,19,11.000000000000002,True,25,6,0,16.999999940395355,
583,b4f6d558d451,TmY15,T4b,-1,True,NernPC2018,1.402180572993786,chem,17,12.000000000000004,True,28,11,0,23.000000059604645,
584,e513731ce4f7,TmY15,T4c,-1,True,NernPC2018,1.4101690650310361,chem,19,10.000000000000002,True,31,12,0,21.999999940395355,
585,44fd3787b64d,TmY15,T4d,-1,True,NernPC2018,1.530631011784322,chem,11,10.000000000000002,True,14,3,0,13.000000059604645,
586,22d1d5d99e87,TmY15,T5a,-1,True,NernPC2018,1.4316319598387066,chem,18,10.000000000000002,True,23,5,0,15.000000074505806,
587,032b44c6672b,TmY15,T5b,-1,True,NernPC2018,2.0859211376792106,chem,15,11.0,True,17,2,0,13.000000089406967,
588,642814ca3031,TmY15,T5c,-1,True,NernPC2018,1.2325380321463708,chem,16,10.000000000000002,True,22,6,0,16.0,
589,9a5ad9889fe5,TmY15,T5d,-1,True,NernPC2018,1.4156728560800909,chem,18,8.999999999999998,True,22,4,0,12.999999940395355,
590,69c95367cbd5,TmY15,Tm1,-1,True,NernPC2018,1.3935865842076611,chem,2,2.0,True,2,0,0,2.0,
591,cbfa4bfd4da1,TmY15,Tm2,-1,True,NernPC2018,1.955626078951732,chem,2,2.0,True,2,0,0,2.0,
592,0ecd1923e795,TmY15,Tm3,-1,True,NernPC2018,1.2545472232393466,chem,2,2.142857142857143,True,2,0,0,2.1428571939468384,
593,fea02ba18718,TmY15,Tm4,-1,True,NernPC2018,0.901840134611131,chem,8,12.216666666666667,True,9,1,0,13.21666669845581,
594,248be68e4764,TmY15,Tm9,-1,True,NernPC2018,1.3824117860922893,chem,6,9.583333333333334,True,8,2,0,11.583333373069763,
595,63d34367c50c,TmY15,TmY3,-1,True,NernPC2018,0.903446339972574,chem,3,7.166666666666667,True,3,0,0,7.166666626930237,
596,0b0497e0c416,TmY15,TmY14,-1,True,NernPC2018,1.0282983554386493,chem,19,117.0,True,20,1,0,117.99999964237213,
597,a92eebf504ef,TmY15,TmY18,-1,True,NernPC2018,1.014755750750873,chem,9,22.283333333333335,True,9,0,0,22.28333342075348,
598,545d8250dff9,TmY18,Mi4,1,False,,2.3811124530820726,chem,3,4.484665661136249,True,3,0,0,4.484665632247925,
599,05bca2e5af6f,TmY18,Mi10,1,False,,1.5643915531065096,chem,5,7.75,True,5,0,0,7.75,
600,393292639862,TmY18,T2,1,False,,1.5876062653378802,chem,2,4.7,True,2,0,0,4.700000047683716,
601,2dd9600fbfe7,TmY18,TmY5a,1,False,,5.517217990277666,chem,2,3.291666666666667,True,2,0,0,3.291666626930237,
602,2e309059a67e,TmY18,TmY9,1,False,,2.7826117627979396,chem,1,1.0,True,1,0,0,1.0,
603,c026497daa9e,TmY18,TmY15,1,False,,0.8645109798377456,chem,9,20.0,True,9,0,0,19.99999988079071,
604,1008f77ea73f,TmY18,TmY18,1,False,,2.2395705110563093,chem,4,5.476190476190476,True,5,1,0,6.476190567016602,
