iteration,chkpt_index,d_core_0_0prime,d_dec_0_0prime,d_all_0_0prime,reln_all_0_0prime,d_core_0_1,d_dec_0_1,d_all_0_1,reln_all_0_1
0,0,0.0,0.0,0.0,0.0,0.556595243308302,0.0,0.556595243308302,0.11259550157952149
12,1,1.4405079862933813e-08,0.00036903411641450484,0.00036903411669565267,7.450800833987997e-05,0.5574337337014789,0.017198761210800714,0.5576989912628122,0.11282292298632499
3612,2,0.01169187979505923,0.016833227651672972,0.020495306933909562,0.0041036606290171425,0.5655869204660204,0.3296170674291887,0.6546265926028791,0.13143690413113984
7212,3,0.021629398085599775,0.023192418480938826,0.03171307516688247,0.006314859773249594,0.5738953011165334,0.48924320724309167,0.7541317739474609,0.15061877546646665
10812,4,0.036115747744756614,0.040957030819849354,0.05460609497795068,0.010795178995295944,0.5890405776025955,0.5925460746559766,0.8355116113212346,0.16576006615136474
14412,5,0.04731418209160511,0.05485435378443313,0.07244054083250144,0.014201105781873743,0.6255870192991718,0.7103957555593907,0.94658398900067,0.18630149972525373
18012,6,0.08393742715438673,0.08340637455090055,0.11833053280123007,0.02295998428588071,0.9081476868964774,0.8331418575103126,1.2324193993731023,0.2398389939467899
21612,7,0.18487814221724305,0.13061667107310238,0.22636395965771094,0.043109953475910484,1.2400911121199407,1.0966465546680606,1.6554333668934562,0.3153556757370612
25212,8,0.29963223622317475,0.29469082840880995,0.4202643945570101,0.07803294673039499,1.4568517849935794,1.4553792960425593,2.059258609011583,0.38047691219919944
28812,9,0.3956768102181445,0.4090981383306802,0.5691409534816786,0.10366010135746172,1.706767571777133,1.5996510720820774,2.339217624865919,0.42279765861760793
32412,10,0.5033740102677501,0.41837006682327704,0.6545371700879564,0.11698945429559757,1.9272536067684725,1.7137196501256076,2.5789807102862814,0.4570136808851756
36012,11,0.6182369603690181,0.4245436292630998,0.7499694875887996,0.13177947676785967,2.1090826661072173,1.817812461476028,2.7843620162564147,0.4843001144503064
39612,12,0.7477895937797338,0.4420513512667122,0.8686763918295372,0.1501914657724338,2.250345534185459,1.9293466879180932,2.964191907655268,0.5066098460350218
43212,13,0.9211172463038336,0.47740347666012345,1.0374830412905702,0.1764882329067434,2.3799328401692414,2.0197685107867867,3.1214652266014324,0.5249558997455307
46812,14,1.1130246890198898,0.5179348108402876,1.2276320404127574,0.20553635951018764,2.503873884884261,2.1066128751298767,3.2721861556256835,0.5421609093891674
50412,15,1.2856341065262153,0.5670429617909574,1.4051308751785812,0.231588263404458,2.621483143287332,2.18813943468779,3.4146929666040915,0.5579638014081719
54012,16,1.4703019354087625,0.6116626044630299,1.5924568826078926,0.2588458275703989,2.7290839856759046,2.2559669829543085,3.540803076853141,0.571499150994245
57612,17,1.6770057419812243,0.6568752606583331,1.8010645093119109,0.2889330854737935,2.8259501918587997,2.3181449457174623,3.6551047148094424,0.5831579954630027
61212,18,1.9113472506573346,0.6987578974678926,2.0350702474040343,0.3221627009201219,2.9145707115186106,2.373748104721303,3.7589097484656486,0.592991421919729
64812,19,2.158597674159437,0.7401716262522584,2.2819723826539735,0.35643343296541086,2.9990722880221634,2.4274203678706106,3.858342160972196,0.6020249177921942
68412,20,2.360781665965117,0.7785956193018857,2.4858602560789964,0.38321439451495304,3.0699257933371746,2.482280247055365,3.9479310532883094,0.6094018099682394
72012,21,2.511553847485534,0.8070641340162804,2.6380400385958627,0.4016932725085449,3.1305869562376127,2.5381945053140713,4.030261286488956,0.6156259070923229
75612,22,2.6388057517475074,0.8389421254101065,2.768956425305999,0.41676005369957997,3.164963993057403,2.591802534836802,4.090774676871895,0.6186420996483326
79212,23,2.7333358723775825,0.8696513222737083,2.8683476800343706,0.4273442372108787,3.1987973776362755,2.638055956216334,4.146280729919431,0.6214603397925466
82812,24,2.8291418608884444,0.9004488616093614,2.968981613517495,0.4379713749793906,3.228272886021768,2.684704452806972,4.198735979499654,0.6238308580684025
86412,25,2.9144485835291545,0.92820175524542,3.058687470873051,0.4468357771772935,3.260512311524552,2.7325068339237863,4.254119665811412,0.6266037469456729
90012,26,2.9847302133985547,0.9598588988159943,3.1352740793127585,0.45378082904908734,3.293917776694531,2.7786952712811614,4.309413153813935,0.6294984296550614
93612,27,3.0513330816127446,0.9892886195537974,3.2076978579228754,0.4598760818020318,3.3279757032464063,2.827395282839601,4.366873752104824,0.6325342233713954
97212,28,3.118147625611241,1.0237706651037022,3.281912702957213,0.4661931513759554,3.363609568299007,2.8713465436578542,4.422499327498935,0.6353566713830174
100812,29,3.1815317570890196,1.0540881004002582,3.3516035035146086,0.4719845828083055,3.3981218191296345,2.9162339813909575,4.477907159808507,0.6383659748382006
104412,30,3.238393427945443,1.079548207116791,3.4135928763766414,0.4770751361634531,3.429971366390256,2.953988912269637,4.526671411541712,0.6409722424560813
108012,31,3.2808617272313843,1.1051855974130718,3.4620064814989884,0.480272550783378,3.4648428309633936,2.99411637814398,4.579286923653997,0.6440710460601129
111612,32,3.319685111950334,1.131073122845173,3.5070836391120546,0.4829907937512216,3.4997316443450868,3.032253888894785,4.630624712622255,0.6470027416769799
115212,33,3.359756369762887,1.154785232253713,3.552673893955588,0.48575490110594277,3.540950304787724,3.071624449438059,4.6875586203654,0.6506745100998559
118812,34,3.397822297989922,1.1840989629237706,3.5982338338016167,0.48852382423020985,3.5763439826517396,3.1113810285276817,4.740351061570366,0.653780515289524
122412,35,3.4377025603996607,1.21327910639524,3.645523979319519,0.49148510840589926,3.611530147841959,3.1524761809237805,4.793876936266011,0.6570000625486438
126012,36,3.4759664013555307,1.243112405270075,3.691567536357543,0.4944902862575422,3.6462797432564584,3.1901468407416362,4.844831558638157,0.6600933317576679
129612,37,3.51151355442585,1.2691289134157768,3.7338205154753252,0.4973860108152937,3.674501532633089,3.2211930600071903,4.886516780198494,0.6624868077800773
133212,38,3.5480638289061295,1.296158926803693,3.7774045186509957,0.5004682663146086,3.704956709460141,3.2514109670770655,4.929338444031084,0.665098523846069
136812,39,3.5842293078174547,1.3253559303880478,3.8214222579076993,0.503548058657578,3.7321319639408346,3.2826052270225587,4.970342651442123,0.6673732132332096
140412,40,3.6210097346029904,1.352478712169245,3.8653473537265217,0.5066477391293982,3.7579127807194945,3.3164411999706744,5.0120545388451125,0.6697854473927904
144012,41,3.6599465105178997,1.3824524222865244,3.9123373013760028,0.5101752239036421,3.785479335052829,3.346056982580875,5.052321360205654,0.6720953315755229
147612,42,3.6989781701275946,1.4101729458482408,3.9586648305057133,0.5136096457985847,3.8122716314914737,3.376978175328356,5.092877044355063,0.6744361326892515
151212,43,3.726359821267179,1.4344222812163343,3.9929093150739448,0.515753913750288,3.8318477628851597,3.405823477783499,5.126664689615393,0.6761736162894814
154812,44,3.7321333070664635,1.456047152288811,4.006106879677981,0.515785583277612,3.8466866741801407,3.4294011593817584,5.1534251407470775,0.6776071473182047
158412,45,3.7383211288269016,1.478992949005284,4.020256833268373,0.5158953423754155,3.861723208812417,3.4528498169465722,5.180258487746389,0.6789907444901178
162012,46,3.7446149906816832,1.5003841120132089,4.034017093669744,0.5159482186127683,3.875281419807706,3.4751501371370264,5.2052353028802045,0.6801727318150661
165612,47,3.7507180794412,1.522132476442437,4.04781093769063,0.5160246557712562,3.8899661250948556,3.4979059755377393,5.231365277639111,0.6815208067645719
169212,48,3.757057395662593,1.544658504595479,4.062197701998534,0.5161800362717757,3.9035407529168764,3.5185608493958513,5.255273623759676,0.6825614592302659
172812,49,3.763277677375365,1.5686271343717264,4.077112944685129,0.5164478951031983,3.9164232141040194,3.5391718544189024,5.278646437021885,0.6836221353871219
176412,50,3.769134603406878,1.5875015009314484,4.089808879893872,0.5165958820250838,3.9288642086575973,3.556598416553765,5.299562837320026,0.6845401415472451
180012,51,3.7751912907800294,1.603825169767574,4.1017465130309345,0.5168881898780291,3.9381461232550907,3.5726185883840054,5.317198366261697,0.6853228987701105
183612,52,3.779827281930248,1.6209301353608259,4.112725226044785,0.5171329054163833,3.947630859091069,3.5863545653144615,5.333453709164451,0.6860081030320727
187212,53,3.7847421048982417,1.637534434371045,4.1238079276732185,0.5173440657644998,3.9566929121873367,3.6010426601278795,5.350039910263695,0.68669636084772
190812,54,3.789748772416466,1.6539959875164119,4.134960517919432,0.5175504317634623,3.96703171550653,3.6158128171821695,5.367629175039346,0.6875273753018498
194412,55,3.7952987571186907,1.6692776267277403,4.146176606330285,0.5177888163879155,3.9770480895098856,3.6296177995542735,5.3843325377539095,0.6882629628487713
198012,56,3.8002269848518804,1.6854675216243153,4.157225745956898,0.5179807910741742,3.986171510796246,3.6441443731391083,5.400865812604966,0.6889439585160163
201612,57,3.804255723223824,1.7007040565539437,4.167104017859443,0.5182214046796706,3.9943493334248608,3.6558281607787317,5.414785881138283,0.6895424585228632
205212,58,3.8071281924880007,1.7125266942300283,4.174562582174023,0.5184017503163327,3.9997761058484365,3.6635525467135848,5.424004623840925,0.6898363603331975
208812,59,3.8097020640675563,1.7234192911804984,4.181387792369147,0.5185212723427253,4.005946525012485,3.672165258162921,5.4343725713755004,0.6902670237794674
212412,60,3.8123645746397066,1.7336510249264532,4.188038863978747,0.5185870845060164,4.011717826173785,3.680508552862713,5.444265159278718,0.6906413368015285
216012,61,3.814857397050865,1.7441243282608838,4.1946521467536755,0.5186612147707996,4.017684654662139,3.688616015827384,5.45414320462215,0.6910022731997195
219612,62,3.81749611449584,1.7541904594785798,4.201245143087529,0.5187329697567081,4.023405355119833,3.697234712695485,5.464186597506299,0.6913717062216308
223212,63,3.820697470411098,1.7654783217520975,4.208876674955256,0.51892293864881,4.0297269973547,3.7057234147326743,5.474585436332816,0.6917859974866272
226812,64,3.8232410717686376,1.7735306722805946,4.214567989530917,0.519070052297526,4.034596366947933,3.7114247133871703,5.482028935287604,0.6920840759854134
230412,65,3.8247343883270135,1.778371657300256,4.217961461741934,0.5191389950411194,4.038138245910989,3.714639957765344,5.486812417872152,0.6922616682376551
234012,66,3.8261856434385098,1.7834275879099082,4.221410965467963,0.5192021605531263,4.041310913981535,3.7183997575377323,5.491692877458002,0.6924446249656097
237612,67,3.8278518489943245,1.7879626732251925,4.224838493800192,0.5192747809028303,4.044505823917871,3.722070269634372,5.496529309646379,0.692629604305333
241212,68,3.829786752932119,1.7930636341354467,4.228752034465181,0.5193912083079836,4.047393333753499,3.725789814156832,5.501172832895463,0.692785345251883
244812,69,3.831134014809003,1.7976704502832945,4.231927089075182,0.5194265634997332,4.050682154887418,3.7293450941862996,5.506000431479719,0.6929686919839297
248412,70,3.832987472009173,1.8020642769861177,4.23547265591089,0.5195049526715427,4.054184528049548,3.732383254729846,5.510634895151751,0.6931182551008747
250008,71,3.833952443525771,1.8040671415635108,4.237198318522088,0.5195552888215629,4.0553825999309545,3.7337274807766705,5.512426773439234,0.6931571559865578
