bank,seed,kind,existence,offset,counts,sign,existence_fold0,existence_fold1,existence_fold2,existence_fold3,existence_fold4,existence_fold5,existence_fold6,existence_fold7,existence_fold8,existence_fold9
real,0,real,0.36247565612529586,0.4204030829268882,0.9861415249958538,0.976830601092896,0.387386553379183,0.34692199843209987,0.37959490173790833,0.3625123472643723,0.31285758525128093,0.33842180108608716,0.36663521468279053,0.3597269762648353,0.40978645566051347,0.3609127274938881
shuffle0,0,shuffle,0.36332910904022436,0.41007918813347677,1.039527882082333,0.6370098425779495,0.36609978305788454,0.34404828198986637,0.359294080784677,0.3718164065372789,0.3819804479995379,0.36366246423560133,0.33514774182603246,0.3700122430774074,0.39903132233795935,0.34219831855599847
shuffle1,1,shuffle,0.36248678836469805,0.4150690704337525,1.0351917067794887,0.57347484998854,0.36121539400445707,0.37417596073094606,0.37537623220370536,0.3367046695126185,0.3803492384257649,0.31859807739555146,0.3724816353647052,0.37116769457919196,0.39215024423168104,0.34264873719835875
shuffle2,2,shuffle,0.36357513071888453,0.403380965502364,1.0368539619078885,0.6202361790412725,0.3396428204849218,0.4061570373853202,0.42128089729828805,0.3423772162262976,0.35650666646299317,0.3319369068592204,0.35377703234453456,0.3642644088142292,0.3639099397163676,0.3558983815966729
shuffle3,3,shuffle,0.36429587334784463,0.3989530086325878,1.0366146137045944,0.5676459629661348,0.3218613426754141,0.3596697104523159,0.3385913243335379,0.36460516981671687,0.33179887235750816,0.35712434616182326,0.40188158832316334,0.4221670388170933,0.39441457401503593,0.35084476652583846
shuffle4,4,shuffle,0.3609028988763582,0.40463075267508797,1.046535830751305,0.5852316518573033,0.3951728643715708,0.3801540370002187,0.4268070075131024,0.324342654622368,0.3369753536249747,0.32665774632627026,0.33193126554820085,0.3863074232213143,0.3701487116445219,0.33053192489103966
shuffle5,5,shuffle,0.3624277889110359,0.4035520940615111,1.029509323016153,0.5694337715052001,0.3811529224785769,0.37654110637890426,0.3828505643440175,0.3107097572456443,0.4073717640192583,0.309929488732072,0.38135549674699976,0.3152853483849623,0.33243499861779424,0.4266464421621294
shuffle6,6,shuffle,0.3628238319768451,0.39592428738634194,1.037271708414274,0.5765297895242455,0.3587911900163201,0.41551942763664557,0.38710292777343885,0.36384713538478486,0.36623162840150547,0.3349860144575214,0.3266025365627498,0.35179469378225925,0.3559537624716734,0.3674090032815522
shuffle7,7,shuffle,0.3623599776296522,0.4067203043892535,1.0354887265576522,0.5496939101403537,0.35779308169418794,0.3671154192913314,0.3625162471892583,0.39317233461013995,0.3511026651263018,0.3517484220562467,0.33493646381698444,0.33829799694158996,0.3708556629482157,0.3960614826222663
shuffle8,8,shuffle,0.36077463988955893,0.40751350021952265,1.0321779264652013,0.5675726468950153,0.3529682425309383,0.4481057070579702,0.3625206919549517,0.33174256643487776,0.313350938574347,0.3526636683097956,0.34922217938771966,0.35171052994932656,0.35886741122584315,0.38659446346981907
shuffle9,9,shuffle,0.361511943946457,0.40583465025151944,1.0433958860866688,0.5793790609368203,0.3659798611867661,0.363719549158294,0.4021782666558251,0.3871141742080355,0.37371342466960333,0.3296001341511256,0.33292982849328806,0.3291329832404741,0.39246911048243055,0.33828210721872753
shuffle10,10,shuffle,0.3619806665658428,0.41874766371014555,1.0353182413224646,0.5916627078017181,0.3179391460418767,0.3537114579954631,0.33734440001736876,0.3996021709523638,0.3358093853146576,0.3581270799869721,0.3942270515523096,0.372001164806853,0.34418529425220956,0.4068595147383537
shuffle11,11,shuffle,0.36109689233655673,0.4131309387390213,1.0257575296034687,0.5921883229295475,0.3478843467584406,0.3708652367410165,0.39709540473020055,0.34611406816169055,0.37097376663747605,0.374054663098278,0.36179131714053553,0.34277342326400917,0.3627469908982265,0.33666970593569345
shuffle12,12,shuffle,0.36267055404461235,0.4029447002192904,1.0398893043252664,0.529719315326865,0.3715685944101179,0.40441643317233605,0.36257322000644276,0.36709518141485753,0.3450930649690334,0.30446616090244727,0.3389665301814615,0.3286152438788071,0.4134902631003815,0.3904208484102389
shuffle13,13,shuffle,0.36179487582945297,0.4000872542934393,1.0359518291906595,0.5608705508642764,0.3406859655974489,0.3550362412188868,0.39408758608550537,0.35742210194177526,0.3594797324865521,0.3285183107775147,0.36407766781039563,0.40131932380134533,0.39437849866847824,0.3229433299066275
shuffle14,14,shuffle,0.3615442766043139,0.39944852446926127,1.042334003021158,0.5914178016911247,0.3547009860156527,0.3652620941619914,0.3401843047305075,0.3458401924881886,0.3749374423688036,0.3533736865135741,0.3265613283020283,0.39239916165379995,0.3946550630864144,0.3675285067221783
shuffle15,15,shuffle,0.36244040712386516,0.3934085322476019,1.053332142795362,0.5796098638131293,0.36681797517347164,0.4086975426878531,0.3792787506477278,0.32890310317164584,0.34803307532796307,0.34978914166213276,0.415973255793677,0.30166301951800306,0.3862319925894657,0.3390162146667113
shuffle16,16,shuffle,0.36151983170628565,0.41121374987393633,1.0258888550021652,0.621799547036616,0.3773127717771109,0.37123786520567714,0.35890036832040867,0.4111820890970564,0.35264388153713355,0.34197799761762115,0.32482955968393734,0.30537039809761957,0.39220101083176484,0.3795423748945267
shuffle17,17,shuffle,0.3605669730284522,0.41794820340120287,1.0414993850022676,0.5466271343283505,0.3622302380586556,0.3304235788968009,0.3234237075614274,0.37991499795902955,0.3528086507452766,0.3689932132952566,0.355287892485382,0.3833921098276974,0.3426125415519426,0.406582799903053
shuffle18,18,shuffle,0.3629208191250687,0.40672647781465343,1.0310383711435835,0.5866930081117154,0.3380654766331122,0.37433042604596584,0.35593765342521055,0.4140602040860101,0.3604844587301581,0.4045060895600711,0.34072893634499263,0.3667702035723544,0.3303316757948415,0.34399306705797045
shuffle19,19,shuffle,0.36280333083723787,0.398738923779994,1.043357480051337,0.5446919264416075,0.3630438482633151,0.44229221036094235,0.35334120863073765,0.3540737769718457,0.3380882449350695,0.32145021477893004,0.39767030641991236,0.39297681682694224,0.32587568761350877,0.3392209935711751
shuffle20,20,shuffle,0.36042461011391447,0.4079891207536336,1.031014815772149,0.5708167092029033,0.3800499564668337,0.37873553424147555,0.32103045488074466,0.3393246545061874,0.3897727576809022,0.3403910583868836,0.32674260436561336,0.3697290256280234,0.37149551921949453,0.3869745357629868
shuffle21,21,shuffle,0.3636576686880758,0.40152846206488874,1.0498624177776466,0.5707213206584222,0.3419039847623564,0.40798661768573735,0.365486527700227,0.383670485600802,0.3718528689702482,0.3616477504634,0.32828004582720616,0.3360144234701744,0.35516848739973206,0.3845654950008742
shuffle22,22,shuffle,0.3627354923665016,0.3825386801258301,1.0541034407009637,0.6191781820235261,0.35029175512189453,0.3146211423314123,0.3573920943975289,0.37457889418905416,0.3696095313208887,0.3450667700681555,0.3389532993193342,0.3748672064188409,0.3861818893742156,0.4157923411236911
shuffle23,23,shuffle,0.36122595501305693,0.4147838674322732,1.037441752725381,0.5639660675470294,0.3506203691224775,0.3460243074045231,0.33335029006442346,0.38531574524055356,0.32884204173775133,0.37396641553996224,0.33677869552869605,0.403070550575492,0.3994467108449561,0.3548444240717341
shuffle24,24,shuffle,0.36212244103445423,0.40056628823332696,1.0466010956798941,0.5802223515028316,0.3418143610611433,0.3542020507927639,0.38072128705357017,0.35516359379181156,0.364260011814194,0.37014703329124077,0.35528829693829994,0.3356913446508992,0.4070242610370637,0.35691216991355607
shuffle25,25,shuffle,0.36148464230298294,0.40375889309918767,1.0365862404221795,0.5606175009284711,0.32902249224972857,0.38404773798688424,0.3867064212320328,0.3658455307068136,0.33895665786638723,0.33783690813590117,0.33432192096527213,0.3445077132964175,0.41252774036561,0.3810733002247824
shuffle26,26,shuffle,0.3644585004684332,0.40384080750959955,1.0363008773412745,0.5711286646898996,0.3253400503890055,0.41258802436689873,0.410717814228683,0.36213439682870235,0.3796741483341526,0.31336323929702764,0.34400363646729576,0.3598038740661753,0.38312808940304427,0.35383173130334733
shuffle27,27,shuffle,0.36230237227594486,0.3992263498464585,1.0363464864300658,0.5939001564716851,0.3710588562018964,0.37910072921247034,0.35584099854174184,0.376874400422402,0.34480801588338117,0.3856658643494527,0.3684614057667217,0.3591131711750919,0.3491906719637437,0.33290960924254653
shuffle28,28,shuffle,0.36141376615036985,0.3904515466846235,1.0441673357603165,0.5673648903055255,0.40280272396131267,0.3690868260501482,0.35722156327870236,0.33914002953171163,0.3401820809510733,0.3512460621480162,0.378560542618917,0.3816890571338756,0.37352065051553607,0.3206881253144054
shuffle29,29,shuffle,0.36310295446573326,0.3893734047595968,1.0396738253877742,0.6154684233448948,0.36658538128226864,0.38904359738031774,0.371380843705774,0.3289512915332672,0.37681290699498915,0.36001630816517716,0.34342880280877036,0.3916007437760089,0.3737566587616748,0.32945301024908474
shuffle30,30,shuffle,0.362099502290772,0.39550543290891593,1.0484544009314491,0.6212239224762148,0.3390603279409109,0.3575888340934003,0.3711567662548308,0.385698671843599,0.3420100128916516,0.36878071174415694,0.36893711449058886,0.37128774757810973,0.3582204666629625,0.3582543694075093
shuffle31,31,shuffle,0.362482278450954,0.4012820604260817,1.0279692455417841,0.5964315795466968,0.32800362412062745,0.370650257837319,0.3149615294049521,0.37611828628903893,0.4022955180964834,0.3446995361506529,0.34828790430617734,0.38123342368053054,0.3432241725189615,0.41534853210479683
shuffle32,32,shuffle,0.3625262710534184,0.39552624553909693,1.0275361623712356,0.5835484505526938,0.39241909702155303,0.3524764433343164,0.4269605512529261,0.36496959287870734,0.34924132015057074,0.3497550177896567,0.34032085596545647,0.3472146461533113,0.3733163788621554,0.3285888071255303
shuffle33,33,shuffle,0.3632073065154483,0.4049713817038064,1.026862815189658,0.5799936201213235,0.40528874548552,0.32801623484920045,0.3494815083588333,0.3665216573485858,0.38855366951925885,0.334202308412147,0.38488299291398353,0.3429775497031102,0.3874952291230805,0.34465316944076363
shuffle34,34,shuffle,0.36141492715689005,0.39678223245470423,1.0452830869173275,0.5940047250583003,0.34499562517164756,0.343664555631918,0.3732811380734839,0.33512995707158005,0.4076977975066709,0.36425438239843155,0.3725641883268591,0.36033537588261133,0.3675366668465428,0.34468958465915517
shuffle35,35,shuffle,0.3600931470799119,0.40398484932561446,1.02443372281493,0.5684914049947485,0.4107245348711646,0.3087000744105337,0.37098033721507206,0.32294102935250146,0.3733588875228723,0.32867398669714304,0.3316386827513627,0.3484456982671346,0.3777658459793591,0.4277023937319759
shuffle36,36,shuffle,0.3618439529111736,0.40624193377628365,1.0483191779543044,0.5625253455343074,0.3265547834357432,0.3826134173351388,0.3682584084331971,0.35350225449247785,0.35403268233528523,0.37070691720379556,0.3086016360296805,0.4000554012451131,0.3613223079872959,0.39279172061400874
shuffle37,37,shuffle,0.35940906739799827,0.4200047253086317,1.0199506184019915,0.5919729777917387,0.32895969859825597,0.3725162017334471,0.41298064459500544,0.34461095362819627,0.3301670311579082,0.38695235621858404,0.3681656971720314,0.3290631944662327,0.36190924272397706,0.3587656536863443
shuffle38,38,shuffle,0.3624032875717858,0.4100664305597424,1.0270944804587034,0.589872098827774,0.3625739620176742,0.35500844434283507,0.3437694553813875,0.3987124069069612,0.3958044500767589,0.34950092644792924,0.3245646994840391,0.37021849741422175,0.3984079740804778,0.32547205956557335
shuffle39,39,shuffle,0.36246029523496803,0.40160112495757155,1.0414148743126432,0.5541047932330827,0.33962354130404104,0.3249404863859008,0.343078540166165,0.3896743351819988,0.3746422513986434,0.3965829172698424,0.37942824430735655,0.35936810237830197,0.34150581313059386,0.37575872082683687
shuffle40,40,shuffle,0.36529048016947074,0.39641489814254743,1.0417500671270126,0.5195427155286203,0.3325822576551647,0.4266374673107478,0.35895072213552803,0.3267322917941672,0.37760884604105094,0.34581848895791384,0.38682946890564573,0.3424358075363774,0.39271883494520593,0.3625906164129062
shuffle41,41,shuffle,0.36322453302070357,0.40004365204499726,1.0377358465494388,0.5782050248119506,0.339932972771579,0.3090795609473951,0.4132116599426352,0.369717613358323,0.3585312566895449,0.3836826863377603,0.4046303918860153,0.31942821305743296,0.36413685295992987,0.3698941222564196
shuffle42,42,shuffle,0.36244192256844954,0.3976657951020418,1.0463916204444703,0.5587682479150196,0.3603717872975601,0.3115805830516075,0.39475080345096,0.39329808625915236,0.3496500266069372,0.3352526560090257,0.36992553983539056,0.4201760248527943,0.37868295133241614,0.3107307669886518
shuffle43,43,shuffle,0.36272844123875586,0.39887164255736074,1.0339321166609055,0.5823014179853909,0.334296156341415,0.4007428953560027,0.3648917141442134,0.3342950941459391,0.33390105394369496,0.3964523418469872,0.3556482584831742,0.37670416139645474,0.3588478460702001,0.37150489065947767
shuffle44,44,shuffle,0.36529907457281896,0.4205629007623755,1.0221355246121697,0.58727165649507,0.3141076799552178,0.343383376725305,0.42576031665955155,0.37844470354465487,0.3785679059888849,0.35276959066913655,0.378575045441282,0.38270166018875185,0.3474378204551262,0.35124264610027844
shuffle45,45,shuffle,0.3656418307981909,0.3994248024738951,1.028945617205869,0.5884866991668463,0.30465688402477975,0.3836354989582107,0.366953022793586,0.38456623441307364,0.3664378270925473,0.37355629047408145,0.3794601076304275,0.3709238717199977,0.37110361033806477,0.35512496053714
shuffle46,46,shuffle,0.36156795477903136,0.4142893370295934,1.0395318722647577,0.5720737263065169,0.29158582560632235,0.41968571447077563,0.35555382573394667,0.3600283999258354,0.3656546176144547,0.30305799803544026,0.41910487528103957,0.3557754475189723,0.3499380902180244,0.39529475338550246
shuffle47,47,shuffle,0.36213728529258205,0.40290803268919434,1.0397585904408455,0.5553062042669863,0.31764726048921343,0.40481776115815704,0.351915864023618,0.3586876659801912,0.3958059692409481,0.32855195031713713,0.3800912498186327,0.35041756222014125,0.34317849283940327,0.39025907683837857
shuffle48,48,shuffle,0.3651559845688649,0.3964477283945219,1.0406465947240688,0.5987413949062556,0.32948371350624284,0.3393752721697743,0.330099110672876,0.40468788177498455,0.37793993810312143,0.43153994262513,0.3725006574966523,0.31645532419877037,0.3668882686591376,0.38258973648195904
shuffle49,49,shuffle,0.36206046193643127,0.4077142858431178,1.040556721336595,0.589336066472677,0.37054238423510905,0.3533740866317807,0.3713429839365737,0.3207967157451328,0.331754961273324,0.3821585056408385,0.3393522829342802,0.3870301136511812,0.3764831672560844,0.3877694180600082
shuffle50,50,shuffle,0.3643185042059383,0.410681155237082,1.034700703038008,0.6104585136806173,0.4154855192058981,0.38653245795232666,0.34960798841409524,0.35401666245542823,0.37319140616226126,0.3108522028094331,0.3844545600403917,0.34538042300968097,0.3343842799866558,0.3892795420232121
shuffle51,51,shuffle,0.36295109268711706,0.4117461027848268,1.0315625002128208,0.5879899316971102,0.4166718044722644,0.37827667154382183,0.38230240086641043,0.3410374191229321,0.3505259343894814,0.315477806064358,0.33601290941388884,0.35726363823759855,0.37648063613561894,0.3754617066247965
shuffle52,52,shuffle,0.3635430710995299,0.38397718763405475,1.0456100100023307,0.556383869127524,0.3676410014366727,0.4036820460629006,0.31717645473601735,0.38021507410443517,0.3220787676349624,0.39490490932403643,0.3442188576847712,0.3704684385834621,0.3590224450117225,0.3760227164163182
shuffle53,53,shuffle,0.36029034803792004,0.401322303187421,1.0421827398954577,0.5772478892538682,0.3243568428047231,0.40128680944730055,0.3246226491699914,0.33620840192692325,0.3381281981647886,0.35375878300070196,0.3419415109362524,0.3738355165710187,0.43284211382199683,0.3759226545355037
shuffle54,54,shuffle,0.3626803062369451,0.4142797451782899,1.0302495948488952,0.5897370244546676,0.409818861334444,0.35230988354322856,0.37547639278664974,0.39340625101450444,0.388154203587509,0.3603576479461682,0.3102869001908873,0.30525797498502344,0.40185568538447664,0.3298792615965596
shuffle55,55,shuffle,0.36116395737372187,0.39812336705758244,1.027896793190938,0.6119094035560237,0.39390866390799145,0.31142191397012997,0.32887382794134196,0.37951937273655684,0.32740677565910237,0.33534990401155346,0.3708613735841238,0.34170425267274773,0.4423051876869584,0.38028830156671223
shuffle56,56,shuffle,0.3618248085452035,0.41887233399452556,1.0245873054879802,0.5757795998875933,0.35365131477662587,0.3649673852574999,0.36985648730514187,0.36391287588432475,0.3653633634186462,0.35411790283097494,0.3657870922608496,0.3734156614127857,0.3408006652186316,0.36637533708655456
shuffle57,57,shuffle,0.3599555937815582,0.40547362801536374,1.0412822094198408,0.5721886064892887,0.4043612113931536,0.38158878137657065,0.3820025356866924,0.3418112572300003,0.31131256515798106,0.35581886564384063,0.346467470363991,0.3662915796830315,0.39331377690011377,0.3165878943802076
shuffle58,58,shuffle,0.3633831289040727,0.39463714517487175,1.047747640634706,0.5676078133627173,0.39253823782368025,0.35581478341572875,0.38446357414052934,0.3205638844735811,0.3484333350021409,0.3957853446732868,0.323717548534474,0.3428491416424765,0.40798512867028597,0.36168031066454365
shuffle59,59,shuffle,0.3613627105128138,0.3953916877948521,1.0300702382502827,0.596651582125207,0.33527374043231206,0.36961756413906366,0.3602126835244087,0.39395046758826985,0.36533179877114613,0.37008447274443773,0.37374780528995716,0.3619618087555637,0.33929273233669316,0.3441540315462865
shuffle60,60,shuffle,0.36233135533385913,0.42209651963817657,1.0221825605008106,0.5846832417313035,0.33266036793769216,0.3739347847469119,0.40966923852836656,0.35104161922884786,0.37358410012452853,0.326052423670843,0.3690760356295429,0.3576577572742908,0.3871394035333393,0.342497822664229
shuffle61,61,shuffle,0.36216642636552243,0.4177260506653956,1.0382703616284872,0.5730705287317408,0.3407420765112455,0.4259432844185164,0.36538335860837284,0.3700826420167856,0.35931990241025236,0.33603512070562924,0.32799066028476886,0.3740342781124608,0.3597449608703053,0.3623879797168876
shuffle62,62,shuffle,0.3619863422921218,0.3912820306068266,1.03831712612286,0.586410005636644,0.358858093859559,0.3806544761057108,0.3235343358622374,0.33185909024615823,0.35987616203432676,0.3158578715407763,0.3867423313977416,0.3953337047534565,0.3953055703425637,0.3718417867786874
shuffle63,63,shuffle,0.36238415180000133,0.3952277460066929,1.033020523501205,0.6117324826600126,0.34075162975478723,0.37681254163887384,0.3651379777779255,0.37764518172657774,0.40342944019939186,0.34233246846113347,0.38507258875805433,0.3513752402992532,0.3537774096723962,0.3275070397116199
shuffle64,64,shuffle,0.36457681708360606,0.3942750583885627,1.0339748032102762,0.5823861999380785,0.39450778852437673,0.3689736482508997,0.33694459686720263,0.3426812693461759,0.35538646646220406,0.3794992266899588,0.38792548892385803,0.3453607811174334,0.33657766602229905,0.39791123863165245
shuffle65,65,shuffle,0.36479065626970175,0.3892139925572542,1.0454403801071983,0.5851150224191758,0.36524749399322937,0.38680245028425,0.3682772124160825,0.378722870347728,0.3481819879372578,0.33597096626585504,0.3566237684494786,0.41224754288631,0.3521725647052382,0.3436597054115885
shuffle66,66,shuffle,0.3623228482030727,0.4020395111765677,1.0366254048564538,0.5662843874668491,0.33922599558522915,0.34368670703076315,0.36618598341383124,0.3959031100961869,0.3516198227786646,0.3379946017220783,0.36721519087837623,0.41773724531709616,0.3795208360239794,0.32413898918452183
shuffle67,67,shuffle,0.35957557798282147,0.4022471336983717,1.030504981655883,0.5711780952093846,0.32448637749112286,0.3533264739089474,0.3735522602064408,0.32597700004308366,0.3791859456117122,0.3280164102952774,0.37855409033135684,0.42842472166311985,0.34908832130809847,0.3551441789690555
shuffle68,68,shuffle,0.36271662051269177,0.39111268031388624,1.0398587980907723,0.603400505407089,0.356224717431573,0.33188785911849195,0.3501128006483434,0.3837255305249406,0.32204150222955535,0.36530825938386235,0.3230283807091773,0.37136724720826186,0.44544288231452855,0.37802702555818357
shuffle69,69,shuffle,0.3634395629540935,0.4143388345537393,1.0294832220013952,0.6271510417841638,0.354759256957536,0.3555756057913313,0.3509916359583487,0.34734873475652134,0.34228051602539844,0.33234916836957185,0.4249067170173704,0.33698880012968735,0.38865069513295236,0.4005444994022178
shuffle70,70,shuffle,0.36096840241663664,0.39988577514837964,1.0317915714820303,0.5743313394353071,0.35500165176138854,0.37390684150272974,0.3368398658030086,0.3641365350898076,0.3690765532311355,0.3395644656880916,0.3542980877317837,0.3870294279274859,0.40050095306387784,0.3293296423670575
shuffle71,71,shuffle,0.3609966938907721,0.40087098730389403,1.045429645962658,0.6058940257576505,0.30143027050276777,0.3391441007530479,0.35793622445291623,0.41248925657045304,0.36243697565680605,0.3297815720247115,0.4032459286706325,0.3943185870968382,0.3337614919521042,0.3754225312274437
shuffle72,72,shuffle,0.36191800680269104,0.40320998526476337,1.0310781111332012,0.5622465796542041,0.3567014804213962,0.36012751265153037,0.358387431040128,0.33574852663796595,0.3591192545077044,0.3475590971655667,0.38836463840378,0.3738901626313703,0.3586019691009558,0.38067999546651304
shuffle73,73,shuffle,0.36075438534680143,0.41447671212763304,1.0284033142576612,0.5758904767072973,0.3719262676949509,0.33547733882622466,0.3674399668370842,0.3482834918994129,0.3767363641088929,0.3562279351123446,0.35576290848120024,0.3706177618670323,0.3904337822251297,0.33463803641574175
shuffle74,74,shuffle,0.3628620767751052,0.4118696615997225,1.0373362506726111,0.5745632091581242,0.4036752196074505,0.3800598897654093,0.35030142411900334,0.3750105954704504,0.33502873614554185,0.33453392204728016,0.39640719937085567,0.371017053001193,0.36155227487885655,0.321034453345011
shuffle75,75,shuffle,0.361426629983881,0.4009480132762381,1.0386711860544628,0.592601744200422,0.38992737271934624,0.3598600358296892,0.3546140540624452,0.3728211360703797,0.38846242980149387,0.37083997766984916,0.3381717086120379,0.3643164417135428,0.3446381493495642,0.3306149940104617
shuffle76,76,shuffle,0.3642364686098629,0.38957365265361077,1.045726450722261,0.5930095289266274,0.3770135654624364,0.3379501434697379,0.41298213575447135,0.38142712331524353,0.33409486734102056,0.3440229472569657,0.34361383446426536,0.40974411850942966,0.3771470104011504,0.32436894012390804
shuffle77,77,shuffle,0.36223626210123083,0.3973622257149789,1.0443068027821742,0.5876507331139342,0.38443141847150913,0.4341218309229625,0.3271810803713305,0.407203659176423,0.3639391419923245,0.3527634916385795,0.31612775254550624,0.3518101695677927,0.32409125094045244,0.36069282538542774
shuffle78,78,shuffle,0.3643449603567591,0.4059394374683182,1.0465108560277252,0.5454371553804347,0.35530727286172503,0.3565707724588424,0.3593929267599749,0.3683000595858649,0.331211364344637,0.3512388300113375,0.34361390602256175,0.41711063595731074,0.3714175492517829,0.38928628631355455
shuffle79,79,shuffle,0.3600134719993844,0.4006869588061437,1.0389364066048694,0.5761317786693871,0.3577529637073685,0.3862242136343346,0.3683485489835135,0.3190085013959023,0.3543712399043845,0.37240624996615435,0.39245765853168313,0.33109117397636234,0.3722991605152213,0.3461750093789194
shuffle80,80,shuffle,0.3639810088357866,0.4011678042917777,1.0384404089314743,0.5998294109936269,0.3975830427238388,0.3577937499645883,0.36934944204450715,0.3444289234134252,0.38615854099510544,0.33591405571367644,0.33788828370442286,0.42048728144943753,0.3394564778415566,0.35075029050730705
shuffle81,81,shuffle,0.36052452251436257,0.3903033419338705,1.0483058055826198,0.5878880593328,0.31715796568586674,0.39166498909735287,0.3676929805866587,0.37420595092076053,0.3868207263305657,0.3706174705643533,0.3613106660256069,0.3404078862030718,0.34051483397356597,0.35485175575582334
shuffle82,82,shuffle,0.3611692565423814,0.4173993087406981,1.0359165823514176,0.5504101459235454,0.3750007296000944,0.32530311916295995,0.3574030698726843,0.352353085410231,0.36850463839271036,0.3677499663023145,0.37153264498136646,0.3479962511191646,0.35394137437740575,0.39190768620488226
shuffle83,83,shuffle,0.36207855072722894,0.4175354285218032,1.0153426595167911,0.5490293991709867,0.37808839213318807,0.4148721408527996,0.3485872807369817,0.38791778044547587,0.3378778669130836,0.3170943527326169,0.3807279738218145,0.33365242129509537,0.34651085051622815,0.3754564478250061
shuffle84,84,shuffle,0.3631630095602579,0.4022616858783986,1.0344218403081673,0.5430060832609762,0.3698166205840934,0.3454622859452613,0.4270313289372222,0.34658892532174335,0.37960733409947517,0.3438121617795289,0.33879388040696173,0.36383044988253294,0.3391930133229727,0.3774940953227863
shuffle85,85,shuffle,0.36367276527381376,0.41472845963698396,1.0384030386642271,0.5943685981864704,0.34866105598559255,0.34334779109151836,0.3168512221244233,0.41801774586682505,0.35405692621597623,0.31502141466864064,0.4012058388683036,0.3743113765047009,0.34341451264893585,0.4218397687632213
shuffle86,86,shuffle,0.3610732634648016,0.4183267820564464,1.0275836800258218,0.5544485670602819,0.3811174549595942,0.3687886341230429,0.364300606258906,0.42016904093551055,0.3486882224064695,0.313823311225783,0.32678821009810566,0.3548782995717432,0.4002000370410577,0.33197881802780327
shuffle87,87,shuffle,0.3627618052007948,0.41813297466117155,1.0222841313389364,0.5370875187838688,0.34802591137084626,0.3740543028946847,0.3279887448200884,0.4071062477294865,0.3509038653501654,0.34712677938245645,0.34307846874720377,0.33944253148417836,0.395997993611859,0.39389320661697946
shuffle88,88,shuffle,0.36344617045141,0.3856026276842801,1.037658930205589,0.579534371602405,0.35945789015124036,0.3955904088198195,0.3563780855242853,0.343409206004567,0.3813413294903409,0.3664621613714511,0.3608654907329865,0.3313403679875209,0.37238912466331797,0.3672276397685705
shuffle89,89,shuffle,0.36318935241713113,0.40171877921533294,1.0318937727429793,0.6009710857327826,0.3798803421778373,0.39007419244073843,0.36630635688136204,0.3743525051392149,0.3576725451820439,0.3723599416435119,0.35426733272029753,0.32146314285855176,0.35405717929366093,0.3614599858340923
shuffle90,90,shuffle,0.3643061431663267,0.4019461417863706,1.035744901491769,0.562461270164223,0.3238906465075519,0.36125225588818305,0.3892316824027898,0.34132340943303746,0.36760864662092496,0.3587620869721701,0.3381611935476963,0.4113879627412476,0.3756796779394821,0.37576386961018376
shuffle91,91,shuffle,0.3614248742024964,0.4066335185555655,1.027647601782281,0.5785820482412507,0.3103268231977958,0.36522940180453944,0.37577062856508225,0.32923970377059186,0.35760581066783764,0.35206549691064565,0.3449319822146125,0.3767431545070986,0.39610276133903677,0.4062329790477233
shuffle92,92,shuffle,0.35937626202556416,0.4014378474614828,1.04911137943255,0.5552082679153516,0.38855016312017004,0.33221035089200357,0.3563486734704972,0.34030473777604314,0.36872464958771206,0.379752563683489,0.3331294034021375,0.38788423566520136,0.31970225215173853,0.3871555905066494
shuffle93,93,shuffle,0.3621419635771503,0.40310171507152404,1.0296415703881103,0.5707143334555401,0.3723440043816266,0.36553016319432674,0.35679673326160166,0.36603033618746417,0.36901906666662987,0.36598527334688263,0.31690977492531447,0.3536721615197555,0.3909380763043497,0.36419404598355154
shuffle94,94,shuffle,0.36272073220143586,0.4165574586524364,1.0381735082185064,0.5821078416685427,0.34119874040472786,0.37463440272061804,0.3187982589925477,0.3757056180064817,0.3251516862865767,0.38459366100693726,0.3150271401468633,0.36665841117436115,0.39259230251813426,0.4328471007571102
shuffle95,95,shuffle,0.36274754620513444,0.3947457885042372,1.037613212745868,0.5843424758590149,0.35655632042598256,0.3440048529486639,0.40251833423647965,0.40686691009324183,0.316106640788328,0.34149831088182653,0.3087268208726673,0.4311393791079048,0.31707091771110574,0.40298697498514424
shuffle96,96,shuffle,0.3607912178750635,0.4146038529099525,1.0355493019673758,0.5576711375304293,0.36885912850100483,0.36932245594065216,0.37004022143564047,0.35945448816776726,0.3663109678389528,0.30939497255305093,0.32861397946800536,0.3482974896818675,0.36388109333550833,0.4237373818281857
shuffle97,97,shuffle,0.3630626775843604,0.40455513262118387,1.0389993806875644,0.572488000831706,0.4037307004346525,0.3005262238424154,0.3758059887256724,0.36240382028198975,0.36870275011409065,0.3577531250412977,0.41409793168393555,0.3233057974166633,0.335725915065383,0.3885745232375039
shuffle98,98,shuffle,0.3618330503442507,0.3964912572847873,1.04556293459832,0.5880836627841214,0.3300767218908363,0.38339594438029895,0.3347369996571378,0.32318875906980005,0.3661364650431889,0.3865869674569357,0.3928604606959645,0.3450761963863578,0.37670018431800106,0.3795718045439861
