bank,seed,kind,rank,existence,offset,counts,sign,bf_lambda_per_fold
real,,real,3,0.01136839978419162,0.0,0.0,0.0,"[3.0, 3.0, 1.0, 3.0, 3.0, 3.0, 3.0, 3.0, 3.0, 3.0]"
shuffle0,0,shuffle,3,-0.0035470695432212097,0.0,0.0,0.0,"[100.0, 100.0, 100.0, 3.0, 100.0, 3.0, 3.0, 3.0, 3.0, 3.0]"
shuffle1,1,shuffle,3,-0.0009115855679237394,0.0,0.0,0.0,"[100.0, 3.0, 100.0, 100.0, 100.0, 100.0, 100.0, 100.0, 100.0, 100.0]"
shuffle2,2,shuffle,3,0.000702649862915411,0.0,0.0,0.0,"[100.0, 3.0, 3.0, 3.0, 3.0, 100.0, 3.0, 3.0, 3.0, 100.0]"
shuffle3,3,shuffle,3,0.0023795166589096585,0.0,0.0,0.0,"[3.0, 3.0, 100.0, 3.0, 3.0, 100.0, 3.0, 3.0, 3.0, 3.0]"
shuffle4,4,shuffle,3,-0.0012307302001658082,0.0,0.0,0.0,"[100.0, 100.0, 100.0, 100.0, 100.0, 100.0, 100.0, 3.0, 100.0, 100.0]"
shuffle5,5,shuffle,3,-0.0005220787710829899,0.0,0.0,0.0,"[3.0, 3.0, 100.0, 100.0, 3.0, 3.0, 100.0, 100.0, 100.0, 100.0]"
shuffle6,6,shuffle,3,0.0,0.0,0.0,0.0,"[100.0, 100.0, 100.0, 100.0, 100.0, 100.0, 100.0, 100.0, 100.0, 100.0]"
shuffle7,7,shuffle,3,-0.001381695980060621,0.0,0.0,0.0,"[100.0, 3.0, 100.0, 100.0, 100.0, 100.0, 100.0, 3.0, 100.0, 100.0]"
shuffle8,8,shuffle,3,0.0013915159119662068,0.0,0.0,0.0,"[3.0, 3.0, 3.0, 3.0, 3.0, 3.0, 3.0, 100.0, 3.0, 3.0]"
shuffle9,9,shuffle,3,0.004270143519799119,0.0,0.0,0.0,"[3.0, 3.0, 3.0, 3.0, 3.0, 3.0, 3.0, 3.0, 3.0, 3.0]"
shuffle10,10,shuffle,3,-0.0007684137538707614,0.0,0.0,0.0,"[3.0, 100.0, 3.0, 3.0, 100.0, 3.0, 3.0, 3.0, 3.0, 100.0]"
shuffle11,11,shuffle,3,-0.0008256784969984332,0.0,0.0,0.0,"[100.0, 100.0, 3.0, 100.0, 3.0, 3.0, 3.0, 3.0, 100.0, 100.0]"
shuffle12,12,shuffle,3,0.0,0.0,0.0,0.0,"[100.0, 100.0, 100.0, 100.0, 100.0, 100.0, 100.0, 100.0, 100.0, 100.0]"
shuffle13,13,shuffle,3,-0.0016361432488200488,0.0,0.0,0.0,"[100.0, 100.0, 3.0, 100.0, 3.0, 3.0, 100.0, 100.0, 100.0, 100.0]"
shuffle14,14,shuffle,3,-0.0008752679052450973,0.0,0.0,0.0,"[100.0, 100.0, 100.0, 100.0, 100.0, 100.0, 100.0, 100.0, 100.0, 3.0]"
shuffle15,15,shuffle,3,-0.0020544695541691582,0.0,0.0,0.0,"[100.0, 3.0, 3.0, 100.0, 100.0, 100.0, 3.0, 100.0, 100.0, 100.0]"
shuffle16,16,shuffle,3,0.0011242555626028439,0.0,0.0,0.0,"[3.0, 3.0, 3.0, 3.0, 3.0, 3.0, 100.0, 3.0, 100.0, 3.0]"
shuffle17,17,shuffle,3,-0.0004907852243388022,0.0,0.0,0.0,"[3.0, 100.0, 3.0, 3.0, 3.0, 3.0, 100.0, 100.0, 3.0, 100.0]"
shuffle18,18,shuffle,3,-0.00117673065847142,0.0,0.0,0.0,"[100.0, 100.0, 100.0, 100.0, 100.0, 100.0, 3.0, 100.0, 100.0, 100.0]"
shuffle19,19,shuffle,3,-0.00021577424268044986,0.0,0.0,0.0,"[100.0, 100.0, 100.0, 100.0, 100.0, 100.0, 100.0, 100.0, 100.0, 3.0]"
shuffle20,20,shuffle,3,0.0,0.0,0.0,0.0,"[100.0, 100.0, 100.0, 100.0, 100.0, 100.0, 100.0, 100.0, 100.0, 100.0]"
shuffle21,21,shuffle,3,-0.0014815508906815377,0.0,0.0,0.0,"[3.0, 3.0, 3.0, 100.0, 3.0, 100.0, 100.0, 100.0, 3.0, 3.0]"
shuffle22,22,shuffle,3,0.0045107409410372334,0.0,0.0,0.0,"[3.0, 3.0, 3.0, 3.0, 3.0, 3.0, 3.0, 3.0, 3.0, 3.0]"
shuffle23,23,shuffle,3,0.00268682140806597,0.0,0.0,0.0,"[3.0, 3.0, 3.0, 3.0, 100.0, 3.0, 3.0, 3.0, 3.0, 3.0]"
shuffle24,24,shuffle,3,-0.0009262075503436662,0.0,0.0,0.0,"[100.0, 100.0, 100.0, 100.0, 100.0, 3.0, 100.0, 100.0, 100.0, 100.0]"
shuffle25,25,shuffle,3,0.000770641590823512,0.0,0.0,0.0,"[3.0, 3.0, 100.0, 100.0, 100.0, 3.0, 3.0, 3.0, 3.0, 3.0]"
shuffle26,26,shuffle,3,-0.003807073687578694,0.0,0.0,0.0,"[100.0, 3.0, 100.0, 3.0, 100.0, 100.0, 3.0, 3.0, 100.0, 100.0]"
shuffle27,27,shuffle,3,-0.002378193048116767,0.0,0.0,0.0,"[100.0, 3.0, 100.0, 3.0, 3.0, 3.0, 100.0, 100.0, 100.0, 3.0]"
shuffle28,28,shuffle,3,-0.0023517106299673074,0.0,0.0,0.0,"[100.0, 100.0, 100.0, 100.0, 100.0, 3.0, 3.0, 100.0, 100.0, 100.0]"
shuffle29,29,shuffle,3,-0.0010432176792915249,0.0,0.0,0.0,"[100.0, 100.0, 100.0, 3.0, 100.0, 100.0, 100.0, 100.0, 100.0, 3.0]"
shuffle30,30,shuffle,3,-0.0015271538322367828,0.0,0.0,0.0,"[100.0, 100.0, 100.0, 3.0, 100.0, 100.0, 100.0, 100.0, 100.0, 100.0]"
shuffle31,31,shuffle,3,-0.0009531178076491453,0.0,0.0,0.0,"[3.0, 3.0, 100.0, 100.0, 100.0, 100.0, 3.0, 100.0, 100.0, 100.0]"
shuffle32,32,shuffle,3,-0.002241253833974216,0.0,0.0,0.0,"[100.0, 3.0, 100.0, 3.0, 100.0, 3.0, 100.0, 100.0, 100.0, 100.0]"
shuffle33,33,shuffle,3,-0.0009327590618753879,0.0,0.0,0.0,"[3.0, 100.0, 100.0, 3.0, 3.0, 100.0, 100.0, 100.0, 100.0, 100.0]"
shuffle34,34,shuffle,3,0.002223368268594783,0.0,0.0,0.0,"[3.0, 3.0, 3.0, 3.0, 3.0, 100.0, 3.0, 3.0, 3.0, 3.0]"
shuffle35,35,shuffle,3,-0.001968246627975212,0.0,0.0,0.0,"[3.0, 100.0, 100.0, 100.0, 100.0, 100.0, 100.0, 3.0, 100.0, 100.0]"
shuffle36,36,shuffle,3,-0.00010518728076782668,0.0,0.0,0.0,"[100.0, 100.0, 3.0, 100.0, 100.0, 100.0, 100.0, 100.0, 100.0, 100.0]"
shuffle37,37,shuffle,3,-0.0029983038669392894,0.0,0.0,0.0,"[3.0, 100.0, 100.0, 3.0, 100.0, 100.0, 100.0, 100.0, 100.0, 100.0]"
shuffle38,38,shuffle,3,-0.000892755867486561,0.0,0.0,0.0,"[100.0, 3.0, 100.0, 100.0, 100.0, 100.0, 100.0, 100.0, 100.0, 3.0]"
shuffle39,39,shuffle,3,0.0,0.0,0.0,0.0,"[100.0, 100.0, 100.0, 100.0, 100.0, 100.0, 100.0, 100.0, 100.0, 100.0]"
shuffle40,40,shuffle,3,-0.002410399581414191,0.0,0.0,0.0,"[100.0, 100.0, 100.0, 100.0, 3.0, 100.0, 100.0, 3.0, 3.0, 3.0]"
shuffle41,41,shuffle,3,0.0,0.0,0.0,0.0,"[100.0, 100.0, 100.0, 100.0, 100.0, 100.0, 100.0, 100.0, 100.0, 100.0]"
shuffle42,42,shuffle,3,-0.0002719023907957863,0.0,0.0,0.0,"[100.0, 100.0, 100.0, 3.0, 3.0, 100.0, 100.0, 100.0, 100.0, 100.0]"
shuffle43,43,shuffle,3,-0.001639778721326418,0.0,0.0,0.0,"[100.0, 100.0, 100.0, 100.0, 100.0, 100.0, 100.0, 3.0, 3.0, 100.0]"
shuffle44,44,shuffle,3,-0.0014922192987925852,0.0,0.0,0.0,"[100.0, 100.0, 100.0, 100.0, 3.0, 3.0, 100.0, 100.0, 3.0, 3.0]"
shuffle45,45,shuffle,3,-0.0018115343899027636,0.0,0.0,0.0,"[100.0, 100.0, 100.0, 3.0, 100.0, 100.0, 100.0, 100.0, 100.0, 100.0]"
shuffle46,46,shuffle,3,-0.0019305206860085523,0.0,0.0,0.0,"[3.0, 3.0, 3.0, 3.0, 3.0, 100.0, 100.0, 3.0, 100.0, 100.0]"
shuffle47,47,shuffle,3,0.0,0.0,0.0,0.0,"[100.0, 100.0, 100.0, 100.0, 100.0, 100.0, 100.0, 100.0, 100.0, 100.0]"
shuffle48,48,shuffle,3,-0.001968953629075948,0.0,0.0,0.0,"[100.0, 100.0, 100.0, 3.0, 100.0, 100.0, 100.0, 100.0, 100.0, 100.0]"
shuffle49,49,shuffle,3,-0.0010393307616987147,0.0,0.0,0.0,"[100.0, 100.0, 100.0, 100.0, 100.0, 100.0, 3.0, 100.0, 100.0, 100.0]"
shuffle50,50,shuffle,3,0.0,0.0,0.0,0.0,"[100.0, 100.0, 100.0, 100.0, 100.0, 100.0, 100.0, 100.0, 100.0, 100.0]"
shuffle51,51,shuffle,3,-0.0005429522661118014,0.0,0.0,0.0,"[100.0, 100.0, 100.0, 100.0, 100.0, 100.0, 3.0, 100.0, 100.0, 100.0]"
shuffle52,52,shuffle,3,-0.0016923708093368628,0.0,0.0,0.0,"[100.0, 100.0, 100.0, 100.0, 100.0, 3.0, 100.0, 100.0, 3.0, 100.0]"
shuffle53,53,shuffle,3,-0.002259568550711899,0.0,0.0,0.0,"[100.0, 3.0, 100.0, 100.0, 100.0, 100.0, 100.0, 100.0, 100.0, 3.0]"
shuffle54,54,shuffle,3,-0.00038752403474378585,0.0,0.0,0.0,"[100.0, 100.0, 100.0, 3.0, 3.0, 100.0, 100.0, 100.0, 3.0, 100.0]"
shuffle55,55,shuffle,3,-0.0034664742511454016,0.0,0.0,0.0,"[100.0, 3.0, 3.0, 100.0, 3.0, 100.0, 3.0, 100.0, 100.0, 3.0]"
shuffle56,56,shuffle,3,-0.0005840326346652936,0.0,0.0,0.0,"[100.0, 100.0, 100.0, 100.0, 100.0, 100.0, 100.0, 100.0, 100.0, 3.0]"
shuffle57,57,shuffle,3,-0.0027499748166265547,0.0,0.0,0.0,"[100.0, 3.0, 3.0, 3.0, 100.0, 3.0, 100.0, 100.0, 100.0, 3.0]"
shuffle58,58,shuffle,3,-0.0018007417857423714,0.0,0.0,0.0,"[100.0, 100.0, 3.0, 3.0, 100.0, 100.0, 100.0, 100.0, 100.0, 100.0]"
shuffle59,59,shuffle,3,0.000205827866794267,0.0,0.0,0.0,"[100.0, 3.0, 3.0, 3.0, 100.0, 3.0, 3.0, 3.0, 100.0, 3.0]"
shuffle60,60,shuffle,3,-0.0006674173753393354,0.0,0.0,0.0,"[3.0, 100.0, 100.0, 3.0, 3.0, 100.0, 100.0, 100.0, 3.0, 3.0]"
shuffle61,61,shuffle,3,-0.0008822814524469313,0.0,0.0,0.0,"[100.0, 100.0, 100.0, 100.0, 3.0, 100.0, 100.0, 100.0, 100.0, 100.0]"
shuffle62,62,shuffle,3,-0.001582895120952249,0.0,0.0,0.0,"[100.0, 100.0, 100.0, 100.0, 100.0, 3.0, 100.0, 100.0, 100.0, 100.0]"
shuffle63,63,shuffle,3,-0.0009947743959853538,0.0,0.0,0.0,"[100.0, 100.0, 100.0, 100.0, 3.0, 100.0, 100.0, 100.0, 100.0, 100.0]"
shuffle64,64,shuffle,3,-0.0011737771241685457,0.0,0.0,0.0,"[100.0, 3.0, 100.0, 100.0, 100.0, 100.0, 100.0, 100.0, 100.0, 100.0]"
shuffle65,65,shuffle,3,-0.0034742041769416643,0.0,0.0,0.0,"[100.0, 100.0, 3.0, 3.0, 3.0, 100.0, 3.0, 100.0, 3.0, 3.0]"
shuffle66,66,shuffle,3,0.0,0.0,0.0,0.0,"[100.0, 100.0, 100.0, 100.0, 100.0, 100.0, 100.0, 100.0, 100.0, 100.0]"
shuffle67,67,shuffle,3,-0.0009083011449692535,0.0,0.0,0.0,"[100.0, 100.0, 100.0, 100.0, 100.0, 100.0, 100.0, 3.0, 100.0, 3.0]"
shuffle68,68,shuffle,3,-0.0013242186881476993,0.0,0.0,0.0,"[100.0, 100.0, 100.0, 100.0, 3.0, 100.0, 100.0, 100.0, 100.0, 100.0]"
shuffle69,69,shuffle,3,-0.0014989451121459828,0.0,0.0,0.0,"[100.0, 100.0, 100.0, 100.0, 3.0, 100.0, 3.0, 100.0, 100.0, 3.0]"
shuffle70,70,shuffle,3,0.0,0.0,0.0,0.0,"[100.0, 100.0, 100.0, 100.0, 100.0, 100.0, 100.0, 100.0, 100.0, 100.0]"
shuffle71,71,shuffle,3,-0.0008459420467945733,0.0,0.0,0.0,"[100.0, 100.0, 100.0, 100.0, 100.0, 100.0, 100.0, 100.0, 3.0, 100.0]"
shuffle72,72,shuffle,3,0.0,0.0,0.0,0.0,"[100.0, 100.0, 100.0, 100.0, 100.0, 100.0, 100.0, 100.0, 100.0, 100.0]"
shuffle73,73,shuffle,3,0.00022685570189424632,0.0,0.0,0.0,"[3.0, 100.0, 100.0, 3.0, 3.0, 3.0, 3.0, 100.0, 3.0, 3.0]"
shuffle74,74,shuffle,3,-0.0006756578632699239,0.0,0.0,0.0,"[100.0, 100.0, 100.0, 100.0, 100.0, 3.0, 100.0, 100.0, 100.0, 3.0]"
shuffle75,75,shuffle,3,0.0006145940862931299,0.0,0.0,0.0,"[3.0, 100.0, 100.0, 3.0, 3.0, 100.0, 3.0, 3.0, 3.0, 3.0]"
shuffle76,76,shuffle,3,-0.002561869919730042,0.0,0.0,0.0,"[100.0, 100.0, 100.0, 100.0, 3.0, 3.0, 3.0, 100.0, 100.0, 100.0]"
shuffle77,77,shuffle,3,0.004650072072055112,0.0,0.0,0.0,"[3.0, 3.0, 3.0, 3.0, 3.0, 3.0, 3.0, 3.0, 3.0, 3.0]"
shuffle78,78,shuffle,3,-0.0023844575126518107,0.0,0.0,0.0,"[100.0, 100.0, 100.0, 100.0, 3.0, 100.0, 100.0, 100.0, 100.0, 100.0]"
shuffle79,79,shuffle,3,-0.004202006198540975,0.0,0.0,0.0,"[3.0, 100.0, 3.0, 3.0, 100.0, 3.0, 3.0, 100.0, 100.0, 100.0]"
shuffle80,80,shuffle,3,-0.001526234774599472,0.0,0.0,0.0,"[100.0, 3.0, 100.0, 100.0, 100.0, 100.0, 100.0, 100.0, 100.0, 3.0]"
shuffle81,81,shuffle,3,0.0,0.0,0.0,0.0,"[100.0, 100.0, 100.0, 100.0, 100.0, 100.0, 100.0, 100.0, 100.0, 100.0]"
shuffle82,82,shuffle,3,-0.002342453853508736,0.0,0.0,0.0,"[100.0, 3.0, 3.0, 100.0, 100.0, 100.0, 100.0, 100.0, 3.0, 100.0]"
shuffle83,83,shuffle,3,0.00021764131893896034,0.0,0.0,0.0,"[3.0, 3.0, 100.0, 3.0, 3.0, 100.0, 3.0, 3.0, 100.0, 3.0]"
shuffle84,84,shuffle,3,0.0,0.0,0.0,0.0,"[100.0, 100.0, 100.0, 100.0, 100.0, 100.0, 100.0, 100.0, 100.0, 100.0]"
shuffle85,85,shuffle,3,-0.0027869242421820705,0.0,0.0,0.0,"[3.0, 100.0, 100.0, 3.0, 100.0, 100.0, 3.0, 3.0, 100.0, 100.0]"
shuffle86,86,shuffle,3,-0.0012095873840877736,0.0,0.0,0.0,"[100.0, 100.0, 100.0, 100.0, 100.0, 100.0, 100.0, 3.0, 100.0, 3.0]"
shuffle87,87,shuffle,3,-0.0016432190906717104,0.0,0.0,0.0,"[100.0, 100.0, 100.0, 100.0, 3.0, 3.0, 100.0, 100.0, 100.0, 100.0]"
shuffle88,88,shuffle,3,0.0,0.0,0.0,0.0,"[100.0, 100.0, 100.0, 100.0, 100.0, 100.0, 100.0, 100.0, 100.0, 100.0]"
shuffle89,89,shuffle,3,0.0,0.0,0.0,0.0,"[100.0, 100.0, 100.0, 100.0, 100.0, 100.0, 100.0, 100.0, 100.0, 100.0]"
shuffle90,90,shuffle,3,-0.002079595241938137,0.0,0.0,0.0,"[100.0, 3.0, 3.0, 100.0, 100.0, 3.0, 100.0, 100.0, 3.0, 100.0]"
shuffle91,91,shuffle,3,-0.003684014691936649,0.0,0.0,0.0,"[100.0, 100.0, 100.0, 100.0, 3.0, 100.0, 3.0, 3.0, 100.0, 100.0]"
shuffle92,92,shuffle,3,0.0,0.0,0.0,0.0,"[100.0, 100.0, 100.0, 100.0, 100.0, 100.0, 100.0, 100.0, 100.0, 100.0]"
shuffle93,93,shuffle,3,0.00041230608910526877,0.0,0.0,0.0,"[3.0, 3.0, 100.0, 3.0, 3.0, 100.0, 3.0, 3.0, 3.0, 3.0]"
shuffle94,94,shuffle,3,-0.0006498372149144726,0.0,0.0,0.0,"[100.0, 100.0, 3.0, 100.0, 100.0, 100.0, 100.0, 100.0, 100.0, 100.0]"
shuffle95,95,shuffle,3,0.004402880255822255,0.0,0.0,0.0,"[3.0, 3.0, 3.0, 3.0, 3.0, 3.0, 3.0, 3.0, 3.0, 3.0]"
shuffle96,96,shuffle,3,-0.0012283553199263608,0.0,0.0,0.0,"[100.0, 100.0, 100.0, 100.0, 100.0, 100.0, 100.0, 100.0, 3.0, 100.0]"
shuffle97,97,shuffle,3,-0.001123879774796821,0.0,0.0,0.0,"[3.0, 100.0, 3.0, 100.0, 3.0, 3.0, 100.0, 3.0, 100.0, 3.0]"
shuffle98,98,shuffle,3,0.001334346474146636,0.0,0.0,0.0,"[3.0, 3.0, 3.0, 3.0, 3.0, 3.0, 100.0, 100.0, 3.0, 3.0]"
