family,j,seed,predictor,lambda_block,ceiling_block,ceiling_block_tau,ceiling_block_ulp_sensitive,ceil_1,ceil_1_tau,ceil_1_ulp_sensitive
FC,0,93100,BF_1,1.000000,1.000000,1.000000,False,1.000000,1.000000,False
FC,0,93100,BF_2,1.000000,1.000000,1.000000,False,1.000000,1.000000,False
FC,0,93100,BF_3,1.000000,1.000000,1.000000,False,1.000000,1.000000,False
FC,0,93100,BF_4,1.000000,1.000000,1.000000,False,1.000000,1.000000,False
FC,1,93101,BF_1,1.000000,1.000000,1.000000,False,1.000000,1.000000,False
FC,1,93101,BF_2,1.000000,1.000000,1.000000,False,1.000000,1.000000,False
FC,1,93101,BF_3,1.000000,1.000000,1.000000,False,1.000000,1.000000,False
FC,1,93101,BF_4,1.000000,1.000000,1.000000,False,1.000000,1.000000,False
FC,2,93102,BF_1,1.000000,1.000000,1.000000,False,1.000000,1.000000,False
FC,2,93102,BF_2,1.000000,1.000000,1.000000,False,1.000000,1.000000,False
FC,2,93102,BF_3,1.000000,1.000000,1.000000,False,1.000000,1.000000,False
FC,2,93102,BF_4,1.000000,1.000000,1.000000,False,1.000000,1.000000,False
FC,3,93103,BF_1,1.000000,1.000000,1.000000,False,1.000000,1.000000,False
FC,3,93103,BF_2,1.000000,1.000000,1.000000,False,1.000000,1.000000,False
FC,3,93103,BF_3,1.000000,1.000000,1.000000,False,1.000000,1.000000,False
FC,3,93103,BF_4,1.000000,1.000000,1.000000,False,1.000000,1.000000,False
FC,4,93104,BF_1,1.000000,1.000000,1.000000,False,1.000000,1.000000,False
FC,4,93104,BF_2,1.000000,1.000000,1.000000,False,1.000000,1.000000,False
FC,4,93104,BF_3,1.000000,1.000000,1.000000,False,1.000000,1.000000,False
FC,4,93104,BF_4,1.000000,1.000000,1.000000,False,1.000000,1.000000,False
FN1,0,93110,BF_1,1.000000,0.997500,0.997500,False,0.997500,0.997500,False
FN1,0,93110,BF_2,1.000000,0.997500,0.997500,False,0.997500,0.997500,False
FN1,0,93110,BF_3,1.000000,0.997500,0.997500,False,0.997500,0.997500,False
FN1,0,93110,BF_4,1.000000,0.997500,0.997500,False,0.997500,0.997500,False
FN1,1,93111,BF_1,1.000000,0.997500,0.997500,False,0.997500,0.997500,False
FN1,1,93111,BF_2,1.000000,0.997500,0.997500,False,0.997500,0.997500,False
FN1,1,93111,BF_3,1.000000,0.997500,0.997500,False,0.997500,0.997500,False
FN1,1,93111,BF_4,1.000000,0.997500,0.997500,False,0.997500,0.997500,False
FN1,2,93112,BF_1,1.000000,0.997500,0.997500,False,0.997500,0.997500,False
FN1,2,93112,BF_2,1.000000,0.997500,0.997500,False,0.997500,0.997500,False
FN1,2,93112,BF_3,1.000000,0.997500,0.997500,False,0.997500,0.997500,False
FN1,2,93112,BF_4,1.000000,0.997500,0.997500,False,0.997500,0.997500,False
FN1,3,93113,BF_1,1.000000,0.997500,0.997500,False,0.997500,0.997500,False
FN1,3,93113,BF_2,1.000000,0.997500,0.997500,False,0.997500,0.997500,False
FN1,3,93113,BF_3,1.000000,0.997500,0.997500,False,0.997500,0.997500,False
FN1,3,93113,BF_4,1.000000,0.997500,0.997500,False,0.997500,0.997500,False
FN1,4,93114,BF_1,1.000000,0.997500,0.997500,False,0.997500,0.997500,False
FN1,4,93114,BF_2,1.000000,0.997500,0.997500,False,0.997500,0.997500,False
FN1,4,93114,BF_3,1.000000,0.997500,0.997500,False,0.997500,0.997500,False
FN1,4,93114,BF_4,1.000000,0.997500,0.997500,False,0.997500,0.997500,False
FN2,0,93120,BF_1,1.000000,0.997500,0.997500,False,0.997500,0.997500,False
FN2,0,93120,BF_2,1.000000,1.000000,1.000000,False,1.000000,1.000000,False
FN2,0,93120,BF_3,1.000000,1.000000,1.000000,False,1.000000,1.000000,False
FN2,0,93120,BF_4,1.000000,1.000000,1.000000,False,1.000000,1.000000,False
FN2,1,93121,BF_1,1.000000,0.985000,0.985000,False,0.985000,0.985000,False
FN2,1,93121,BF_2,1.000000,0.997500,0.997500,False,0.997500,0.997500,False
FN2,1,93121,BF_3,1.000000,0.997500,0.997500,False,0.997500,0.997500,False
FN2,1,93121,BF_4,1.000000,0.997500,0.997500,False,0.997500,0.997500,False
FN2,2,93122,BF_1,1.000000,0.985000,0.985000,False,0.985000,0.985000,False
FN2,2,93122,BF_2,1.000000,0.997500,0.997500,False,0.997500,0.997500,False
FN2,2,93122,BF_3,1.000000,0.997500,0.997500,False,0.997500,0.997500,False
FN2,2,93122,BF_4,1.000000,0.997500,0.997500,False,0.997500,0.997500,False
FN2,3,93123,BF_1,1.000000,0.997500,0.997500,False,0.997500,0.997500,False
FN2,3,93123,BF_2,1.000000,0.997500,0.997500,False,0.997500,0.997500,False
FN2,3,93123,BF_3,1.000000,0.997500,0.997500,False,0.997500,0.997500,False
FN2,3,93123,BF_4,1.000000,0.997500,0.997500,False,0.997500,0.997500,False
FN2,4,93124,BF_1,1.000000,0.990000,0.990000,False,0.990000,0.990000,False
FN2,4,93124,BF_2,1.000000,0.992500,0.992500,False,0.992500,0.992500,False
FN2,4,93124,BF_3,1.000000,0.992500,0.992500,False,0.992500,0.992500,False
FN2,4,93124,BF_4,1.000000,0.992500,0.992500,False,0.992500,0.992500,False
