j,seed,present,ceiling_block,ceiling_block_tau,lambda_c,ceil_1,ceil_1_tau,ceil_1_float,ceil_1_float_tau,ceil_lambda_c_float,ceil_lambda_c_float_tau,cert,cert_tau,cert_rerun_spread,bf1_ceiling_block,bf2_ceiling_block,bf3_ceiling_block,bf4_ceiling_block
0,93200,20,0.992500,0.992500,1.000000,0.992500,0.992500,0.985000,0.985000,0.985000,0.985000,1.000000,1.000000,0.000000,0.990000,1.000000,1.000000,1.000000
1,93201,20,0.995000,0.995000,1.000000,0.995000,0.995000,0.995000,0.995000,0.995000,0.995000,1.000000,1.000000,0.000000,0.985000,1.000000,1.000000,1.000000
2,93202,20,0.927500,0.927500,1.000000,0.927500,0.927500,0.925000,0.925000,0.925000,0.925000,0.980000,0.980000,1.000000,0.920000,0.990000,1.000000,1.000000
3,93203,20,0.960000,0.960000,1.000000,0.960000,0.960000,0.960000,0.960000,0.960000,0.960000,1.000000,1.000000,0.000000,0.960000,0.995000,1.000000,1.000000
4,93204,20,0.965000,0.965000,1.000000,0.965000,0.965000,0.972500,0.972500,0.972500,0.972500,1.000000,1.000000,0.000000,0.967500,0.995000,1.000000,1.000000
5,93205,20,0.796250,0.796250,100.000000,0.963750,0.963750,0.965000,0.965000,0.796250,0.796250,0.990000,0.990000,0.000000,0.795000,0.795000,0.795000,0.795000
6,93206,20,0.848750,0.848750,100.000000,0.957500,0.957500,0.955000,0.955000,0.851250,0.851250,0.995000,0.995000,0.000000,0.848750,0.848750,0.848750,0.848750
7,93207,20,0.987500,0.987500,1.000000,0.987500,0.987500,0.985000,0.985000,0.985000,0.985000,1.000000,1.000000,0.000000,0.987500,0.843750,0.843750,0.843750
8,93208,20,0.730000,0.730000,100.000000,0.932500,0.932500,0.930000,0.930000,0.730000,0.730000,0.977500,0.977500,1.000000,0.727500,0.727500,0.727500,0.727500
9,93209,20,0.982500,0.982500,1.000000,0.982500,0.982500,0.985000,0.985000,0.985000,0.985000,1.000000,1.000000,0.000000,0.985000,0.997500,1.000000,1.000000
10,93210,20,0.957500,0.957500,1.000000,0.957500,0.957500,0.957500,0.957500,0.957500,0.957500,1.000000,1.000000,0.000000,0.965000,0.995000,0.995000,0.995000
11,93211,20,0.657500,0.657500,100.000000,0.907500,0.907500,0.910000,0.910000,0.657500,0.657500,0.982500,0.982500,1.000000,0.660000,0.992500,0.660000,0.660000
12,93212,20,0.985000,0.985000,1.000000,0.985000,0.985000,0.985000,0.985000,0.985000,0.985000,1.000000,1.000000,0.000000,0.985000,1.000000,1.000000,1.000000
13,93213,20,0.967500,0.967500,1.000000,0.967500,0.967500,0.972500,0.972500,0.972500,0.972500,0.992500,0.992500,0.000000,0.970000,1.000000,1.000000,1.000000
14,93214,20,0.980000,0.980000,1.000000,0.980000,0.980000,0.980000,0.980000,0.980000,0.980000,1.000000,1.000000,0.000000,0.982500,1.000000,1.000000,1.000000
15,93215,20,0.927500,0.927500,100.000000,0.995000,0.995000,0.995000,0.995000,0.922500,0.922500,1.000000,1.000000,0.000000,0.935000,0.935000,0.935000,0.935000
16,93216,20,0.957500,0.957500,1.000000,0.957500,0.957500,0.962500,0.962500,0.962500,0.962500,0.995000,0.995000,0.000000,0.967500,1.000000,1.000000,1.000000
17,93217,20,0.767500,0.767500,100.000000,0.932500,0.932500,0.930000,0.930000,0.775000,0.767500,0.987500,0.987500,0.000000,0.770000,0.770000,0.770000,0.770000
18,93218,20,0.967500,0.967500,1.000000,0.967500,0.967500,0.975000,0.975000,0.975000,0.975000,0.992500,0.992500,0.000000,0.975000,1.000000,1.000000,1.000000
19,93219,20,0.882500,0.882500,100.000000,0.970000,0.970000,0.965000,0.965000,0.872500,0.872500,1.000000,1.000000,0.000000,0.882500,0.882500,0.882500,0.882500
20,93220,20,0.767500,0.767500,100.000000,0.907500,0.907500,0.900000,0.900000,0.767500,0.767500,0.990000,0.990000,4.000000,0.760000,0.980000,1.000000,1.000000
21,93221,20,0.836250,0.836250,100.000000,0.980000,0.980000,0.970000,0.970000,0.836250,0.836250,0.992500,0.992500,0.000000,0.836250,1.000000,1.000000,1.000000
22,93222,20,0.752500,0.752500,100.000000,0.947500,0.947500,0.947500,0.947500,0.752500,0.752500,0.990000,0.990000,1.000000,0.752500,0.752500,0.752500,0.752500
23,93223,20,0.970000,0.970000,1.000000,0.970000,0.970000,0.972500,0.972500,0.972500,0.972500,1.000000,1.000000,0.000000,0.972500,1.000000,1.000000,1.000000
24,93224,20,1.000000,1.000000,1.000000,1.000000,1.000000,0.995000,0.995000,0.995000,0.995000,1.000000,1.000000,0.000000,1.000000,1.000000,1.000000,1.000000
25,93225,20,0.817500,0.817500,100.000000,0.935000,0.935000,0.935000,0.935000,0.817500,0.817500,0.995000,0.995000,0.000000,0.817500,0.817500,0.817500,0.817500
26,93226,20,0.980000,0.980000,1.000000,0.980000,0.980000,0.980000,0.980000,0.980000,0.980000,1.000000,1.000000,0.000000,0.980000,0.995000,0.995000,0.995000
27,93227,20,0.886250,0.886250,100.000000,0.997500,0.997500,0.997500,0.997500,0.885000,0.885000,1.000000,1.000000,0.000000,0.895000,0.895000,0.895000,0.895000
28,93228,20,0.861250,0.861250,100.000000,0.982500,0.982500,0.980000,0.980000,0.866250,0.866250,1.000000,1.000000,0.000000,0.853750,0.853750,0.853750,0.853750
29,93229,20,1.000000,1.000000,1.000000,1.000000,1.000000,1.000000,1.000000,1.000000,1.000000,1.000000,1.000000,0.000000,1.000000,1.000000,1.000000,1.000000
30,93230,20,0.802500,0.802500,100.000000,0.950000,0.950000,0.950000,0.950000,0.782500,0.782500,1.000000,1.000000,0.000000,0.792500,0.792500,0.792500,0.792500
31,93231,20,0.855000,0.855000,100.000000,0.975000,0.975000,0.977500,0.977500,0.835000,0.835000,0.992500,0.992500,0.000000,0.857500,1.000000,1.000000,1.000000
32,93232,20,0.830000,0.830000,100.000000,0.972500,0.972500,0.965000,0.965000,0.827500,0.827500,0.992500,0.992500,0.000000,0.835000,1.000000,1.000000,1.000000
33,93233,20,0.967500,0.967500,1.000000,0.967500,0.967500,0.967500,0.967500,0.967500,0.967500,1.000000,1.000000,0.000000,0.972500,0.995000,1.000000,1.000000
34,93234,20,0.740000,0.740000,100.000000,0.915000,0.915000,0.912500,0.912500,0.740000,0.740000,0.985000,0.985000,1.000000,0.742500,0.742500,0.742500,0.742500
35,93235,20,0.811250,0.811250,100.000000,0.931250,0.931250,0.932500,0.932500,0.813750,0.813750,0.995000,0.995000,0.000000,0.803750,0.803750,0.803750,0.803750
36,93236,20,0.972500,0.972500,1.000000,0.972500,0.972500,0.975000,0.975000,0.975000,0.975000,1.000000,1.000000,0.000000,0.975000,1.000000,1.000000,1.000000
37,93237,20,0.801250,0.801250,100.000000,0.937500,0.937500,0.937500,0.937500,0.792500,0.792500,0.982500,0.982500,1.000000,0.800000,0.800000,0.800000,0.800000
38,93238,20,0.980000,0.980000,1.000000,0.980000,0.980000,0.980000,0.980000,0.980000,0.980000,1.000000,1.000000,0.000000,0.987500,1.000000,0.853750,0.853750
39,93239,20,0.742500,0.742500,100.000000,0.940000,0.940000,0.945000,0.945000,0.742500,0.742500,0.987500,0.987500,1.000000,0.747500,0.747500,0.747500,0.747500
40,93240,20,0.845000,0.845000,100.000000,0.950000,0.950000,0.942500,0.942500,0.830000,0.830000,0.992500,0.992500,0.000000,0.842500,0.842500,0.842500,0.842500
41,93241,20,0.817500,0.817500,100.000000,0.957500,0.957500,0.960000,0.960000,0.812500,0.812500,1.000000,1.000000,0.000000,0.817500,0.817500,0.817500,0.817500
42,93242,20,0.992500,0.992500,1.000000,0.992500,0.992500,0.990000,0.990000,0.990000,0.990000,1.000000,1.000000,0.000000,0.990000,1.000000,1.000000,1.000000
43,93243,20,0.985000,0.985000,1.000000,0.985000,0.985000,0.985000,0.985000,0.985000,0.985000,1.000000,1.000000,0.000000,0.985000,1.000000,1.000000,1.000000
44,93244,20,0.950000,0.950000,1.000000,0.950000,0.950000,0.952500,0.952500,0.952500,0.952500,0.992500,0.992500,0.000000,0.950000,1.000000,1.000000,1.000000
45,93245,20,0.745000,0.745000,100.000000,0.932500,0.932500,0.927500,0.927500,0.745000,0.745000,0.992500,0.992500,0.000000,0.750000,0.750000,0.750000,0.750000
46,93246,20,0.772500,0.772500,100.000000,0.957500,0.957500,0.952500,0.952500,0.776250,0.775000,0.995000,0.995000,0.000000,0.775000,1.000000,1.000000,1.000000
47,93247,20,0.873750,0.873750,100.000000,0.977500,0.977500,0.972500,0.972500,0.876250,0.876250,1.000000,1.000000,0.000000,0.877500,0.877500,0.877500,0.877500
48,93248,20,0.831250,0.831250,100.000000,0.950000,0.950000,0.945000,0.945000,0.835000,0.835000,0.995000,0.995000,0.000000,0.827500,0.827500,0.827500,0.827500
49,93249,20,0.915000,0.915000,100.000000,0.977500,0.977500,0.970000,0.970000,0.895000,0.895000,1.000000,1.000000,0.000000,0.912500,0.912500,0.912500,0.912500
50,93250,20,0.930000,0.930000,1.000000,0.930000,0.930000,0.930000,0.930000,0.930000,0.930000,0.995000,0.995000,0.000000,0.935000,0.767500,0.767500,0.767500
51,93251,20,0.866250,0.866250,100.000000,0.995000,0.995000,0.995000,0.995000,0.878750,0.878750,1.000000,1.000000,0.000000,0.992500,0.873750,0.873750,0.873750
52,93252,20,0.870000,0.870000,100.000000,0.972500,0.972500,0.970000,0.970000,0.875000,0.875000,1.000000,1.000000,0.000000,0.870000,0.870000,0.870000,0.870000
53,93253,20,0.713750,0.713750,100.000000,0.935000,0.935000,0.935000,0.935000,0.713750,0.713750,0.982500,0.982500,0.000000,0.706250,1.000000,0.706250,0.706250
54,93254,20,0.962500,0.962500,1.000000,0.962500,0.962500,0.962500,0.962500,0.962500,0.962500,0.995000,0.995000,0.000000,0.962500,1.000000,1.000000,1.000000
55,93255,20,0.927500,0.927500,1.000000,0.927500,0.927500,0.925000,0.925000,0.925000,0.925000,0.977500,0.977500,0.000000,0.932500,0.707500,1.000000,1.000000
56,93256,20,0.785000,0.785000,100.000000,0.985000,0.985000,0.980000,0.980000,0.787500,0.787500,1.000000,1.000000,0.000000,0.787500,0.787500,0.787500,0.787500
57,93257,20,0.720000,0.720000,100.000000,0.900000,0.900000,0.902500,0.902500,0.725000,0.720000,0.975000,0.975000,2.000000,0.720000,0.720000,0.720000,0.720000
58,93258,20,0.811250,0.811250,100.000000,0.937500,0.937500,0.937500,0.937500,0.811250,0.811250,0.995000,0.995000,0.000000,0.808750,0.808750,0.808750,0.808750
59,93259,20,0.812500,0.812500,100.000000,0.920000,0.920000,0.920000,0.920000,0.805000,0.805000,0.995000,0.995000,0.000000,0.822500,0.822500,0.822500,0.822500
60,93260,20,0.720000,0.720000,100.000000,0.960000,0.960000,0.957500,0.957500,0.720000,0.720000,0.992500,0.992500,0.000000,0.710000,1.000000,1.000000,1.000000
61,93261,20,0.975000,0.975000,1.000000,0.975000,0.975000,0.967500,0.967500,0.967500,0.967500,0.995000,0.995000,0.000000,0.975000,1.000000,1.000000,1.000000
62,93262,20,0.856250,0.856250,100.000000,0.977500,0.977500,0.972500,0.972500,0.857500,0.857500,0.995000,0.995000,0.000000,0.850000,0.850000,0.850000,0.850000
63,93263,20,0.975000,0.975000,1.000000,0.975000,0.975000,0.975000,0.975000,0.975000,0.975000,1.000000,1.000000,0.000000,0.975000,0.995000,0.995000,0.995000
64,93264,20,0.837500,0.837500,100.000000,0.972500,0.972500,0.972500,0.972500,0.837500,0.837500,1.000000,1.000000,0.000000,0.972500,0.837500,0.837500,0.837500
65,93265,20,0.857500,0.857500,100.000000,0.972500,0.972500,0.965000,0.965000,0.842500,0.842500,1.000000,1.000000,0.000000,0.852500,0.852500,0.852500,0.852500
66,93266,20,0.808750,0.808750,100.000000,0.970000,0.970000,0.967500,0.967500,0.811250,0.811250,1.000000,1.000000,0.000000,0.808750,0.808750,0.808750,0.808750
67,93267,20,0.752500,0.752500,100.000000,0.945000,0.945000,0.937500,0.937500,0.755000,0.755000,0.992500,0.992500,0.000000,0.742500,1.000000,1.000000,1.000000
68,93268,20,0.992500,0.992500,1.000000,0.992500,0.992500,0.992500,0.992500,0.992500,0.992500,1.000000,1.000000,0.000000,0.992500,1.000000,1.000000,1.000000
69,93269,20,0.997500,0.997500,1.000000,0.997500,0.997500,0.995000,0.995000,0.995000,0.995000,1.000000,1.000000,0.000000,0.995000,1.000000,1.000000,1.000000
70,93270,20,0.995000,0.995000,1.000000,0.995000,0.995000,0.992500,0.992500,0.992500,0.992500,1.000000,1.000000,0.000000,0.995000,1.000000,1.000000,1.000000
71,93271,20,1.000000,1.000000,1.000000,1.000000,1.000000,1.000000,1.000000,1.000000,1.000000,1.000000,1.000000,0.000000,1.000000,1.000000,1.000000,1.000000
72,93272,20,0.808750,0.808750,100.000000,0.932500,0.932500,0.937500,0.937500,0.798750,0.798750,0.990000,0.990000,1.000000,0.807500,0.995000,1.000000,1.000000
73,93273,20,0.970000,0.970000,1.000000,0.970000,0.970000,0.965000,0.965000,0.965000,0.965000,1.000000,1.000000,0.000000,0.965000,0.845000,0.845000,0.845000
74,93274,20,0.972500,0.972500,1.000000,0.972500,0.972500,0.970000,0.970000,0.970000,0.970000,1.000000,1.000000,0.000000,0.967500,0.997500,1.000000,1.000000
75,93275,20,0.828750,0.828750,100.000000,0.970000,0.970000,0.970000,0.970000,0.832500,0.832500,0.992500,0.992500,1.000000,0.830000,0.830000,0.830000,0.830000
76,93276,20,0.915000,0.915000,100.000000,0.987500,0.987500,0.987500,0.987500,0.915000,0.915000,1.000000,1.000000,0.000000,0.987500,0.918750,0.918750,0.918750
77,93277,20,0.795000,0.795000,100.000000,0.932500,0.932500,0.932500,0.932500,0.785000,0.785000,0.995000,0.995000,0.000000,0.805000,0.805000,0.805000,0.805000
78,93278,20,0.830000,0.830000,100.000000,0.952500,0.952500,0.947500,0.947500,0.830000,0.830000,1.000000,1.000000,0.000000,0.830000,0.830000,0.830000,0.830000
79,93279,20,0.837500,0.837500,100.000000,0.952500,0.952500,0.952500,0.952500,0.837500,0.837500,0.995000,0.995000,0.000000,0.832500,0.832500,0.832500,0.832500
80,93280,20,0.765000,0.765000,100.000000,0.920000,0.920000,0.915000,0.915000,0.760000,0.760000,0.995000,0.995000,0.000000,0.777500,0.777500,0.777500,0.777500
81,93281,20,0.833750,0.833750,100.000000,0.982500,0.982500,0.977500,0.977500,0.837500,0.837500,0.995000,0.995000,0.000000,0.837500,0.837500,0.837500,0.837500
82,93282,20,0.975000,0.975000,1.000000,0.975000,0.975000,0.972500,0.972500,0.972500,0.972500,0.995000,0.995000,0.000000,0.965000,1.000000,1.000000,1.000000
83,93283,20,1.000000,1.000000,1.000000,1.000000,1.000000,1.000000,1.000000,1.000000,1.000000,1.000000,1.000000,0.000000,0.997500,1.000000,1.000000,1.000000
84,93284,20,1.000000,1.000000,1.000000,1.000000,1.000000,1.000000,1.000000,1.000000,1.000000,1.000000,1.000000,0.000000,0.997500,1.000000,1.000000,1.000000
85,93285,20,0.820000,0.820000,100.000000,0.960000,0.960000,0.965000,0.965000,0.810000,0.810000,0.995000,0.995000,0.000000,0.815000,0.815000,0.815000,0.815000
86,93286,20,0.850000,0.850000,100.000000,0.992500,0.992500,0.987500,0.987500,0.855000,0.855000,1.000000,1.000000,0.000000,0.990000,0.852500,0.852500,0.852500
87,93287,20,0.987500,0.987500,1.000000,0.987500,0.987500,0.985000,0.985000,0.985000,0.985000,1.000000,1.000000,0.000000,0.987500,0.995000,1.000000,1.000000
88,93288,20,0.772500,0.772500,100.000000,0.917500,0.917500,0.910000,0.910000,0.782500,0.782500,0.985000,0.985000,6.000000,0.763750,0.763750,0.763750,0.763750
89,93289,20,0.730000,0.730000,100.000000,0.895000,0.895000,0.895000,0.895000,0.730000,0.730000,0.987500,0.987500,5.000000,0.725000,0.725000,0.725000,0.725000
90,93290,20,0.843750,0.843750,100.000000,0.975000,0.975000,0.975000,0.975000,0.842500,0.842500,0.995000,0.995000,0.000000,0.842500,1.000000,1.000000,1.000000
91,93291,20,0.978750,0.978750,1.000000,0.978750,0.978750,0.977500,0.977500,0.977500,0.977500,1.000000,1.000000,0.000000,0.977500,1.000000,1.000000,1.000000
92,93292,20,0.818750,0.818750,100.000000,0.975000,0.975000,0.980000,0.980000,0.815000,0.815000,1.000000,1.000000,0.000000,0.815000,0.815000,0.815000,0.815000
93,93293,20,0.960000,0.960000,1.000000,0.960000,0.960000,0.960000,0.960000,0.960000,0.960000,1.000000,1.000000,0.000000,0.967500,0.795000,0.795000,0.795000
94,93294,20,0.765000,0.765000,100.000000,0.925000,0.925000,0.927500,0.927500,0.770000,0.765000,0.995000,0.995000,0.000000,0.780000,0.780000,0.780000,0.780000
95,93295,20,0.957500,0.957500,1.000000,0.957500,0.957500,0.955000,0.955000,0.955000,0.955000,1.000000,1.000000,0.000000,0.955000,0.850000,0.850000,0.850000
96,93296,20,1.000000,1.000000,1.000000,1.000000,1.000000,0.997500,0.997500,0.997500,0.997500,1.000000,1.000000,0.000000,0.987500,1.000000,1.000000,1.000000
97,93297,20,0.965000,0.965000,1.000000,0.965000,0.965000,0.967500,0.967500,0.967500,0.967500,1.000000,1.000000,0.000000,0.967500,1.000000,1.000000,1.000000
98,93298,20,0.835000,0.835000,100.000000,0.955000,0.955000,0.960000,0.960000,0.835000,0.835000,0.995000,0.995000,0.000000,0.835000,0.835000,0.835000,0.835000
