family,j,seed,k_swapped,planted_value,label,u_kind,branch_met,smallest_passing_auc,lambda_block_rule,ceiling_block,ceiling_block_tau,ceiling_block_ulp_sensitive,cert,cert_fraction,cert_tau,cert_counts_agree,cert_rerun_spread,ceil_1,ceil_1_tau,ceil_1_float,ceil_1_float_tau,lambda_c,ceil_lambda_c_float,ceil_lambda_c_float_tau,ceil_1_starts100,ceil_1_starts100_tau,separator_reading,flags,gate_v_a,gate_v_b,gate_v_c,gate_v_d,stops
FC,0,93100,0,1,U,failed_fit,True,0.712500,100.000000,0.600000,0.600000,False,1.000000,1/1,1.000000,True,0.000000,1.000000,1.000000,1.000000,1.000000,100.000000,0.480000,0.600000,1.000000,1.000000,"fit failure, FF-sel",,"U, failed fit",U (the D1 candidates disagree on the gate),G,"U, failed fit",
FC,1,93101,0,1,U,failed_fit,True,0.712500,100.000000,0.600000,0.600000,False,1.000000,1/1,1.000000,True,0.000000,1.000000,1.000000,1.000000,1.000000,100.000000,0.480000,0.600000,1.000000,1.000000,"fit failure, FF-sel",,"U, failed fit",U (the D1 candidates disagree on the gate),G,"U, failed fit",
FC,2,93102,0,1,U,failed_fit,True,0.712500,100.000000,0.600000,0.600000,False,1.000000,1/1,1.000000,True,0.000000,1.000000,1.000000,1.000000,1.000000,100.000000,0.480000,0.600000,1.000000,1.000000,"fit failure, FF-sel",,"U, failed fit",U (the D1 candidates disagree on the gate),G,"U, failed fit",
FC,3,93103,0,1,U,failed_fit,True,0.712500,100.000000,0.600000,0.600000,False,1.000000,1/1,1.000000,True,0.000000,1.000000,1.000000,1.000000,1.000000,100.000000,0.480000,0.600000,1.000000,1.000000,"fit failure, FF-sel",,"U, failed fit",U (the D1 candidates disagree on the gate),G,"U, failed fit",
FC,4,93104,0,1,U,failed_fit,True,0.712500,100.000000,0.600000,0.600000,False,1.000000,1/1,1.000000,True,0.000000,1.000000,1.000000,1.000000,1.000000,100.000000,0.480000,0.600000,1.000000,1.000000,"fit failure, FF-sel",,"U, failed fit",U (the D1 candidates disagree on the gate),G,"U, failed fit",
FN1,0,93110,1,19/20,G,,False,0.720000,1.000000,0.997500,0.997500,False,1.000000,1/1,1.000000,True,0.000000,0.997500,0.997500,0.997500,0.997500,1.000000,0.997500,0.997500,0.997500,0.997500,gate passed,,G,G,G,G,
FN1,1,93111,1,19/20,G,,False,0.712500,1.000000,0.997500,0.997500,False,1.000000,1/1,1.000000,True,0.000000,0.997500,0.997500,0.997500,0.997500,1.000000,0.997500,0.997500,0.997500,0.997500,gate passed,,G,G,G,G,
FN1,2,93112,1,19/20,G,,False,0.707500,1.000000,0.997500,0.997500,False,1.000000,1/1,1.000000,True,0.000000,0.997500,0.997500,0.997500,0.997500,1.000000,0.997500,0.997500,0.997500,0.997500,gate passed,,G,G,G,G,
FN1,3,93113,1,19/20,G,,False,0.717500,1.000000,0.997500,0.997500,False,1.000000,1/1,1.000000,True,0.000000,0.997500,0.997500,0.997500,0.997500,1.000000,0.997500,0.997500,0.997500,0.997500,gate passed,,G,G,G,G,
FN1,4,93114,1,19/20,G,,False,0.715000,1.000000,0.997500,0.997500,False,1.000000,1/1,1.000000,True,0.000000,0.997500,0.997500,0.997500,0.997500,1.000000,0.997500,0.997500,0.997500,0.997500,gate passed,,G,G,G,G,
FN2,0,93120,2,9/10,G,,False,0.722500,1.000000,0.995000,0.995000,False,1.000000,1/1,1.000000,True,0.000000,0.995000,0.995000,0.992500,0.992500,1.000000,0.992500,0.992500,0.992500,0.992500,gate passed,,G,G,G,G,
FN2,1,93121,2,9/10,G,,False,0.710000,1.000000,0.985000,0.985000,False,1.000000,1/1,1.000000,True,0.000000,0.985000,0.985000,0.985000,0.985000,1.000000,0.985000,0.985000,0.985000,0.985000,gate passed,,G,G,G,G,
FN2,2,93122,2,9/10,G,,False,0.712500,1.000000,0.985000,0.985000,False,1.000000,1/1,1.000000,True,0.000000,0.985000,0.985000,0.985000,0.985000,1.000000,0.985000,0.985000,0.985000,0.985000,gate passed,,G,G,G,G,
FN2,3,93123,2,9/10,G,,False,0.715000,1.000000,0.997500,0.997500,False,1.000000,1/1,1.000000,True,0.000000,0.997500,0.997500,0.997500,0.997500,1.000000,0.997500,0.997500,0.997500,0.997500,gate passed,,G,G,G,G,
FN2,4,93124,2,9/10,G,,False,0.712500,1.000000,0.992500,0.992500,False,1.000000,1/1,1.000000,True,0.000000,0.992500,0.992500,0.992500,0.992500,1.000000,0.992500,0.992500,0.992500,0.992500,gate passed,,G,G,G,G,
