type_index,type_name,rule_existence,rule_offset,rule_counts,rule_sign,N1_existence,N1_offset,N1_counts,N1_sign
0,Mi3,0.2154844643639903,0.26666666666666666,0.8197223804149886,0.6,0.21440644296125577,0.0,0.9145089907977584,0.6
1,Tm5Y,0.33640948508528806,0.5840136054421768,0.8646943141180645,1.0,0.3497027487476925,0.6649659863945577,0.8682907217072591,1.0
2,T4d,0.305060743514191,0.22579975579975584,0.8490754422856277,1.0,0.3125190922536776,0.14836219336219336,0.9012223217811544,1.0
3,Tm28,0.23509915136153187,0.3785714285714286,0.7835390840789381,1.0,0.2517178995318132,0.3866666666666667,0.8166704461529082,1.0
4,Tm2,0.6043494207852017,0.6912131519274377,0.6301399149910356,1.0,0.5825187331849404,0.5286734693877552,1.0112332291618393,1.0
5,TmY15,0.6630276626345031,0.20285428648533585,0.7179334876901219,0.47368421052631576,0.6517361529143465,0.11685500861910346,0.7555199941634132,0.47368421052631576
6,Tm3,0.673909992553385,0.31813778105644136,0.8645569775916352,1.0,0.6520348005578976,0.21239795557977376,1.1088049503045327,1.0
7,Mi12,0.2611648481179888,0.2863636363636364,0.7596729241133879,0.45454545454545453,0.2602030831879307,0.2333333333333333,0.8286607348968726,0.45454545454545453
8,Tm5c,0.3380182667821408,0.47692307692307695,0.8360641527642396,0.5384615384615384,0.3382431245078855,0.5153846153846153,0.840660387917593,0.5384615384615384
9,Lawf1,0.1922954327903531,0.2870748299319728,1.0207172807010627,1.0,0.21104065390172314,0.21904761904761907,1.1032625094634794,1.0
10,TmY14,0.4514572278113034,0.2748168498168498,0.9865616406049609,0.7272727272727273,0.4435461468144233,0.23510962721489034,1.0997131127228754,0.7272727272727273
11,T2,0.5253604284090438,0.1820132227119523,0.936381077859015,1.0,0.5250380080293048,0.14154351395730705,1.0560716972944844,1.0
12,L2,0.5963067646324961,0.946236559139785,0.9406469094887939,0.9354838709677419,0.590999145462788,0.8853383458646615,1.341765345364468,0.9354838709677419
13,Lawf2,0.2739167831624517,0.16111528822055135,1.4484972651719097,1.0,0.28383957003560517,0.11448830409356724,1.4700115930895983,1.0
14,T4c,0.3536885494661586,0.35058458435651413,0.7611006677992521,1.0,0.3547619287027384,0.2616000227842333,0.8092346017319085,1.0
15,TmY5a,0.4559619561047798,0.4016218081435472,0.7613551474794022,0.5652173913043478,0.46032508127820715,0.2876811594202898,0.9362149880986043,0.5652173913043478
16,T3,0.21605231986828935,0.3167107583774251,1.055874253866625,1.0,0.23214627688377626,0.307716049382716,1.154842745968443,1.0
17,T5b,0.3341017155305402,0.3726190476190476,0.8617673847625302,1.0,0.34259179356927005,0.24382440476190476,0.8647588194781693,1.0
18,T5c,0.3024395842635068,0.331672669067627,0.7852855029031705,1.0,0.3091138808349703,0.32090677179962895,0.8002262576304535,1.0
19,Mi15,0.29186053878327156,0.5555555555555555,0.7016764383872753,0.9166666666666666,0.3045172100858683,0.5277777777777778,0.7067367730099,0.9166666666666666
20,Tm20,0.3448568669476015,0.7401785714285714,0.8244276909920936,0.9375,0.34118296320874997,0.7276785714285714,0.8373135993771597,0.9375
21,Mi10,0.37348556519584236,0.21111111111111108,0.9680104703135926,0.35294117647058826,0.3774740691358615,0.28954248366013075,1.1158047015194916,0.35294117647058826
22,Tm5b,0.43409866793852386,0.328125,0.8898445227630021,1.0,0.4336847100710851,0.328125,0.8925237628545729,1.0
23,TmY3,0.3603242115973991,0.20687455819034764,0.9451245710117402,1.0,0.3688732606946671,0.21716894216894217,1.0866905605653052,1.0
24,C3,0.6288020499888198,0.792985842985843,0.7185143958583031,0.4594594594594595,0.6087850494703416,0.6757467994310099,1.1600212668934975,0.4594594594594595
25,CT1(M10),0.314038185429436,0.8751526251526252,0.5907175549980139,0.5384615384615384,0.31114408723954234,0.5558608058608059,1.0478255971665806,0.5384615384615384
26,Tm1,0.7785548545952206,0.6599624060150376,0.6935762263205811,1.0,0.7231248007635773,0.5747692875599852,0.9650049788932575,1.0
27,Mi9,0.7571137235915649,0.7440476190476191,0.7647538756195434,0.4090909090909091,0.7253731285899154,0.6356158992522629,1.0299545803380774,0.4090909090909091
28,Tm16,0.4423124142970232,0.3481715652768284,0.8347941413829009,1.0,0.4508618523784183,0.27045454545454545,0.986888773551641,1.0
29,TmY9,0.3168937432624369,0.25,0.7320981513212473,1.0,0.32537680499716065,0.23076923076923078,0.7341362571640583,1.0
30,L4,0.4914370098854067,0.22902494331065754,0.9723838344968032,1.0,0.4907664305629907,0.18934240362811788,1.0886804452046053,1.0
31,CT1(Lo1),0.3650911063115348,0.8005494505494506,1.0683589536823963,0.5384615384615384,0.3301640028069778,0.5032051282051282,1.469159113790177,0.5384615384615384
32,Mi4,0.7502535019223211,0.6274715594483036,0.7987483021022359,0.3488372093023256,0.7110685540132932,0.53624953857512,1.0227750909689004,0.3488372093023256
33,T1,0.44715058600103547,1.0,1.7431794031122294,0.9375,0.3693061891166058,1.0,1.7497716037155655,0.9375
34,Mi13,0.3235479039959841,0.26798941798941794,0.8689057941560977,0.4666666666666667,0.3189961344778071,0.20674603174603173,0.9250314028494466,0.4666666666666667
35,TmY4,0.5249395596008938,0.1614177489177489,0.8585072906628395,1.0,0.5201083603349439,0.14058441558441556,0.8807147945588041,1.0
36,R8,0.267039473597148,0.8666666666666666,0.791147182510138,0.5,0.29644771261937813,0.8833333333333332,0.7818518112923416,0.5
37,Mi2,0.2822419192336463,0.32083333333333336,0.7882587087293439,0.5,0.28171236821919826,0.3013888888888889,0.9052849283721287,0.5
38,T4b,0.30690919649538034,0.4154341736694677,0.7654110669108615,1.0,0.3104544728402548,0.3634942182001005,0.8612602323453479,1.0
39,Tm4,0.631531562911195,0.250921350996539,0.9745977801487129,1.0,0.6168410575889238,0.18277210884353742,1.175000681300357,1.0
40,R1,0.19675679501421683,0.9583333333333333,1.12756714010633,0.375,0.241498707413022,1.0,1.115169417414712,0.375
41,T5a,0.30891057757864987,0.29795918367346935,0.8283222182988392,1.0,0.3160048005464166,0.2100907029478458,0.911415946382588,1.0
42,T4a,0.4025921378622073,0.27390635680109365,0.7806679436361805,1.0,0.3935480838382107,0.20172068428647377,0.9047608762448451,1.0
43,R3,0.17195911431401467,0.8095238095238094,0.8145442443557931,0.2857142857142857,0.22357400877064187,0.8571428571428571,0.7994815103818458,0.2857142857142857
44,C2,0.36203919337005924,0.6956315289648622,0.8912048611096453,0.3333333333333333,0.37130188892478877,0.6244814314989753,1.2359569645999757,0.3333333333333333
45,L1,0.42409021394159024,0.9584415584415584,0.9552954027728467,0.5,0.43683830494622666,0.8655103668261563,1.4679424007470436,0.5
46,Am,0.5024378107097357,0.866984126984127,1.1228962431333254,0.5714285714285714,0.5350441649056633,0.9403174603174603,1.1017225634750565,0.5714285714285714
47,Mi1,0.8222941419492382,0.6883613367309019,0.7631960462405953,0.9782608695652174,0.7926696590367107,0.5149658915963264,1.1124508911294513,0.9782608695652174
48,R2,0.19675679720919104,0.9166666666666666,1.1475756015279188,0.375,0.24149870741302204,0.9375,1.145421650799563,0.375
49,Mi14,0.2042272897574174,0.4209183673469387,0.6619720019638244,0.5714285714285714,0.20819479394775162,0.25510204081632654,0.891472318934252,0.5714285714285714
50,R5,0.18092711398518158,0.9523809523809523,0.9247216649551266,0.2857142857142857,0.231140599956553,0.9047619047619048,0.8952685962884384,0.2857142857142857
51,L5,0.4864772063045536,0.6627131099353321,0.8855673563826645,1.0,0.4862465124544635,0.601954732510288,1.1022367061511464,1.0
52,Tm9,0.49617356915850286,0.6384800384800384,0.8188442401861076,1.0,0.4952312786871071,0.6308641975308643,1.0696294912731046,1.0
53,TmY10,0.32057652903889794,0.46071428571428574,0.8414340451795626,1.0,0.33299466293890545,0.4785714285714286,0.8579149009909058,1.0
54,R4,0.18092710938250764,0.9523809523809523,0.9442824780991621,0.2857142857142857,0.23114059995655298,1.0,0.9420725502875442,0.2857142857142857
55,TmY18,0.32075295811992366,0.2781045751633987,0.8166184064611662,1.0,0.3255503864741798,0.19733893557422966,0.9433405436898806,1.0
56,Tm5a,0.24514408500613977,0.5416666666666666,0.8860703051166501,1.0,0.2551876413670346,0.5416666666666666,0.8884080410612106,1.0
57,T2a,0.3773630623091297,0.20970238095238095,0.851275931746112,1.0,0.38674886564964706,0.2225,0.862982101113383,1.0
58,TmY13,0.27043669936364256,0.1579365079365079,1.089606914814576,1.0,0.2829958316642011,0.1857142857142857,1.1755661668869894,1.0
59,R7,0.2152543331152086,0.875,0.9164441846272039,0.0,0.2475890647465988,0.875,0.9088255988187943,0.0
60,R6,0.162327184294218,0.9444444444444443,1.0151118920796987,0.16666666666666666,0.21702495466616664,1.0,1.0090182462079145,0.16666666666666666
61,T5d,0.32144537832651554,0.25727513227513227,0.8314091382796925,1.0,0.32761965191298886,0.17722222222222223,0.8640621173580297,1.0
62,Mi11,0.13921485200259257,0.125,0.6248659182700419,1.0,0.15027719020626035,0.5,0.6269576735794544,1.0
63,Tm30,0.13126944742539345,0.14285714285714285,0.5565846559801385,1.0,0.15027719020626032,0.0,0.6931471805599453,1.0
64,L3,0.6146579395012503,0.7404597701149425,0.965387877521404,0.9655172413793104,0.6153768842419857,0.7797701149425287,0.9725388737829951,0.9655172413793104
