sd,present,degenerate,auc_rule,M_rule,lam_rule,auc_BF:1,M_BF:1,lam_BF:1,auc_BF:2,M_BF:2,lam_BF:2,auc_BF:3,M_BF:3,lam_BF:3,auc_BF:4,M_BF:4,lam_BF:4,auc_N1,M_N1,lam_N1
0,15,False,0.5786666666666667,0.002666666666666706,100.0,0.576,0.0,100.0,0.576,0.0,100.0,0.576,0.0,100.0,0.576,0.0,100.0,0.576,0.0,
1,14,False,0.49038461538461536,-0.020604395604395587,100.0,0.510989010989011,0.0,100.0,0.510989010989011,0.0,100.0,0.510989010989011,0.0,100.0,0.510989010989011,0.0,100.0,0.510989010989011,0.0,
2,20,False,0.61875,0.011249999999999982,100.0,0.6075,0.0,100.0,0.6075,0.0,100.0,0.6075,0.0,100.0,0.6075,0.0,100.0,0.6075,0.0,
3,15,False,0.6333333333333333,0.0,100.0,0.6333333333333333,0.0,100.0,0.6333333333333333,0.0,100.0,0.6333333333333333,0.0,100.0,0.6333333333333333,0.0,100.0,0.6333333333333333,0.0,
4,14,False,0.47527472527472525,0.009615384615384581,100.0,0.46565934065934067,0.0,100.0,0.46565934065934067,0.0,100.0,0.46565934065934067,0.0,100.0,0.46565934065934067,0.0,100.0,0.46565934065934067,0.0,
5,16,False,0.5455729166666666,-0.006510416666666741,100.0,0.5520833333333334,0.0,100.0,0.5520833333333334,0.0,100.0,0.5520833333333334,0.0,100.0,0.5520833333333334,0.0,100.0,0.5520833333333334,0.0,
6,16,False,0.48046875,-0.018229166666666685,100.0,0.4986979166666667,0.0,100.0,0.4986979166666667,0.0,100.0,0.4986979166666667,0.0,100.0,0.4986979166666667,0.0,100.0,0.4986979166666667,0.0,
7,14,False,0.5934065934065934,-0.01098901098901095,100.0,0.6043956043956044,0.0,100.0,0.6043956043956044,0.0,100.0,0.6043956043956044,0.0,100.0,0.6043956043956044,0.0,100.0,0.6043956043956044,0.0,
8,15,False,0.556,0.016000000000000014,100.0,0.54,0.0,100.0,0.54,0.0,100.0,0.54,0.0,100.0,0.54,0.0,100.0,0.54,0.0,
9,13,False,0.4757834757834758,0.004273504273504258,100.0,0.47150997150997154,0.0,100.0,0.47150997150997154,0.0,100.0,0.47150997150997154,0.0,100.0,0.47150997150997154,0.0,100.0,0.47150997150997154,0.0,
10,18,False,0.49873737373737376,-0.05808080808080801,100.0,0.5959595959595959,0.039141414141414144,3.0,0.5568181818181818,0.0,100.0,0.5568181818181818,0.0,100.0,0.5568181818181818,0.0,100.0,0.5568181818181818,0.0,
11,14,False,0.5274725274725275,0.03846153846153849,100.0,0.489010989010989,0.0,100.0,0.489010989010989,0.0,100.0,0.489010989010989,0.0,100.0,0.489010989010989,0.0,100.0,0.489010989010989,0.0,
12,13,False,0.6296296296296297,0.024216524216524205,100.0,0.6054131054131054,0.0,100.0,0.6054131054131054,0.0,100.0,0.6054131054131054,0.0,100.0,0.6054131054131054,0.0,100.0,0.6054131054131054,0.0,
13,13,False,0.42450142450142453,-0.037037037037037035,100.0,0.46153846153846156,0.0,100.0,0.46153846153846156,0.0,100.0,0.46153846153846156,0.0,100.0,0.46153846153846156,0.0,100.0,0.46153846153846156,0.0,
14,9,False,0.482078853046595,-0.07168458781362003,100.0,0.553763440860215,0.0,100.0,0.553763440860215,0.0,100.0,0.553763440860215,0.0,100.0,0.553763440860215,0.0,100.0,0.553763440860215,0.0,
15,19,False,0.5100250626566416,-0.08270676691729328,100.0,0.5927318295739349,0.0,100.0,0.5927318295739349,0.0,100.0,0.5927318295739349,0.0,100.0,0.5927318295739349,0.0,100.0,0.5927318295739349,0.0,
16,15,False,0.7,0.08666666666666667,100.0,0.6133333333333333,0.0,100.0,0.6133333333333333,0.0,100.0,0.6133333333333333,0.0,100.0,0.6133333333333333,0.0,100.0,0.6133333333333333,0.0,
17,14,False,0.6565934065934066,0.02197802197802201,100.0,0.6346153846153846,0.0,100.0,0.6346153846153846,0.0,100.0,0.6346153846153846,0.0,100.0,0.6346153846153846,0.0,100.0,0.6346153846153846,0.0,
18,13,False,0.4601139601139601,-0.1923076923076923,100.0,0.6524216524216524,0.0,100.0,0.6524216524216524,0.0,100.0,0.6524216524216524,0.0,100.0,0.6524216524216524,0.0,100.0,0.6524216524216524,0.0,
19,14,False,0.3873626373626374,0.0054945054945055305,100.0,0.38186813186813184,0.0,100.0,0.38186813186813184,0.0,100.0,0.38186813186813184,0.0,100.0,0.38186813186813184,0.0,100.0,0.38186813186813184,0.0,
20,12,False,0.4375,0.011904761904761918,100.0,0.4255952380952381,0.0,100.0,0.4255952380952381,0.0,100.0,0.4255952380952381,0.0,100.0,0.4255952380952381,0.0,100.0,0.4255952380952381,0.0,
21,14,False,0.6181318681318682,0.0,100.0,0.6181318681318682,0.0,100.0,0.6181318681318682,0.0,100.0,0.6181318681318682,0.0,100.0,0.6181318681318682,0.0,100.0,0.6181318681318682,0.0,
22,12,False,0.5044642857142857,-0.013392857142857206,100.0,0.5178571428571429,0.0,100.0,0.5178571428571429,0.0,100.0,0.5178571428571429,0.0,100.0,0.5178571428571429,0.0,100.0,0.5178571428571429,0.0,
23,17,False,0.5741687979539642,0.008951406649616467,100.0,0.5652173913043478,0.0,100.0,0.5652173913043478,0.0,100.0,0.5652173913043478,0.0,100.0,0.5652173913043478,0.0,100.0,0.5652173913043478,0.0,
24,17,False,0.540920716112532,0.0,100.0,0.540920716112532,0.0,100.0,0.540920716112532,0.0,100.0,0.540920716112532,0.0,100.0,0.540920716112532,0.0,100.0,0.540920716112532,0.0,
25,16,False,0.4049479166666667,0.014322916666666685,100.0,0.390625,0.0,100.0,0.390625,0.0,100.0,0.390625,0.0,100.0,0.390625,0.0,100.0,0.390625,0.0,
26,15,False,0.5253333333333333,0.01866666666666661,100.0,0.5066666666666667,0.0,100.0,0.5066666666666667,0.0,100.0,0.5066666666666667,0.0,100.0,0.5066666666666667,0.0,100.0,0.5066666666666667,0.0,
27,9,False,0.5483870967741935,-0.10215053763440862,100.0,0.6505376344086021,0.0,100.0,0.6505376344086021,0.0,100.0,0.6505376344086021,0.0,100.0,0.6505376344086021,0.0,100.0,0.6505376344086021,0.0,
28,16,False,0.6458333333333334,-0.02864583333333326,100.0,0.6744791666666666,0.0,100.0,0.6744791666666666,0.0,100.0,0.6744791666666666,0.0,100.0,0.6744791666666666,0.0,100.0,0.6744791666666666,0.0,
29,15,False,0.5133333333333333,-0.06000000000000005,3.0,0.5173333333333333,-0.05600000000000005,3.0,0.5733333333333334,0.0,100.0,0.5733333333333334,0.0,100.0,0.5733333333333334,0.0,100.0,0.5733333333333334,0.0,
30,16,False,0.6041666666666666,0.0026041666666666297,100.0,0.6015625,0.0,100.0,0.6015625,0.0,100.0,0.6015625,0.0,100.0,0.6015625,0.0,100.0,0.6015625,0.0,
31,15,False,0.36133333333333334,-0.02799999999999997,100.0,0.3893333333333333,0.0,100.0,0.3893333333333333,0.0,100.0,0.3893333333333333,0.0,100.0,0.3893333333333333,0.0,100.0,0.3893333333333333,0.0,
32,16,False,0.46484375,0.0013020833333333148,100.0,0.4635416666666667,0.0,100.0,0.4635416666666667,0.0,100.0,0.4635416666666667,0.0,100.0,0.4635416666666667,0.0,100.0,0.4635416666666667,0.0,
33,17,False,0.46547314578005117,-0.019181585677749358,100.0,0.4846547314578005,0.0,100.0,0.4846547314578005,0.0,100.0,0.4846547314578005,0.0,100.0,0.4846547314578005,0.0,100.0,0.4846547314578005,0.0,
34,15,False,0.4706666666666667,-0.006666666666666654,100.0,0.47733333333333333,0.0,100.0,0.47733333333333333,0.0,100.0,0.47733333333333333,0.0,100.0,0.47733333333333333,0.0,100.0,0.47733333333333333,0.0,
35,18,False,0.49747474747474746,-0.04040404040404039,100.0,0.5378787878787878,0.0,100.0,0.5378787878787878,0.0,100.0,0.5378787878787878,0.0,100.0,0.5378787878787878,0.0,100.0,0.5378787878787878,0.0,
36,17,False,0.6483375959079284,0.01790281329923271,100.0,0.6304347826086957,0.0,100.0,0.6304347826086957,0.0,100.0,0.6304347826086957,0.0,100.0,0.6304347826086957,0.0,100.0,0.6304347826086957,0.0,
37,13,False,0.48148148148148145,-0.022792022792022804,100.0,0.5042735042735043,0.0,100.0,0.5042735042735043,0.0,100.0,0.5042735042735043,0.0,100.0,0.5042735042735043,0.0,100.0,0.5042735042735043,0.0,
38,14,False,0.5741758241758241,0.028846153846153855,100.0,0.5453296703296703,0.0,100.0,0.5453296703296703,0.0,100.0,0.5453296703296703,0.0,100.0,0.5453296703296703,0.0,100.0,0.5453296703296703,0.0,
39,17,False,0.6470588235294118,0.005115089514066584,100.0,0.6419437340153452,0.0,100.0,0.6419437340153452,0.0,100.0,0.6419437340153452,0.0,100.0,0.6419437340153452,0.0,100.0,0.6419437340153452,0.0,
40,12,False,0.46279761904761907,-0.10119047619047616,100.0,0.5639880952380952,0.0,100.0,0.5639880952380952,0.0,100.0,0.5639880952380952,0.0,100.0,0.5639880952380952,0.0,100.0,0.5639880952380952,0.0,
41,11,False,0.44200626959247646,-0.014106583072100332,100.0,0.4561128526645768,0.0,100.0,0.4561128526645768,0.0,100.0,0.4561128526645768,0.0,100.0,0.4561128526645768,0.0,100.0,0.4561128526645768,0.0,
42,9,False,0.5286738351254481,0.0017921146953405742,100.0,0.5268817204301075,0.0,100.0,0.5268817204301075,0.0,100.0,0.5268817204301075,0.0,100.0,0.5268817204301075,0.0,100.0,0.5268817204301075,0.0,
43,15,False,0.524,-0.021333333333333315,100.0,0.5453333333333333,0.0,100.0,0.5453333333333333,0.0,100.0,0.5453333333333333,0.0,100.0,0.5453333333333333,0.0,100.0,0.5453333333333333,0.0,
44,12,False,0.5193452380952381,0.022321428571428603,100.0,0.49702380952380953,0.0,100.0,0.49702380952380953,0.0,100.0,0.49702380952380953,0.0,100.0,0.49702380952380953,0.0,100.0,0.49702380952380953,0.0,
45,13,False,0.7792022792022792,0.031339031339031376,100.0,0.7478632478632479,0.0,100.0,0.7478632478632479,0.0,100.0,0.7478632478632479,0.0,100.0,0.7478632478632479,0.0,100.0,0.7478632478632479,0.0,
46,16,False,0.4778645833333333,-0.010416666666666685,100.0,0.48828125,0.0,100.0,0.48828125,0.0,100.0,0.48828125,0.0,100.0,0.48828125,0.0,100.0,0.48828125,0.0,
47,13,False,0.5982905982905983,0.028490028490028463,100.0,0.5698005698005698,0.0,100.0,0.5698005698005698,0.0,100.0,0.5698005698005698,0.0,100.0,0.5698005698005698,0.0,100.0,0.5698005698005698,0.0,
48,11,False,0.335423197492163,-0.04545454545454547,100.0,0.38087774294670845,0.0,100.0,0.38087774294670845,0.0,100.0,0.38087774294670845,0.0,100.0,0.38087774294670845,0.0,100.0,0.38087774294670845,0.0,
49,19,False,0.48120300751879697,-0.002506265664160401,100.0,0.48370927318295737,0.0,100.0,0.48370927318295737,0.0,100.0,0.48370927318295737,0.0,100.0,0.48370927318295737,0.0,100.0,0.48370927318295737,0.0,
50,17,False,0.6790281329923273,0.012787723785166238,100.0,0.6662404092071611,0.0,100.0,0.6662404092071611,0.0,100.0,0.6662404092071611,0.0,100.0,0.6662404092071611,0.0,100.0,0.6662404092071611,0.0,
51,16,False,0.51171875,0.0,100.0,0.51171875,0.0,100.0,0.51171875,0.0,100.0,0.51171875,0.0,100.0,0.51171875,0.0,100.0,0.51171875,0.0,
52,15,False,0.4026666666666667,0.001333333333333353,100.0,0.4013333333333333,0.0,100.0,0.4013333333333333,0.0,100.0,0.4013333333333333,0.0,100.0,0.4013333333333333,0.0,100.0,0.4013333333333333,0.0,
53,14,False,0.4807692307692308,0.0027472527472527375,100.0,0.47802197802197804,0.0,100.0,0.47802197802197804,0.0,100.0,0.47802197802197804,0.0,100.0,0.47802197802197804,0.0,100.0,0.47802197802197804,0.0,
54,14,False,0.5645604395604396,0.008241758241758212,100.0,0.5563186813186813,0.0,100.0,0.5563186813186813,0.0,100.0,0.5563186813186813,0.0,100.0,0.5563186813186813,0.0,100.0,0.5563186813186813,0.0,
55,17,False,0.5383631713554987,-0.020460358056266004,100.0,0.5588235294117647,0.0,100.0,0.5588235294117647,0.0,100.0,0.5588235294117647,0.0,100.0,0.5588235294117647,0.0,100.0,0.5588235294117647,0.0,
56,16,False,0.51953125,-0.00520833333333337,100.0,0.5247395833333334,0.0,100.0,0.5247395833333334,0.0,100.0,0.5247395833333334,0.0,100.0,0.5247395833333334,0.0,100.0,0.5247395833333334,0.0,
57,11,False,0.48589341692789967,-0.006269592476489061,100.0,0.49216300940438873,0.0,100.0,0.49216300940438873,0.0,100.0,0.49216300940438873,0.0,100.0,0.49216300940438873,0.0,100.0,0.49216300940438873,0.0,
58,16,False,0.5,0.014322916666666685,100.0,0.4856770833333333,0.0,100.0,0.4856770833333333,0.0,100.0,0.4856770833333333,0.0,100.0,0.4856770833333333,0.0,100.0,0.4856770833333333,0.0,
59,10,False,0.6166666666666667,-0.05833333333333335,100.0,0.675,0.0,100.0,0.675,0.0,100.0,0.675,0.0,100.0,0.675,0.0,100.0,0.675,0.0,
60,21,False,0.4423558897243108,0.023809523809523836,3.0,0.41854636591478694,0.0,100.0,0.41854636591478694,0.0,100.0,0.41854636591478694,0.0,100.0,0.41854636591478694,0.0,100.0,0.41854636591478694,0.0,
61,16,False,0.63671875,0.00390625,100.0,0.6328125,0.0,100.0,0.6328125,0.0,100.0,0.6328125,0.0,100.0,0.6328125,0.0,100.0,0.6328125,0.0,
62,14,False,0.48214285714285715,-0.09890109890109894,100.0,0.5810439560439561,0.0,100.0,0.5810439560439561,0.0,100.0,0.5810439560439561,0.0,100.0,0.5810439560439561,0.0,100.0,0.5810439560439561,0.0,
63,18,False,0.5669191919191919,-0.0063131313131312705,100.0,0.5732323232323232,0.0,100.0,0.5732323232323232,0.0,100.0,0.5732323232323232,0.0,100.0,0.5732323232323232,0.0,100.0,0.5732323232323232,0.0,
64,14,False,0.5412087912087912,0.017857142857142794,100.0,0.5233516483516484,0.0,100.0,0.5233516483516484,0.0,100.0,0.5233516483516484,0.0,100.0,0.5233516483516484,0.0,100.0,0.5233516483516484,0.0,
65,13,False,0.5641025641025641,0.01139601139601143,100.0,0.5527065527065527,0.0,100.0,0.5527065527065527,0.0,100.0,0.5527065527065527,0.0,100.0,0.5527065527065527,0.0,100.0,0.5527065527065527,0.0,
66,11,False,0.3981191222570533,-0.040752351097178674,100.0,0.438871473354232,0.0,100.0,0.438871473354232,0.0,100.0,0.438871473354232,0.0,100.0,0.438871473354232,0.0,100.0,0.438871473354232,0.0,
67,13,False,0.41452991452991456,0.004273504273504314,100.0,0.41025641025641024,0.0,100.0,0.41025641025641024,0.0,100.0,0.41025641025641024,0.0,100.0,0.41025641025641024,0.0,100.0,0.41025641025641024,0.0,
68,16,False,0.6106770833333334,0.01432291666666674,100.0,0.5963541666666666,0.0,100.0,0.5963541666666666,0.0,100.0,0.5963541666666666,0.0,100.0,0.5963541666666666,0.0,100.0,0.5963541666666666,0.0,
69,16,False,0.4791666666666667,0.0,100.0,0.4791666666666667,0.0,100.0,0.4791666666666667,0.0,100.0,0.4791666666666667,0.0,100.0,0.4791666666666667,0.0,100.0,0.4791666666666667,0.0,
70,14,False,0.48214285714285715,0.013736263736263743,100.0,0.4684065934065934,0.0,100.0,0.4684065934065934,0.0,100.0,0.4684065934065934,0.0,100.0,0.4684065934065934,0.0,100.0,0.4684065934065934,0.0,
71,16,False,0.6328125,0.00520833333333337,100.0,0.6276041666666666,0.0,100.0,0.6276041666666666,0.0,100.0,0.6276041666666666,0.0,100.0,0.6276041666666666,0.0,100.0,0.6276041666666666,0.0,
72,13,False,0.5783475783475783,-0.0641025641025641,100.0,0.6424501424501424,0.0,100.0,0.6424501424501424,0.0,100.0,0.6424501424501424,0.0,100.0,0.6424501424501424,0.0,100.0,0.6424501424501424,0.0,
73,10,False,0.505,-0.09499999999999997,100.0,0.6,0.0,100.0,0.6,0.0,100.0,0.6,0.0,100.0,0.6,0.0,100.0,0.6,0.0,
74,15,False,0.45066666666666666,-0.00933333333333336,100.0,0.46,0.0,100.0,0.46,0.0,100.0,0.46,0.0,100.0,0.46,0.0,100.0,0.46,0.0,
75,16,False,0.47265625,0.03125,100.0,0.44140625,0.0,100.0,0.44140625,0.0,100.0,0.44140625,0.0,100.0,0.44140625,0.0,100.0,0.44140625,0.0,
76,15,False,0.528,-0.013333333333333308,100.0,0.5413333333333333,0.0,100.0,0.5413333333333333,0.0,100.0,0.5413333333333333,0.0,100.0,0.5413333333333333,0.0,100.0,0.5413333333333333,0.0,
77,13,False,0.4772079772079772,-0.004273504273504258,100.0,0.48148148148148145,0.0,100.0,0.48148148148148145,0.0,100.0,0.48148148148148145,0.0,100.0,0.48148148148148145,0.0,100.0,0.48148148148148145,0.0,
78,15,False,0.5906666666666667,0.005333333333333301,100.0,0.5853333333333334,0.0,100.0,0.5853333333333334,0.0,100.0,0.5853333333333334,0.0,100.0,0.5853333333333334,0.0,100.0,0.5853333333333334,0.0,
79,13,False,0.5826210826210826,0.027065527065527006,100.0,0.5555555555555556,0.0,100.0,0.5555555555555556,0.0,100.0,0.5555555555555556,0.0,100.0,0.5555555555555556,0.0,100.0,0.5555555555555556,0.0,
80,17,False,0.629156010230179,-0.01406649616368294,100.0,0.6432225063938619,0.0,100.0,0.6432225063938619,0.0,100.0,0.6432225063938619,0.0,100.0,0.6432225063938619,0.0,100.0,0.6432225063938619,0.0,
81,18,False,0.5063131313131313,-0.04040404040404044,100.0,0.5467171717171717,0.0,100.0,0.5467171717171717,0.0,100.0,0.5467171717171717,0.0,100.0,0.5467171717171717,0.0,100.0,0.5467171717171717,0.0,
82,16,False,0.5911458333333334,0.03515625,100.0,0.5559895833333334,0.0,100.0,0.5559895833333334,0.0,100.0,0.5559895833333334,0.0,100.0,0.5078125,-0.04817708333333337,3.0,0.5559895833333334,0.0,
83,17,False,0.4744245524296675,-0.02301790281329924,100.0,0.49744245524296676,0.0,100.0,0.49744245524296676,0.0,100.0,0.49744245524296676,0.0,100.0,0.49744245524296676,0.0,100.0,0.49744245524296676,0.0,
84,15,False,0.5133333333333333,0.013333333333333308,100.0,0.5,0.0,100.0,0.5,0.0,100.0,0.5,0.0,100.0,0.5,0.0,100.0,0.5,0.0,
85,17,False,0.649616368286445,-0.002557544757033292,100.0,0.6521739130434783,0.0,100.0,0.6521739130434783,0.0,100.0,0.6521739130434783,0.0,100.0,0.6521739130434783,0.0,100.0,0.6521739130434783,0.0,
86,17,False,0.5063938618925832,-0.05882352941176461,100.0,0.5652173913043478,0.0,100.0,0.5652173913043478,0.0,100.0,0.5652173913043478,0.0,100.0,0.5652173913043478,0.0,100.0,0.5652173913043478,0.0,
87,17,False,0.5831202046035806,-0.040920716112531896,100.0,0.6240409207161125,0.0,100.0,0.6240409207161125,0.0,100.0,0.6240409207161125,0.0,100.0,0.6240409207161125,0.0,100.0,0.6240409207161125,0.0,
88,18,False,0.5505050505050505,0.02651515151515149,100.0,0.523989898989899,0.0,100.0,0.523989898989899,0.0,100.0,0.523989898989899,0.0,100.0,0.523989898989899,0.0,100.0,0.523989898989899,0.0,
89,15,False,0.5853333333333334,-0.008000000000000007,100.0,0.5933333333333334,0.0,100.0,0.5933333333333334,0.0,100.0,0.5933333333333334,0.0,100.0,0.5933333333333334,0.0,100.0,0.5933333333333334,0.0,
90,18,False,0.4962121212121212,0.06186868686868685,100.0,0.43434343434343436,0.0,100.0,0.43434343434343436,0.0,100.0,0.43434343434343436,0.0,100.0,0.43434343434343436,0.0,100.0,0.43434343434343436,0.0,
91,14,False,0.603021978021978,0.009615384615384581,100.0,0.5934065934065934,0.0,100.0,0.5934065934065934,0.0,100.0,0.5934065934065934,0.0,100.0,0.5934065934065934,0.0,100.0,0.5934065934065934,0.0,
92,19,False,0.5162907268170426,-0.031328320802005094,100.0,0.5476190476190477,0.0,100.0,0.5476190476190477,0.0,100.0,0.5476190476190477,0.0,100.0,0.5476190476190477,0.0,100.0,0.5476190476190477,0.0,
93,17,False,0.6202046035805626,0.0038363171355498826,100.0,0.6163682864450127,0.0,100.0,0.6163682864450127,0.0,100.0,0.6163682864450127,0.0,100.0,0.6163682864450127,0.0,100.0,0.6163682864450127,0.0,
94,14,False,0.592032967032967,0.012362637362637319,100.0,0.5796703296703297,0.0,100.0,0.5796703296703297,0.0,100.0,0.5796703296703297,0.0,100.0,0.5796703296703297,0.0,100.0,0.5796703296703297,0.0,
95,14,False,0.39697802197802196,-0.046703296703296704,100.0,0.44368131868131866,0.0,100.0,0.44368131868131866,0.0,100.0,0.44368131868131866,0.0,100.0,0.44368131868131866,0.0,100.0,0.44368131868131866,0.0,
96,16,False,0.3893229166666667,-0.02604166666666663,100.0,0.4153645833333333,0.0,100.0,0.4153645833333333,0.0,100.0,0.4153645833333333,0.0,100.0,0.4153645833333333,0.0,100.0,0.4153645833333333,0.0,
97,11,False,0.33699059561128525,-0.06896551724137934,100.0,0.4059561128526646,0.0,100.0,0.4059561128526646,0.0,100.0,0.4059561128526646,0.0,100.0,0.4059561128526646,0.0,100.0,0.4059561128526646,0.0,
98,15,False,0.5066666666666667,0.01600000000000007,100.0,0.49066666666666664,0.0,100.0,0.49066666666666664,0.0,100.0,0.49066666666666664,0.0,100.0,0.49066666666666664,0.0,100.0,0.49066666666666664,0.0,
