family,j,seed,gamma_z,gamma_z1,board,label,mechanism_description,outside_density,predictor,auc,D,logloss,logloss_margin_over_N1,precision_at_n_present,ceiling_full,ceiling_block,regrown_share_full,regrown_share_block,M_real,n_ge,n_shuffles,n_deg,n_valid_shuffles,p_S,p_P,p_P_rowcol,lambda_ko,lambda_full,lambda_block,auc_other_31,auc_fixed_lambda1,p_P_fixed_lambda1
R,0,91100,2.0,0.0,z,R,,0.23894862604540024,rule #2.1,1.0,3.8088525770407977,0.2204357998432073,0.5052190103925581,1.0,1.0,1.0,1.0,1.0,0.48624999999999996,0,99,0,99,0.01,0.0001,0.0001,1.0,1.0,1.0,1.0,1.0,0.0001
R,0,91100,2.0,0.0,z,R,,0.23894862604540024,BF_1,1.0,3.476384948995694,0.21719700765871633,0.5084578025770491,1.0,1.0,1.0,1.0,1.0,0.48624999999999996,0,99,0,99,0.01,0.0001,0.0001,1.0,1.0,1.0,1.0,1.0,0.0001
R,0,91100,2.0,0.0,z,R,,0.23894862604540024,BF_2,0.9975,2.6859633350263987,0.27958297646173136,0.44607183377403403,0.95,1.0,1.0,0.9950000000000001,0.9950000000000001,0.48375,0,99,0,99,0.01,0.0001,0.0001,3.0,3.0,1.0,1.0,0.9975,0.0001
R,0,91100,2.0,0.0,z,R,,0.23894862604540024,BF_3,1.0,2.707452417521481,0.27684519430176147,0.4488096159340039,1.0,1.0,1.0,1.0,1.0,0.48624999999999996,0,99,0,99,0.01,0.0001,0.0001,3.0,3.0,1.0,1.0,1.0,0.0001
R,0,91100,2.0,0.0,z,R,,0.23894862604540024,BF_4,0.9925,2.5778971245484614,0.2958071056930494,0.429847704542716,0.95,1.0,1.0,0.9850000000000001,0.9850000000000001,0.47875,0,99,0,99,0.01,0.0001,0.0001,3.0,3.0,1.0,1.0,0.9725,0.0001
R,0,91100,2.0,0.0,z,R,,0.23894862604540024,N1,0.51375,0.03688970208168019,0.7256548102357654,0.0,0.4,0.515,0.72,0.9166666666666685,0.0625000000000002,0.0,99,99,0,99,1.0,0.4457,0.697,,,,0.5546218487394958,,
R,1,91101,2.0,0.0,z,R,,0.24707287933094385,rule #2.1,1.0,4.222472413878431,0.17821361539862263,0.5492933146933849,1.0,1.0,1.0,1.0,1.0,0.47124999999999995,0,99,0,99,0.01,0.0001,0.0001,1.0,1.0,1.0,1.0,1.0,0.0001
R,1,91101,2.0,0.0,z,R,,0.24707287933094385,BF_1,1.0,3.7899101012901286,0.18255209988381016,0.5449548302081975,1.0,1.0,1.0,1.0,1.0,0.47124999999999995,0,99,0,99,0.01,0.0001,0.0001,1.0,1.0,1.0,1.0,1.0,0.0001
R,1,91101,2.0,0.0,z,R,,0.24707287933094385,BF_2,1.0,2.998965042491016,0.24547027851863415,0.4820366515733735,1.0,1.0,1.0,1.0,1.0,0.47124999999999995,0,99,0,99,0.01,0.0001,0.0001,3.0,3.0,1.0,1.0,1.0,0.0001
R,1,91101,2.0,0.0,z,R,,0.24707287933094385,BF_3,0.9975,2.9540128199462514,0.2508334832323886,0.47667344685961904,0.95,1.0,1.0,0.9950000000000001,0.9950000000000001,0.46875,0,99,0,99,0.01,0.0001,0.0001,3.0,3.0,1.0,1.0,0.99,0.0001
R,1,91101,2.0,0.0,z,R,,0.24707287933094385,BF_4,1.0,3.015301031295328,0.24774906553036652,0.4797578645616411,1.0,1.0,1.0,1.0,1.0,0.47124999999999995,0,99,0,99,0.01,0.0001,0.0001,3.0,3.0,1.0,1.0,0.98,0.0001
R,1,91101,2.0,0.0,z,R,,0.24707287933094385,N1,0.52875,0.04302520719356839,0.7275069300920076,0.0,0.5,0.55125,0.72,0.5609756097560984,0.13068181818181843,0.0,99,99,0,99,1.0,0.3887,0.5,,,,0.6113445378151261,,
R,2,91102,2.0,0.0,z,R,,0.24683393070489845,rule #2.1,1.0,3.4574768137749876,0.2515687029681108,0.4947968829980485,1.0,1.0,1.0,1.0,1.0,0.485,0,99,0,99,0.01,0.0001,0.0001,1.0,1.0,1.0,1.0,1.0,0.0001
R,2,91102,2.0,0.0,z,R,,0.24683393070489845,BF_1,1.0,3.047054274793551,0.2556981599211761,0.4906674260449832,1.0,1.0,1.0,1.0,1.0,0.485,0,99,0,99,0.01,0.0001,0.0001,1.0,1.0,1.0,1.0,1.0,0.0001
R,2,91102,2.0,0.0,z,R,,0.24683393070489845,BF_2,1.0,2.4067179290220366,0.3220435135528795,0.4243220724132798,1.0,1.0,1.0,1.0,1.0,0.485,0,99,0,99,0.01,0.0001,0.0001,3.0,3.0,1.0,1.0,1.0,0.0001
R,2,91102,2.0,0.0,z,R,,0.24683393070489845,BF_3,0.9975,2.3782678352822555,0.3292539030418168,0.41711168292434253,0.95,1.0,1.0,0.9950000000000001,0.9950000000000001,0.48250000000000004,0,99,0,99,0.01,0.0001,0.0001,3.0,3.0,1.0,1.0,0.9875,0.0001
R,2,91102,2.0,0.0,z,R,,0.24683393070489845,BF_4,1.0,2.4521645053602783,0.3205788960038734,0.4257866899622859,1.0,1.0,1.0,1.0,1.0,0.485,0,99,0,99,0.01,0.0001,0.0001,3.0,3.0,1.0,1.0,0.99,0.0001
R,2,91102,2.0,0.0,z,R,,0.24683393070489845,N1,0.515,0.06770508126355701,0.7463655859661593,0.0,0.45,0.52375,0.72,0.6315789473684204,0.06818181818181825,0.0,99,99,0,99,1.0,0.432,0.9471,,,,0.5630252100840336,,
R,3,91103,2.0,0.0,z,R,,0.23990442054958183,rule #2.1,1.0,3.846229747396299,0.24408950604417026,0.5251430576775874,1.0,1.0,1.0,1.0,1.0,0.47,0,99,0,99,0.01,0.0001,0.0001,1.0,1.0,1.0,1.0,1.0,0.0001
R,3,91103,2.0,0.0,z,R,,0.23990442054958183,BF_1,1.0,3.191423738163482,0.2374843420736982,0.5317482216480595,1.0,1.0,1.0,1.0,1.0,0.47,0,99,0,99,0.01,0.0001,0.0001,1.0,1.0,1.0,1.0,1.0,0.0001
R,3,91103,2.0,0.0,z,R,,0.23990442054958183,BF_2,1.0,2.541091014609408,0.3063094312301442,0.46292313249161343,1.0,1.0,1.0,1.0,1.0,0.47,0,99,0,99,0.01,0.0001,0.0001,3.0,3.0,1.0,1.0,1.0,0.0001
R,3,91103,2.0,0.0,z,R,,0.23990442054958183,BF_3,1.0,2.5493614056216067,0.3080482946772106,0.461184269044547,1.0,1.0,1.0,1.0,1.0,0.47,0,99,0,99,0.01,0.0001,0.0001,3.0,3.0,1.0,1.0,1.0,0.0001
R,3,91103,2.0,0.0,z,R,,0.23990442054958183,BF_4,1.0,2.7363298008660717,0.28422292450843945,0.4850096392133182,1.0,1.0,1.0,1.0,1.0,0.47,0,99,0,99,0.01,0.0001,0.0001,3.0,3.0,1.0,1.0,1.0,0.0001
R,3,91103,2.0,0.0,z,R,,0.23990442054958183,N1,0.53,-0.009865074604749724,0.7692325637217576,0.0,0.55,0.55125,0.72,0.5853658536585369,0.1363636363636365,0.0,99,99,0,99,1.0,0.3847,0.0796,,,,0.5630252100840336,,
R,4,91104,2.0,0.0,z,R,,0.23990442054958183,rule #2.1,1.0,3.6906742468266103,0.251702149917772,0.5237453324944485,1.0,1.0,1.0,1.0,1.0,0.5,0,99,0,99,0.01,0.0001,0.0001,1.0,1.0,1.0,1.0,1.0,0.0001
R,4,91104,2.0,0.0,z,R,,0.23990442054958183,BF_1,1.0,3.2719046536158087,0.2357778680304557,0.5396696143817648,1.0,1.0,1.0,1.0,1.0,0.5,0,99,0,99,0.01,0.0001,0.0001,1.0,1.0,1.0,1.0,1.0,0.0001
R,4,91104,2.0,0.0,z,R,,0.23990442054958183,BF_2,0.9975,2.5157062196824853,0.31472655246883663,0.4607209299433839,0.95,1.0,1.0,0.9950000000000001,0.9950000000000001,0.49750000000000005,0,99,0,99,0.01,0.0001,0.0001,3.0,3.0,1.0,1.0,0.9925,0.0001
R,4,91104,2.0,0.0,z,R,,0.23990442054958183,BF_3,0.9975,2.5113765874193215,0.3122599442456379,0.4631875381665826,0.95,1.0,1.0,0.9950000000000001,0.9950000000000001,0.49750000000000005,0,99,0,99,0.01,0.0001,0.0001,3.0,3.0,1.0,1.0,0.9875,0.0001
R,4,91104,2.0,0.0,z,R,,0.23990442054958183,BF_4,0.995,2.369060702351079,0.33103986432972893,0.4444076180824916,0.95,1.0,1.0,0.99,0.99,0.495,0,99,0,99,0.01,0.0001,0.0001,3.0,3.0,1.0,1.0,0.9875,0.0001
R,4,91104,2.0,0.0,z,R,,0.23990442054958183,N1,0.5,-0.09009092971682564,0.7754474824122205,0.0,0.55,0.49625,0.72,,0.0,0.0,99,99,0,99,1.0,0.5077,0.0061,,,,0.5252100840336135,,
Nf,0,91110,0.0,0.0,z,G,orthogonal (rule #2.1's ceiling_full = 0.5038 < 0.90),0.13643966547192354,rule #2.1,0.5125,-0.075011533498764,0.9164807706804169,0.005825653427503519,0.6,0.50375,1.0,3.333333333333294,0.02499999999999991,0.007499999999999951,37,99,0,99,0.38,0.4457,0.0006,100.0,100.0,1.0,0.6113445378151261,0.56,0.26
Nf,0,91110,0.0,0.0,z,G,orthogonal (rule #2.1's ceiling_full = 0.5038 < 0.90),0.13643966547192354,BF_1,0.505,-0.060261957347393036,0.9223064241079204,0.0,0.55,0.48875,1.0,,0.010000000000000009,0.0,97,99,0,99,0.98,0.48,0.0014,100.0,100.0,1.0,0.6071428571428571,0.5575,0.2667
Nf,0,91110,0.0,0.0,z,G,orthogonal (rule #2.1's ceiling_full = 0.5038 < 0.90),0.13643966547192354,BF_2,0.505,-0.060261957347393036,0.9223064241079204,0.0,0.55,0.48875,1.0,,0.010000000000000009,0.0,99,99,0,99,1.0,0.48,0.0014,100.0,100.0,1.0,0.6071428571428571,0.6225,0.0948
Nf,0,91110,0.0,0.0,z,G,orthogonal (rule #2.1's ceiling_full = 0.5038 < 0.90),0.13643966547192354,BF_3,0.505,-0.060261957347393036,0.9223064241079204,0.0,0.55,0.48875,1.0,,0.010000000000000009,0.0,99,99,0,99,1.0,0.48,0.0014,100.0,100.0,1.0,0.6071428571428571,0.5875,0.1732
Nf,0,91110,0.0,0.0,z,G,orthogonal (rule #2.1's ceiling_full = 0.5038 < 0.90),0.13643966547192354,BF_4,0.505,-0.060261957347393036,0.9223064241079204,0.0,0.55,0.48875,1.0,,0.010000000000000009,0.0,99,99,0,99,1.0,0.48,0.0014,100.0,100.0,1.0,0.6071428571428571,0.5525,0.2925
Nf,0,91110,0.0,0.0,z,G,orthogonal (rule #2.1's ceiling_full = 0.5038 < 0.90),0.13643966547192354,N1,0.505,-0.060261957347393036,0.9223064241079204,0.0,0.55,0.48875,0.72,,0.02272727272727275,0.0,99,99,0,99,1.0,0.48,0.0014,,,,0.6071428571428571,,
Nf,1,91111,0.0,0.0,z,G,orthogonal (rule #2.1's ceiling_full = 0.5100 < 0.90),0.13906810035842293,rule #2.1,0.50625,0.003046613745391391,0.8477219707686826,0.01713358203517701,0.55,0.51,1.0,0.6249999999999972,0.012499999999999956,-0.0050000000000000044,58,99,0,99,0.59,0.4737,0.3819,100.0,100.0,1.0,0.542016806722689,0.50125,0.4964
Nf,1,91111,0.0,0.0,z,G,orthogonal (rule #2.1's ceiling_full = 0.5100 < 0.90),0.13906810035842293,BF_1,0.51125,0.010601819865405648,0.8648555528038596,0.0,0.55,0.515,1.0,0.7499999999999981,0.022499999999999964,0.0,96,99,0,99,0.97,0.4529,0.3775,100.0,100.0,1.0,0.5441176470588235,0.49,0.5479
Nf,1,91111,0.0,0.0,z,G,orthogonal (rule #2.1's ceiling_full = 0.5100 < 0.90),0.13906810035842293,BF_2,0.51125,0.010601819865405648,0.8648555528038596,0.0,0.55,0.515,1.0,0.7499999999999981,0.022499999999999964,0.0,99,99,0,99,1.0,0.4529,0.3775,100.0,100.0,1.0,0.5441176470588235,0.5175,0.4377
Nf,1,91111,0.0,0.0,z,G,orthogonal (rule #2.1's ceiling_full = 0.5100 < 0.90),0.13906810035842293,BF_3,0.51125,0.010601819865405648,0.8648555528038596,0.0,0.55,0.515,1.0,0.7499999999999981,0.022499999999999964,0.0,99,99,0,99,1.0,0.4529,0.3775,100.0,100.0,1.0,0.5441176470588235,0.4875,0.5598
Nf,1,91111,0.0,0.0,z,G,orthogonal (rule #2.1's ceiling_full = 0.5100 < 0.90),0.13906810035842293,BF_4,0.51125,0.010601819865405648,0.8648555528038596,0.0,0.55,0.515,1.0,0.7499999999999981,0.022499999999999964,0.0,99,99,0,99,1.0,0.4529,0.3775,100.0,100.0,1.0,0.5441176470588235,0.49,0.552
Nf,1,91111,0.0,0.0,z,G,orthogonal (rule #2.1's ceiling_full = 0.5100 < 0.90),0.13906810035842293,N1,0.51125,0.010601819865405648,0.8648555528038596,0.0,0.55,0.515,0.72,0.7499999999999981,0.05113636363636356,0.0,99,99,0,99,1.0,0.4529,0.3775,,,,0.5441176470588235,,
Nf,2,91112,0.0,0.0,z,G,orthogonal (rule #2.1's ceiling_full = 0.5250 < 0.90),0.13309438470728793,rule #2.1,0.50625,0.0025929054245352745,0.86256550918385,0.005832681079128155,0.45,0.525,1.0,0.2499999999999989,0.012499999999999956,0.0050000000000000044,31,99,0,99,0.32,0.4796,0.4511,100.0,100.0,1.0,0.5777310924369747,0.52,0.4238
Nf,2,91112,0.0,0.0,z,G,orthogonal (rule #2.1's ceiling_full = 0.5250 < 0.90),0.13309438470728793,BF_1,0.50125,-0.020358083606697663,0.8683981902629782,0.0,0.5,0.50375,1.0,0.3333333333333235,0.0024999999999999467,0.0,98,99,0,99,0.99,0.4996,0.3077,100.0,100.0,1.0,0.5756302521008403,0.5075,0.4805
Nf,2,91112,0.0,0.0,z,G,orthogonal (rule #2.1's ceiling_full = 0.5250 < 0.90),0.13309438470728793,BF_2,0.50125,-0.020358083606697663,0.8683981902629782,0.0,0.5,0.50375,1.0,0.3333333333333235,0.0024999999999999467,0.0,99,99,0,99,1.0,0.4996,0.3077,100.0,100.0,1.0,0.5756302521008403,0.475,0.6138
Nf,2,91112,0.0,0.0,z,G,orthogonal (rule #2.1's ceiling_full = 0.5250 < 0.90),0.13309438470728793,BF_3,0.50125,-0.020358083606697663,0.8683981902629782,0.0,0.5,0.50375,1.0,0.3333333333333235,0.0024999999999999467,0.0,99,99,0,99,1.0,0.4996,0.3077,100.0,100.0,1.0,0.5756302521008403,0.46,0.6702
Nf,2,91112,0.0,0.0,z,G,orthogonal (rule #2.1's ceiling_full = 0.5250 < 0.90),0.13309438470728793,BF_4,0.50125,-0.020358083606697663,0.8683981902629782,0.0,0.5,0.50375,1.0,0.3333333333333235,0.0024999999999999467,0.0,98,99,0,99,0.99,0.4996,0.3077,100.0,100.0,1.0,0.5756302521008403,0.44,0.741
Nf,2,91112,0.0,0.0,z,G,orthogonal (rule #2.1's ceiling_full = 0.5250 < 0.90),0.13309438470728793,N1,0.50125,-0.020358083606697663,0.8683981902629782,0.0,0.5,0.50375,0.72,0.3333333333333235,0.005681818181818061,0.0,99,99,0,99,1.0,0.4996,0.3077,,,,0.5756302521008403,,
Nf,3,91113,0.0,0.0,z,G,no information (rule #2.1's ceiling_full = 1.0000 >= 0.90),0.14432497013142173,rule #2.1,0.49875,-0.032404742762446315,0.8219635973179976,-0.004042763164047836,0.55,1.0,1.0,-0.0024999999999999467,-0.0024999999999999467,0.006250000000000033,41,99,0,99,0.42,0.5041,0.1311,100.0,3.0,1.0,0.5714285714285714,0.7975,0.0005
Nf,3,91113,0.0,0.0,z,G,no information (rule #2.1's ceiling_full = 1.0000 >= 0.90),0.14432497013142173,BF_1,0.4925,-0.016280651092529297,0.8179208341539498,0.0,0.5,1.0,1.0,-0.015000000000000013,-0.015000000000000013,0.0,94,99,0,99,0.95,0.5302,0.5092,100.0,3.0,1.0,0.5546218487394958,0.7375,0.005
Nf,3,91113,0.0,0.0,z,G,no information (rule #2.1's ceiling_full = 1.0000 >= 0.90),0.14432497013142173,BF_2,0.4925,-0.016280651092529297,0.8179208341539498,0.0,0.5,0.49875,1.0,,-0.015000000000000013,0.0,98,99,0,99,0.99,0.5302,0.5092,100.0,100.0,1.0,0.5546218487394958,0.76,0.0024
Nf,3,91113,0.0,0.0,z,G,no information (rule #2.1's ceiling_full = 1.0000 >= 0.90),0.14432497013142173,BF_3,0.4925,-0.016280651092529297,0.8179208341539498,0.0,0.5,0.49875,1.0,,-0.015000000000000013,0.0,98,99,0,99,0.99,0.5302,0.5092,100.0,100.0,1.0,0.5546218487394958,0.7375,0.0044
Nf,3,91113,0.0,0.0,z,G,no information (rule #2.1's ceiling_full = 1.0000 >= 0.90),0.14432497013142173,BF_4,0.4925,-0.016280651092529297,0.8179208341539498,0.0,0.5,0.49875,1.0,,-0.015000000000000013,0.0,99,99,0,99,1.0,0.5302,0.5092,100.0,100.0,1.0,0.5546218487394958,0.6425,0.0612
Nf,3,91113,0.0,0.0,z,G,no information (rule #2.1's ceiling_full = 1.0000 >= 0.90),0.14432497013142173,N1,0.4925,-0.016280651092529297,0.8179208341539498,0.0,0.5,0.49875,0.72,,-0.03409090909090912,0.0,99,99,0,99,1.0,0.5302,0.5092,,,,0.5546218487394958,,
Nf,4,91114,0.0,0.0,z,G,orthogonal (rule #2.1's ceiling_full = 0.5500 < 0.90),0.13022700119474312,rule #2.1,0.535,0.04732786193490024,0.8520369445937253,0.007737899087845723,0.55,0.55,1.0,0.7,0.07000000000000006,-0.0050000000000000044,65,99,0,99,0.66,0.3594,0.1688,100.0,100.0,1.0,0.5735294117647058,0.4325,0.7656
Nf,4,91114,0.0,0.0,z,G,orthogonal (rule #2.1's ceiling_full = 0.5500 < 0.90),0.13022700119474312,BF_1,0.54,0.07102973759174347,0.859774843681571,0.0,0.55,0.5675,1.0,0.5925925925925931,0.08000000000000007,0.0,94,99,0,99,0.95,0.3419,0.192,100.0,100.0,1.0,0.5819327731092437,0.4725,0.6218
Nf,4,91114,0.0,0.0,z,G,orthogonal (rule #2.1's ceiling_full = 0.5500 < 0.90),0.13022700119474312,BF_2,0.54,0.07102973759174347,0.859774843681571,0.0,0.55,0.5675,1.0,0.5925925925925931,0.08000000000000007,0.0,99,99,0,99,1.0,0.3419,0.192,100.0,100.0,1.0,0.5819327731092437,0.415,0.822
Nf,4,91114,0.0,0.0,z,G,orthogonal (rule #2.1's ceiling_full = 0.5500 < 0.90),0.13022700119474312,BF_3,0.54,0.07102973759174347,0.859774843681571,0.0,0.55,0.5675,1.0,0.5925925925925931,0.08000000000000007,0.0,99,99,0,99,1.0,0.3419,0.192,100.0,100.0,1.0,0.5819327731092437,0.41,0.8346
Nf,4,91114,0.0,0.0,z,G,orthogonal (rule #2.1's ceiling_full = 0.5500 < 0.90),0.13022700119474312,BF_4,0.54,0.07102973759174347,0.859774843681571,0.0,0.55,0.5675,1.0,0.5925925925925931,0.08000000000000007,0.0,99,99,0,99,1.0,0.3419,0.192,100.0,100.0,1.0,0.5819327731092437,0.44,0.7408
Nf,4,91114,0.0,0.0,z,G,orthogonal (rule #2.1's ceiling_full = 0.5500 < 0.90),0.13022700119474312,N1,0.54,0.07102973759174347,0.859774843681571,0.0,0.55,0.5675,0.72,0.5925925925925931,0.181818181818182,0.0,99,99,0,99,1.0,0.3419,0.192,,,,0.5819327731092437,,
No,0,91120,2.0,0.0,z',G,orthogonal (rule #2.1's ceiling_full = 0.4825 < 0.90),0.24133811230585425,rule #2.1,0.485,-0.07575449487821051,1.1076170888094041,-0.3406693929838669,0.5,0.4825,1.0,,-0.030000000000000027,-0.0050000000000000044,66,99,0,99,0.67,0.5673,0.504,1.0,1.0,1.0,0.41228070175438597,0.485,0.5673
No,0,91120,2.0,0.0,z',G,orthogonal (rule #2.1's ceiling_full = 0.4825 < 0.90),0.24133811230585425,BF_1,0.485,-0.07563675893723226,1.026548896935219,-0.25960120110968177,0.5,0.4825,1.0,,-0.030000000000000027,-0.0050000000000000044,98,99,0,99,0.99,0.5668,0.5047,1.0,1.0,1.0,0.4298245614035088,0.485,0.5668
No,0,91120,2.0,0.0,z',G,orthogonal (rule #2.1's ceiling_full = 0.4825 < 0.90),0.24133811230585425,BF_2,0.5,-0.025063794666297712,0.9317002178649314,-0.16475252203939417,0.5,0.78,1.0,0.0,0.0,0.010000000000000009,0,99,0,99,0.01,0.5045,0.4084,3.0,3.0,1.0,0.42543859649122806,0.4875,0.5515
No,0,91120,2.0,0.0,z',G,orthogonal (rule #2.1's ceiling_full = 0.4825 < 0.90),0.24133811230585425,BF_3,0.4975,-0.002695885832728173,0.9227892345469719,-0.1558415387214347,0.5,0.8225,1.0,-0.007751937984496131,-0.0050000000000000044,0.007500000000000007,0,99,0,99,0.01,0.5144,0.4643,3.0,3.0,1.0,0.40350877192982454,0.4825,0.5686
No,0,91120,2.0,0.0,z',G,orthogonal (rule #2.1's ceiling_full = 0.4825 < 0.90),0.24133811230585425,BF_4,0.49,-0.027239321156248664,0.9285562250144537,-0.16160852918891644,0.5,0.8375,1.0,-0.029629629629629655,-0.020000000000000018,0.0,99,99,0,99,1.0,0.5455,0.5157,3.0,3.0,1.0,0.40350877192982454,0.495,0.5203
No,0,91120,2.0,0.0,z',G,orthogonal (rule #2.1's ceiling_full = 0.4825 < 0.90),0.24133811230585425,N1,0.49,-0.05931313466280702,0.7669476958255372,0.0,0.5,0.49375,0.6,,-0.10000000000000012,0.0,99,99,0,99,1.0,0.5419,0.0152,,,,0.5833333333333334,,
No,1,91121,2.0,0.0,z',G,orthogonal (rule #2.1's ceiling_full = 0.5000 < 0.90),0.24778972520908005,rule #2.1,0.505,-0.06941419833370899,1.1545738600000952,-0.4135108463179189,0.5,0.5,1.0,,0.010000000000000009,0.017500000000000016,22,99,0,99,0.23,0.4836,0.4617,1.0,1.0,1.0,0.4649122807017544,0.505,0.4836
No,1,91121,2.0,0.0,z',G,orthogonal (rule #2.1's ceiling_full = 0.5000 < 0.90),0.24778972520908005,BF_1,0.48,-0.06464768051151282,1.0264045347260695,-0.2853415210438932,0.5,0.4975,1.0,,-0.040000000000000036,-0.007500000000000007,98,99,0,99,0.99,0.5856,0.5813,1.0,1.0,1.0,0.41228070175438597,0.48,0.5856
No,1,91121,2.0,0.0,z',G,orthogonal (rule #2.1's ceiling_full = 0.5000 < 0.90),0.24778972520908005,BF_2,0.4975,-0.0769844154367938,0.9276992953320373,-0.186636281649861,0.5,0.5125,1.0,-0.2000000000000009,-0.0050000000000000044,0.010000000000000009,0,99,0,99,0.01,0.5095,0.495,3.0,3.0,1.0,0.41228070175438597,0.515,0.4364
No,1,91121,2.0,0.0,z',G,orthogonal (rule #2.1's ceiling_full = 0.5000 < 0.90),0.24778972520908005,BF_3,0.475,-0.09690970612968564,0.8974833402487544,-0.15642032656657812,0.5,0.895,1.0,-0.06329113924050639,-0.050000000000000044,-0.012500000000000011,99,99,0,99,1.0,0.5973,0.5812,3.0,3.0,1.0,0.38596491228070173,0.5,0.4979
No,1,91121,2.0,0.0,z',G,orthogonal (rule #2.1's ceiling_full = 0.5000 < 0.90),0.24778972520908005,BF_4,0.495,-0.10236511897071388,0.910082905326138,-0.1690198916439617,0.5,0.93,1.0,-0.011627906976744195,-0.010000000000000009,0.007500000000000007,0,99,0,99,0.01,0.5155,0.5033,3.0,3.0,1.0,0.41228070175438597,0.4875,0.5528
No,1,91121,2.0,0.0,z',G,orthogonal (rule #2.1's ceiling_full = 0.5000 < 0.90),0.24778972520908005,N1,0.4875,-0.016211628448218107,0.7410630136821763,0.0,0.5,0.50375,0.6,-3.3333333333333086,-0.12500000000000014,0.0,99,99,0,99,1.0,0.5528,0.5792,,,,0.4407894736842105,,
No,2,91122,2.0,0.0,z',G,orthogonal (rule #2.1's ceiling_full = 0.5050 < 0.90),0.24850657108721624,rule #2.1,0.4725,-0.1681002611982262,1.2013119908764687,-0.4452358430765937,0.5,0.505,1.0,-5.5,-0.05500000000000005,-0.02250000000000002,86,99,0,99,0.87,0.6139,0.5823,1.0,1.0,1.0,0.34649122807017546,0.4725,0.6139
No,2,91122,2.0,0.0,z',G,orthogonal (rule #2.1's ceiling_full = 0.5050 < 0.90),0.24850657108721624,BF_1,0.4875,-0.13799340723253517,1.0922772899302138,-0.3362011421303388,0.5,0.515,1.0,-0.8333333333333334,-0.025000000000000022,-0.007500000000000007,98,99,0,99,0.99,0.5495,0.5346,1.0,1.0,1.0,0.3684210526315789,0.4875,0.5495
No,2,91122,2.0,0.0,z',G,orthogonal (rule #2.1's ceiling_full = 0.5050 < 0.90),0.24850657108721624,BF_2,0.49,-0.10083456604615199,0.9759662133616605,-0.21989006556178547,0.5,0.8225,1.0,-0.031007751937984523,-0.020000000000000018,-0.0050000000000000044,99,99,0,99,1.0,0.5443,0.526,3.0,3.0,1.0,0.35964912280701755,0.4825,0.577
No,2,91122,2.0,0.0,z',G,orthogonal (rule #2.1's ceiling_full = 0.5050 < 0.90),0.24850657108721624,BF_3,0.5,-0.07215516531720534,0.9631523918659081,-0.2070762440660331,0.5,0.83,1.0,0.0,0.0,0.0050000000000000044,0,99,0,99,0.01,0.4995,0.4947,3.0,3.0,1.0,0.37280701754385964,0.4875,0.5496
No,2,91122,2.0,0.0,z',G,orthogonal (rule #2.1's ceiling_full = 0.5050 < 0.90),0.24850657108721624,BF_4,0.5275,-0.02864706317373611,0.9619624409303036,-0.2058862931304286,0.5,0.8325,1.0,0.08270676691729313,0.05499999999999994,0.03249999999999997,0,99,0,99,0.01,0.3829,0.39,3.0,3.0,1.0,0.41228070175438597,0.5075,0.4661
No,2,91122,2.0,0.0,z',G,orthogonal (rule #2.1's ceiling_full = 0.5050 < 0.90),0.24850657108721624,N1,0.495,-0.01719220504164698,0.756076147799875,0.0,0.5,0.49625,0.6,,-0.05000000000000006,0.0,99,99,0,99,1.0,0.5304,0.4495,,,,0.44298245614035087,,
No,3,91123,2.0,0.0,z',G,orthogonal (rule #2.1's ceiling_full = 0.4838 < 0.90),0.2530465949820789,rule #2.1,0.4525,-0.22574965129759406,1.2002091060032614,-0.44506985437614033,0.5,0.48375,1.0,,-0.09499999999999997,-0.01749999999999996,74,99,0,99,0.75,0.6926,0.5921,1.0,1.0,1.0,0.4166666666666667,0.4525,0.6926
No,3,91123,2.0,0.0,z',G,orthogonal (rule #2.1's ceiling_full = 0.4838 < 0.90),0.2530465949820789,BF_1,0.445,-0.19202850511203023,1.0897489688715938,-0.33460971724447275,0.5,0.46,1.0,,-0.10999999999999999,-0.024999999999999967,99,99,0,99,1.0,0.7237,0.6249,1.0,1.0,1.0,0.3815789473684211,0.445,0.7237
No,3,91123,2.0,0.0,z',G,orthogonal (rule #2.1's ceiling_full = 0.4838 < 0.90),0.2530465949820789,BF_2,0.4375,-0.20550818044844388,0.9801674324007401,-0.22502818077361908,0.5,0.4875,1.0,,-0.125,-0.03249999999999997,99,99,0,99,1.0,0.7471,0.6775,3.0,3.0,1.0,0.39473684210526316,0.4225,0.8004
No,3,91123,2.0,0.0,z',G,orthogonal (rule #2.1's ceiling_full = 0.4838 < 0.90),0.2530465949820789,BF_3,0.445,-0.24017245734684672,0.9953194278252184,-0.2401801761980974,0.5,0.7925,1.0,-0.18803418803418803,-0.10999999999999999,-0.024999999999999967,99,99,0,99,1.0,0.7243,0.6559,3.0,3.0,1.0,0.3991228070175439,0.4475,0.7141
No,3,91123,2.0,0.0,z',G,orthogonal (rule #2.1's ceiling_full = 0.4838 < 0.90),0.2530465949820789,BF_4,0.4475,-0.254996436733843,1.0032359624832976,-0.24809671085617657,0.5,0.815,1.0,-0.16666666666666666,-0.10499999999999998,-0.022499999999999964,99,99,0,99,1.0,0.7139,0.6793,3.0,3.0,1.0,0.38596491228070173,0.4225,0.7987
No,3,91123,2.0,0.0,z',G,orthogonal (rule #2.1's ceiling_full = 0.4838 < 0.90),0.2530465949820789,N1,0.47,-0.05890415348112582,0.755139251627121,0.0,0.5,0.47625,0.6,,-0.3000000000000003,0.0,99,99,0,99,1.0,0.636,0.4122,,,,0.5372807017543859,,
No,4,91124,2.0,0.0,z',G,orthogonal (rule #2.1's ceiling_full = 0.5162 < 0.90),0.2719235364396655,rule #2.1,0.51,-0.007292239762209274,1.2115529937730565,-0.3115919866237147,0.5,0.51625,1.0,0.6153846153846164,0.020000000000000018,0.02250000000000002,4,99,0,99,0.05,0.4599,0.4472,1.0,1.0,1.0,0.4605263157894737,0.51,0.4599
No,4,91124,2.0,0.0,z',G,orthogonal (rule #2.1's ceiling_full = 0.5162 < 0.90),0.2719235364396655,BF_1,0.4975,-0.09340354382780813,1.1332855787213478,-0.23332457157200603,0.5,0.53,1.0,-0.08333333333333333,-0.0050000000000000044,0.010000000000000009,0,99,0,99,0.01,0.5121,0.4763,1.0,1.0,1.0,0.4517543859649123,0.4975,0.5121
No,4,91124,2.0,0.0,z',G,orthogonal (rule #2.1's ceiling_full = 0.5162 < 0.90),0.2719235364396655,BF_2,0.4825,-0.09213417445338334,1.0129276828740177,-0.11296667572467589,0.5,0.5625,1.0,-0.28000000000000025,-0.03500000000000003,-0.0050000000000000044,99,99,0,99,1.0,0.5739,0.5217,3.0,3.0,1.0,0.4298245614035088,0.5,0.4995
No,4,91124,2.0,0.0,z',G,orthogonal (rule #2.1's ceiling_full = 0.5162 < 0.90),0.2719235364396655,BF_3,0.4825,-0.10135486327828891,1.028613550965128,-0.12865254381578617,0.5,0.705,1.0,-0.08536585365853668,-0.03500000000000003,-0.0050000000000000044,99,99,0,99,1.0,0.5754,0.5115,3.0,3.0,1.0,0.42543859649122806,0.47,0.6252
No,4,91124,2.0,0.0,z',G,orthogonal (rule #2.1's ceiling_full = 0.5162 < 0.90),0.2719235364396655,BF_4,0.465,-0.1323643393511187,1.0360648455353823,-0.13610383838604045,0.5,0.775,1.0,-0.12727272727272718,-0.06999999999999995,-0.022499999999999964,99,99,0,99,1.0,0.6486,0.594,3.0,3.0,1.0,0.3991228070175439,0.4525,0.6942
No,4,91124,2.0,0.0,z',G,orthogonal (rule #2.1's ceiling_full = 0.5162 < 0.90),0.2719235364396655,N1,0.4875,-0.03546164929866791,0.8999610071493418,0.0,0.5,0.4875,0.6,,-0.12500000000000014,0.0,99,99,0,99,1.0,0.5603,0.6687,,,,0.5175438596491229,,
W,0,91130,1.5,2.5,z,W,,0.3056152927120669,rule #2.1,0.48875,-0.03631818093425987,1.11090356513941,-0.3906254532400315,0.5,0.50375,1.0,-2.9999999999999702,-0.022499999999999964,-0.04625000000000001,93,99,0,99,0.94,0.5461,0.5307,1.0,1.0,1.0,0.39915966386554624,0.48875,0.5461
W,0,91130,1.5,2.5,z,W,,0.3056152927120669,BF_1,0.4925,0.004515959536328773,1.0134733314524054,-0.29319521955302696,0.5,0.485,1.0,,-0.015000000000000013,-0.04250000000000004,99,99,0,99,1.0,0.5337,0.5276,1.0,1.0,1.0,0.40756302521008403,0.4925,0.5337
W,0,91130,1.5,2.5,z,W,,0.3056152927120669,BF_2,0.7175,1.4319790013473424,0.7529977062837725,-0.03271959438439409,0.55,0.8325,1.0,0.6541353383458647,0.43500000000000005,0.1825,0,99,0,99,0.01,0.0088,0.0172,1.0,1.0,1.0,0.6512605042016807,0.7175,0.0088
W,0,91130,1.5,2.5,z,W,,0.3056152927120669,BF_3,0.6975,1.4295852575398003,0.7945227244598942,-0.07424461256051584,0.6,0.8925,1.0,0.5031847133757963,0.395,0.16249999999999998,0,99,0,99,0.01,0.0166,0.0223,1.0,1.0,1.0,0.6092436974789915,0.6975,0.0166
W,0,91130,1.5,2.5,z,W,,0.3056152927120669,BF_4,0.6775,0.8303324560176087,0.7401852303881171,-0.019907118488738718,0.6,0.8425,1.0,0.5182481751824817,0.355,0.14249999999999996,0,99,0,99,0.01,0.0295,0.0403,3.0,3.0,1.0,0.5882352941176471,0.69,0.0211
W,0,91130,1.5,2.5,z,W,,0.3056152927120669,N1,0.535,0.05280309314839543,0.7202781118993784,0.0,0.55,0.525,0.72,1.4,0.15909090909090925,0.0,99,99,0,99,1.0,0.3488,0.8443,,,,0.6134453781512605,,
W,1,91131,1.5,2.5,z,W,,0.2996415770609319,rule #2.1,0.515,-0.02865999039523215,1.0680376233962572,-0.31935748405353337,0.5,0.5025,1.0,6.000000000000133,0.030000000000000027,0.012500000000000067,19,99,0,99,0.2,0.4418,0.44,1.0,1.0,1.0,0.40336134453781514,0.515,0.4418
W,1,91131,1.5,2.5,z,W,,0.2996415770609319,BF_1,0.505,-0.031985106442633804,1.0030412486864442,-0.25436110934372036,0.5,0.515,1.0,0.3333333333333333,0.010000000000000009,0.0025000000000000577,1,99,0,99,0.02,0.4843,0.4777,1.0,1.0,1.0,0.3865546218487395,0.505,0.4843
W,1,91131,1.5,2.5,z,W,,0.2996415770609319,BF_2,0.81,2.638979701482864,0.628528336630212,0.1201518027125118,0.75,0.9175,1.0,0.7425149700598804,0.6200000000000001,0.3075000000000001,0,99,0,99,0.01,0.0005,0.0023,1.0,1.0,1.0,0.7563025210084033,0.81,0.0005
W,1,91131,1.5,2.5,z,W,,0.2996415770609319,BF_3,0.785,2.6416656826220986,0.6702327689661048,0.07844737037661897,0.75,0.9075,1.0,0.6993865030674847,0.5700000000000001,0.2825000000000001,0,99,0,99,0.01,0.0014,0.0055,1.0,3.0,1.0,0.7100840336134454,0.785,0.0014
W,1,91131,1.5,2.5,z,W,,0.2996415770609319,BF_4,0.74,1.391200732363675,0.6510361419650647,0.09764399737765916,0.7,0.9175,1.0,0.5748502994011976,0.48,0.23750000000000004,0,99,0,99,0.01,0.0053,0.0155,3.0,3.0,1.0,0.6596638655462185,0.745,0.0036
W,1,91131,1.5,2.5,z,W,,0.2996415770609319,N1,0.5025,0.00928773283958434,0.7486801393427238,0.0,0.5,0.5,0.72,,0.011363636363636123,0.0,99,99,0,99,1.0,0.4954,0.5233,,,,0.5294117647058824,,
W,2,91132,1.5,2.5,z,W,,0.28721624850657107,rule #2.1,0.4925,-0.02597660849987571,1.068120448969499,-0.3437732549564736,0.5,0.50875,1.0,-0.8571428571428544,-0.015000000000000013,-0.028749999999999998,94,99,0,99,0.95,0.5377,0.5688,1.0,1.0,1.0,0.3907563025210084,0.4925,0.5377
W,2,91132,1.5,2.5,z,W,,0.28721624850657107,BF_1,0.4925,-0.004972493504915576,0.9633970586129872,-0.2390498645999617,0.5,0.5125,1.0,-0.6000000000000026,-0.015000000000000013,-0.028749999999999998,99,99,0,99,1.0,0.5382,0.5762,1.0,1.0,1.0,0.3865546218487395,0.4925,0.5382
W,2,91132,1.5,2.5,z,W,,0.28721624850657107,BF_2,0.75,2.0838359018836936,0.6179520555733796,0.10639513843964588,0.5,0.8925,1.0,0.6369426751592357,0.5,0.22875,0,99,0,99,0.01,0.0036,0.0095,1.0,1.0,1.0,0.6638655462184874,0.75,0.0036
W,2,91132,1.5,2.5,z,W,,0.28721624850657107,BF_3,0.725,1.838500703082153,0.7037270764906064,0.0206201175224191,0.5,0.945,1.0,0.5056179775280899,0.44999999999999996,0.20375,0,99,0,99,0.01,0.0085,0.0156,1.0,1.0,1.0,0.6260504201680672,0.725,0.0085
W,2,91132,1.5,2.5,z,W,,0.28721624850657107,BF_4,0.725,1.0441615888217177,0.688143611449291,0.03620358256373446,0.55,0.9475,1.0,0.5027932960893854,0.44999999999999996,0.20375,0,99,0,99,0.01,0.0081,0.015,3.0,1.0,1.0,0.6260504201680672,0.71,0.012
W,2,91132,1.5,2.5,z,W,,0.28721624850657107,N1,0.52125,0.037410621996968985,0.7243471940130255,0.0,0.5,0.5225,0.72,0.9444444444444455,0.09659090909090906,0.0,99,99,0,99,1.0,0.414,0.6724,,,,0.5252100840336135,,
W,3,91133,1.5,2.5,z,W,,0.2919952210274791,rule #2.1,0.545,0.13077914608578423,1.0839767769955042,-0.3486880053539011,0.5,0.5525,1.0,0.8571428571428581,0.09000000000000008,0.040000000000000036,7,99,0,99,0.08,0.3205,0.3345,1.0,1.0,1.0,0.542016806722689,0.545,0.3205
W,3,91133,1.5,2.5,z,W,,0.2919952210274791,BF_1,0.5425,0.10391403315116815,1.0009131144981502,-0.2656243428565471,0.5,0.5525,1.0,0.8095238095238093,0.08499999999999996,0.03749999999999998,0,99,0,99,0.01,0.3279,0.3306,1.0,1.0,1.0,0.5336134453781513,0.5425,0.3279
W,3,91133,1.5,2.5,z,W,,0.2919952210274791,BF_2,0.745,1.9976085242382742,0.7066604312522261,0.028628340389377005,0.5,0.8425,1.0,0.7153284671532846,0.49,0.24,0,99,0,99,0.01,0.0047,0.015,1.0,1.0,1.0,0.6596638655462185,0.745,0.0047
W,3,91133,1.5,2.5,z,W,,0.2919952210274791,BF_3,0.7225,1.7518687871317025,0.8057678325453079,-0.07047906090370482,0.5,0.89,1.0,0.5705128205128206,0.44500000000000006,0.21750000000000003,0,99,0,99,0.01,0.0087,0.0195,1.0,1.0,1.0,0.6218487394957983,0.7225,0.0087
W,3,91133,1.5,2.5,z,W,,0.2919952210274791,BF_4,0.7175,1.0528616112580116,0.7319054063340479,0.0033833653075552306,0.5,0.9475,1.0,0.48603351955307267,0.43500000000000005,0.21250000000000002,0,99,0,99,0.01,0.0113,0.0229,3.0,1.0,1.0,0.6134453781512605,0.7225,0.0093
W,3,91133,1.5,2.5,z,W,,0.2919952210274791,N1,0.505,-0.006895510014146566,0.7352887716416031,0.0,0.5,0.50375,0.72,1.3333333333333235,0.02272727272727275,0.0,99,99,0,99,1.0,0.479,0.1956,,,,0.5588235294117647,,
W,4,91134,1.5,2.5,z,W,,0.2941457586618877,rule #2.1,0.5425,0.25326731409710723,0.9833412601842892,-0.2575113752483468,0.5,0.56,1.0,0.7083333333333324,0.08499999999999996,0.06124999999999997,0,99,0,99,0.01,0.3297,0.3544,1.0,1.0,1.0,0.4957983193277311,0.5425,0.3297
W,4,91134,1.5,2.5,z,W,,0.2941457586618877,BF_1,0.545,0.2796364948178294,0.9027762974707588,-0.17694641253481636,0.5,0.565,1.0,0.6923076923076935,0.09000000000000008,0.06375000000000003,0,99,0,99,0.01,0.3185,0.3265,1.0,1.0,1.0,0.5042016806722689,0.545,0.3185
W,4,91134,1.5,2.5,z,W,,0.2941457586618877,BF_2,0.7625,2.3911248712271256,0.5949210212957012,0.13090886364024124,0.55,0.9025,1.0,0.6521739130434782,0.5249999999999999,0.28124999999999994,0,99,0,99,0.01,0.0027,0.0082,1.0,1.0,1.0,0.680672268907563,0.7625,0.0027
W,4,91134,1.5,2.5,z,W,,0.2941457586618877,BF_3,0.715,2.0808141726422793,0.7377478491479567,-0.011917964212014187,0.55,0.9375,1.0,0.4914285714285714,0.42999999999999994,0.23374999999999996,0,99,0,99,0.01,0.0103,0.0267,1.0,1.0,1.0,0.6176470588235294,0.715,0.0103
W,4,91134,1.5,2.5,z,W,,0.2941457586618877,BF_4,0.7125,1.220224810899009,0.6731114706216923,0.05271841431425017,0.6,0.9325,1.0,0.49132947976878616,0.42500000000000004,0.23125,0,99,0,99,0.01,0.0104,0.0292,3.0,3.0,1.0,0.6050420168067226,0.6825,0.0274
W,4,91134,1.5,2.5,z,W,,0.2941457586618877,N1,0.48125,0.000312459841370627,0.7258298849359425,0.0,0.45,0.485,0.72,,-0.0852272727272727,0.0,99,99,0,99,1.0,0.5817,0.9193,,,,0.5252100840336135,,
M0.5,0,91140,0.5,0.0,z,U,,0.14336917562724014,rule #2.1,0.63,0.26825113403680967,0.852911595560569,0.05757186072918974,0.55,0.9375,1.0,0.29714285714285715,0.26,0.09999999999999998,0,99,0,99,0.01,0.0867,0.0006,3.0,3.0,1.0,0.680672268907563,0.625,0.0938
M0.5,0,91140,0.5,0.0,z,U,,0.14336917562724014,BF_1,0.6225,0.25441539749168607,0.8612503716630412,0.049233084626717494,0.55,0.9475,1.0,0.27374301675977664,0.2450000000000001,0.09250000000000003,0,99,0,99,0.01,0.1003,0.0012,3.0,3.0,1.0,0.6638655462184874,0.64,0.0714
M0.5,0,91140,0.5,0.0,z,U,,0.14336917562724014,BF_2,0.665,0.46563374963420223,0.8249390300754991,0.08554442621425962,0.6,0.9875,1.0,0.3384615384615385,0.33000000000000007,0.135,0,99,0,99,0.01,0.0389,0.0001,3.0,3.0,1.0,0.726890756302521,0.7575,0.0018
M0.5,0,91140,0.5,0.0,z,U,,0.14336917562724014,BF_3,0.53,0.0049088399857282194,0.9104834562897587,0.0,0.5,0.9925,1.0,0.060913705583756396,0.06000000000000005,0.0,99,99,0,99,1.0,0.3823,0.1723,100.0,3.0,1.0,0.5567226890756303,0.735,0.0046
M0.5,0,91140,0.5,0.0,z,U,,0.14336917562724014,BF_4,0.53,0.0049088399857282194,0.9104834562897587,0.0,0.5,0.99,1.0,0.06122448979591842,0.06000000000000005,0.0,99,99,0,99,1.0,0.3823,0.1723,100.0,3.0,1.0,0.5567226890756303,0.7175,0.0095
M0.5,0,91140,0.5,0.0,z,U,,0.14336917562724014,N1,0.53,0.0049088399857282194,0.9104834562897587,0.0,0.5,0.54125,0.72,0.7272727272727277,0.1363636363636365,0.0,99,99,0,99,1.0,0.3823,0.1723,,,,0.5567226890756303,,
M0.5,1,91141,0.5,0.0,z,U,,0.15197132616487455,rule #2.1,0.62125,0.30857830186829893,0.8040024173942857,0.05841311101107083,0.65,0.98,1.0,0.25260416666666663,0.24249999999999994,0.09875,0,99,0,99,0.01,0.0963,0.0021,3.0,3.0,1.0,0.6785714285714286,0.695,0.0187
M0.5,1,91141,0.5,0.0,z,U,,0.15197132616487455,BF_1,0.6175,0.32038737756707414,0.7984778307165333,0.06393769768882318,0.65,0.9775,1.0,0.24607329842931946,0.2350000000000001,0.09500000000000008,0,99,0,99,0.01,0.1043,0.0016,3.0,3.0,1.0,0.680672268907563,0.6975,0.0179
M0.5,1,91141,0.5,0.0,z,U,,0.15197132616487455,BF_2,0.5225,0.03629915267229067,0.8624155284053565,0.0,0.6,0.5425,1.0,0.5294117647058817,0.04499999999999993,0.0,99,99,0,99,1.0,0.4123,0.4369,100.0,100.0,1.0,0.5798319327731093,0.7675,0.0021
M0.5,1,91141,0.5,0.0,z,U,,0.15197132616487455,BF_3,0.5225,0.03629915267229067,0.8624155284053565,0.0,0.6,0.5425,1.0,0.5294117647058817,0.04499999999999993,0.0,99,99,0,99,1.0,0.4123,0.4369,100.0,100.0,1.0,0.5798319327731093,0.63,0.0847
M0.5,1,91141,0.5,0.0,z,U,,0.15197132616487455,BF_4,0.5225,0.03629915267229067,0.8624155284053565,0.0,0.6,0.5425,1.0,0.5294117647058817,0.04499999999999993,0.0,99,99,0,99,1.0,0.4123,0.4369,100.0,100.0,1.0,0.5798319327731093,0.73,0.0056
M0.5,1,91141,0.5,0.0,z,U,,0.15197132616487455,N1,0.5225,0.03629915267229067,0.8624155284053565,0.0,0.6,0.5425,0.72,0.5294117647058817,0.10227272727272713,0.0,99,99,0,99,1.0,0.4123,0.4369,,,,0.5798319327731093,,
M0.5,2,91142,0.5,0.0,z,G,no information (rule #2.1's ceiling_full = 0.9900 >= 0.90),0.14313022700119474,rule #2.1,0.4875,0.005803083255887076,0.8611477743990186,0.01620929966754292,0.5,0.99,1.0,-0.025510204081632678,-0.025000000000000022,0.007500000000000007,31,99,0,99,0.32,0.5522,0.772,100.0,3.0,1.0,0.6008403361344538,0.52625,0.3885
M0.5,2,91142,0.5,0.0,z,G,no information (rule #2.1's ceiling_full = 0.9900 >= 0.90),0.14313022700119474,BF_1,0.48,-0.011021002754569187,0.8773570740665615,0.0,0.5,0.99,1.0,-0.04081632653061228,-0.040000000000000036,0.0,97,99,0,99,0.98,0.5851,0.7783,100.0,3.0,1.0,0.5945378151260504,0.5175,0.4269
M0.5,2,91142,0.5,0.0,z,G,no information (rule #2.1's ceiling_full = 0.9900 >= 0.90),0.14313022700119474,BF_2,0.48,-0.011021002754569187,0.8773570740665615,0.0,0.5,0.4975,1.0,,-0.040000000000000036,0.0,97,99,0,99,0.98,0.5851,0.7783,100.0,100.0,1.0,0.5945378151260504,0.5775,0.2094
M0.5,2,91142,0.5,0.0,z,G,no information (rule #2.1's ceiling_full = 0.9900 >= 0.90),0.14313022700119474,BF_3,0.48,-0.011021002754569187,0.8773570740665615,0.0,0.5,0.4975,1.0,,-0.040000000000000036,0.0,99,99,0,99,1.0,0.5851,0.7783,100.0,100.0,1.0,0.5945378151260504,0.615,0.1105
M0.5,2,91142,0.5,0.0,z,G,no information (rule #2.1's ceiling_full = 0.9900 >= 0.90),0.14313022700119474,BF_4,0.48,-0.011021002754569187,0.8773570740665615,0.0,0.5,0.4975,1.0,,-0.040000000000000036,0.0,99,99,0,99,1.0,0.5851,0.7783,100.0,100.0,1.0,0.5945378151260504,0.7025,0.0157
M0.5,2,91142,0.5,0.0,z,G,no information (rule #2.1's ceiling_full = 0.9900 >= 0.90),0.14313022700119474,N1,0.48,-0.011021002754569187,0.8773570740665615,0.0,0.5,0.4975,0.72,,-0.090909090909091,0.0,99,99,0,99,1.0,0.5851,0.7783,,,,0.5945378151260504,,
M0.5,3,91143,0.5,0.0,z,R,,0.14790919952210274,rule #2.1,0.7675,0.7416994672516893,0.6968630807034046,0.1919567251323474,0.7,0.9925,1.0,0.5431472081218273,0.5349999999999999,0.27999999999999997,0,99,0,99,0.01,0.0015,0.0001,3.0,3.0,1.0,0.8025210084033614,0.87375,0.0001
M0.5,3,91143,0.5,0.0,z,R,,0.14790919952210274,BF_1,0.755,0.7317455619151071,0.7105573676208102,0.1782624382149418,0.7,0.9925,1.0,0.5177664974619289,0.51,0.2675,0,99,0,99,0.01,0.0028,0.0001,3.0,3.0,1.0,0.7857142857142857,0.875,0.0001
M0.5,3,91143,0.5,0.0,z,R,,0.14790919952210274,BF_2,0.4875,-0.07119775470346212,0.888819805835752,0.0,0.5,0.9825,1.0,-0.025906735751295356,-0.025000000000000022,0.0,98,99,0,99,0.99,0.5605,0.2197,100.0,3.0,1.0,0.5357142857142857,0.7675,0.002
M0.5,3,91143,0.5,0.0,z,R,,0.14790919952210274,BF_3,0.4875,-0.07119775470346212,0.888819805835752,0.0,0.5,0.9875,1.0,-0.02564102564102566,-0.025000000000000022,0.0,99,99,0,99,1.0,0.5605,0.2197,100.0,3.0,1.0,0.5357142857142857,0.7575,0.0023
M0.5,3,91143,0.5,0.0,z,R,,0.14790919952210274,BF_4,0.4875,-0.07119775470346212,0.888819805835752,0.0,0.5,0.99,1.0,-0.025510204081632678,-0.025000000000000022,0.0,99,99,0,99,1.0,0.5605,0.2197,100.0,3.0,1.0,0.5357142857142857,0.72,0.0085
M0.5,3,91143,0.5,0.0,z,R,,0.14790919952210274,N1,0.4875,-0.07119775470346212,0.888819805835752,0.0,0.5,0.4825,0.72,,-0.05681818181818188,0.0,99,99,0,99,1.0,0.5605,0.2197,,,,0.5357142857142857,,
M0.5,4,91144,0.5,0.0,z,G,no information (rule #2.1's ceiling_full = 0.9975 >= 0.90),0.14599761051373955,rule #2.1,0.51125,0.03592822831124076,0.8253562553607269,0.000793755685712827,0.5,0.9975,1.0,0.02261306532663313,0.022499999999999964,-0.0050000000000000044,47,99,0,99,0.48,0.4644,0.727,100.0,3.0,1.0,0.542016806722689,0.65125,0.0526
M0.5,4,91144,0.5,0.0,z,G,no information (rule #2.1's ceiling_full = 0.9975 >= 0.90),0.14599761051373955,BF_1,0.51625,0.028799089789390497,0.8261500110464397,0.0,0.5,0.9975,1.0,0.03266331658291454,0.03249999999999997,0.0,95,99,0,99,0.96,0.4418,0.5285,100.0,3.0,1.0,0.5504201680672269,0.63,0.0808
M0.5,4,91144,0.5,0.0,z,G,no information (rule #2.1's ceiling_full = 0.9975 >= 0.90),0.14599761051373955,BF_2,0.51625,0.028799089789390497,0.8261500110464397,0.0,0.5,0.51875,1.0,0.8666666666666639,0.03249999999999997,0.0,98,99,0,99,0.99,0.4418,0.5285,100.0,100.0,1.0,0.5504201680672269,0.68,0.0272
M0.5,4,91144,0.5,0.0,z,G,no information (rule #2.1's ceiling_full = 0.9975 >= 0.90),0.14599761051373955,BF_3,0.51625,0.028799089789390497,0.8261500110464397,0.0,0.5,0.51875,1.0,0.8666666666666639,0.03249999999999997,0.0,99,99,0,99,1.0,0.4418,0.5285,100.0,100.0,1.0,0.5504201680672269,0.675,0.0301
M0.5,4,91144,0.5,0.0,z,G,no information (rule #2.1's ceiling_full = 0.9975 >= 0.90),0.14599761051373955,BF_4,0.51625,0.028799089789390497,0.8261500110464397,0.0,0.5,0.51875,1.0,0.8666666666666639,0.03249999999999997,0.0,99,99,0,99,1.0,0.4418,0.5285,100.0,100.0,1.0,0.5504201680672269,0.745,0.0039
M0.5,4,91144,0.5,0.0,z,G,no information (rule #2.1's ceiling_full = 0.9975 >= 0.90),0.14599761051373955,N1,0.51625,0.028799089789390497,0.8261500110464397,0.0,0.5,0.51875,0.72,0.8666666666666639,0.07386363636363631,0.0,99,99,0,99,1.0,0.4418,0.5285,,,,0.5504201680672269,,
M1.0,0,91150,1.0,0.0,z,R,,0.16630824372759856,rule #2.1,0.7675,0.8747742230771258,0.7439037013812293,0.16415386619457717,0.7,0.9525,1.0,0.5911602209944751,0.5349999999999999,0.2825,0,99,0,99,0.01,0.0014,0.0001,1.0,1.0,1.0,0.8067226890756303,0.7675,0.0014
M1.0,0,91150,1.0,0.0,z,R,,0.16630824372759856,BF_1,0.7625,0.8175218182981621,0.7277245978690157,0.1803329697067908,0.65,0.945,1.0,0.5898876404494382,0.5249999999999999,0.27749999999999997,0,99,0,99,0.01,0.0018,0.0001,1.0,1.0,1.0,0.8151260504201681,0.7625,0.0018
M1.0,0,91150,1.0,0.0,z,R,,0.16630824372759856,BF_2,0.7125,0.7081253852198217,0.7658821302470358,0.1421754373287707,0.6,0.985,1.0,0.43814432989690727,0.42500000000000004,0.22750000000000004,0,99,0,99,0.01,0.0084,0.0004,3.0,3.0,1.0,0.7563025210084033,0.7275,0.0048
M1.0,0,91150,1.0,0.0,z,R,,0.16630824372759856,BF_3,0.72,0.8716815566687126,0.7584657036324141,0.1495918639433924,0.6,0.985,1.0,0.45360824742268036,0.43999999999999995,0.235,0,99,0,99,0.01,0.0079,0.0002,3.0,3.0,1.0,0.7563025210084033,0.7925,0.0003
M1.0,0,91150,1.0,0.0,z,R,,0.16630824372759856,BF_4,0.725,0.8899511470536023,0.7569050630335405,0.15115250454226592,0.65,0.9875,1.0,0.46153846153846145,0.44999999999999996,0.24,0,99,0,99,0.01,0.0068,0.0003,3.0,3.0,1.0,0.7647058823529411,0.8075,0.0003
M1.0,0,91150,1.0,0.0,z,R,,0.16630824372759856,N1,0.485,0.008321801241254256,0.9080575675758065,0.0,0.5,0.5025,0.72,-6.000000000000133,-0.06818181818181825,0.0,99,99,0,99,1.0,0.559,0.7759,,,,0.5063025210084033,,
M1.0,1,91151,1.0,0.0,z,R,,0.16702508960573476,rule #2.1,0.9475,2.4756413366195256,0.4679105644985578,0.4065173527466495,0.9,1.0,1.0,0.895,0.895,0.455,0,99,0,99,0.01,0.0001,0.0001,1.0,1.0,1.0,0.9957983193277311,0.9475,0.0001
M1.0,1,91151,1.0,0.0,z,R,,0.16702508960573476,BF_1,0.9425,2.220483987826381,0.46656884704961554,0.40785907019559176,0.9,1.0,1.0,0.885,0.885,0.45,0,99,0,99,0.01,0.0001,0.0001,1.0,1.0,1.0,0.9957983193277311,0.9425,0.0001
M1.0,1,91151,1.0,0.0,z,R,,0.16702508960573476,BF_2,0.87,1.4814045713471427,0.5714399145837066,0.3029880026615007,0.8,0.9975,1.0,0.743718592964824,0.74,0.3775,0,99,0,99,0.01,0.0001,0.0001,3.0,3.0,1.0,0.9327731092436975,0.93,0.0001
M1.0,1,91151,1.0,0.0,z,R,,0.16702508960573476,BF_3,0.8775,1.444434114435607,0.5786721639187784,0.2957557533264289,0.8,0.9975,1.0,0.7587939698492461,0.7549999999999999,0.38499999999999995,0,99,0,99,0.01,0.0001,0.0001,3.0,3.0,1.0,0.9411764705882353,0.935,0.0001
M1.0,1,91151,1.0,0.0,z,R,,0.16702508960573476,BF_4,0.8825,1.531400901479306,0.5687785837686362,0.3056493334765711,0.8,1.0,1.0,0.7649999999999999,0.7649999999999999,0.38999999999999996,0,99,0,99,0.01,0.0001,0.0001,3.0,3.0,1.0,0.9537815126050421,0.9175,0.0001
M1.0,1,91151,1.0,0.0,z,R,,0.16702508960573476,N1,0.4925,-0.03000294109806423,0.8744279172452073,0.0,0.5,0.49625,0.72,,-0.03409090909090912,0.0,99,99,0,99,1.0,0.5426,0.4546,,,,0.5651260504201681,,
M1.0,2,91152,1.0,0.0,z,R,,0.17037037037037037,rule #2.1,0.9775,2.1140385908937223,0.41810560287750304,0.3583715819208884,0.9,1.0,1.0,0.9550000000000001,0.9550000000000001,0.4625,0,99,0,99,0.01,0.0001,0.0001,1.0,1.0,1.0,0.9747899159663865,0.9775,0.0001
M1.0,2,91152,1.0,0.0,z,R,,0.17037037037037037,BF_1,0.95,1.3468058487175782,0.5010875148841295,0.27538966991426195,0.9,0.995,1.0,0.9090909090909091,0.8999999999999999,0.43499999999999994,0,99,0,99,0.01,0.0001,0.0001,3.0,3.0,1.0,0.9663865546218487,0.9725,0.0001
M1.0,2,91152,1.0,0.0,z,R,,0.17037037037037037,BF_2,0.8975,1.1254449891807787,0.5452267161568664,0.2312504686415251,0.8,1.0,1.0,0.7949999999999999,0.7949999999999999,0.38249999999999995,0,99,0,99,0.01,0.0001,0.0001,3.0,3.0,1.0,0.9453781512605042,0.8725,0.0001
M1.0,2,91152,1.0,0.0,z,R,,0.17037037037037037,BF_3,0.925,1.2049945831698679,0.5404743265342896,0.23600285826410183,0.85,1.0,1.0,0.8500000000000001,0.8500000000000001,0.41000000000000003,0,99,0,99,0.01,0.0001,0.0001,3.0,3.0,1.0,0.9495798319327731,0.8975,0.0001
M1.0,2,91152,1.0,0.0,z,R,,0.17037037037037037,BF_4,0.9275,1.2230512777876306,0.5426362955735152,0.23384088922487622,0.85,1.0,1.0,0.855,0.855,0.4125,0,99,0,99,0.01,0.0001,0.0001,3.0,3.0,1.0,0.957983193277311,0.89,0.0001
M1.0,2,91152,1.0,0.0,z,R,,0.17037037037037037,N1,0.515,0.016376085951924302,0.7764771847983915,0.0,0.45,0.5225,0.72,0.6666666666666683,0.06818181818181825,0.0,99,99,0,99,1.0,0.4368,0.5206,,,,0.5714285714285714,,
M1.0,3,91153,1.0,0.0,z,R,,0.17299880525686978,rule #2.1,0.9525,2.183162094230285,0.4160354062530732,0.3843401636494884,0.9,0.9975,1.0,0.9095477386934673,0.905,0.45875,0,99,0,99,0.01,0.0001,0.0001,1.0,1.0,1.0,0.9705882352941176,0.9525,0.0001
M1.0,3,91153,1.0,0.0,z,R,,0.17299880525686978,BF_1,0.9475,1.9725496599382786,0.4217587336483806,0.378616836254181,0.9,1.0,1.0,0.895,0.895,0.45375,0,99,0,99,0.01,0.0001,0.0001,1.0,1.0,1.0,0.9705882352941176,0.9475,0.0001
M1.0,3,91153,1.0,0.0,z,R,,0.17299880525686978,BF_2,0.825,1.1662887842068397,0.5660622966032192,0.23431327329934248,0.75,0.9925,1.0,0.6598984771573603,0.6499999999999999,0.33124999999999993,0,99,0,99,0.01,0.0002,0.0001,3.0,3.0,1.0,0.865546218487395,0.8575,0.0001
M1.0,3,91153,1.0,0.0,z,R,,0.17299880525686978,BF_3,0.825,1.1349221478203813,0.5852765728500533,0.21509899705250835,0.75,0.99,1.0,0.6632653061224489,0.6499999999999999,0.33124999999999993,0,99,0,99,0.01,0.0002,0.0001,3.0,3.0,1.0,0.8697478991596639,0.8325,0.0001
M1.0,3,91153,1.0,0.0,z,R,,0.17299880525686978,BF_4,0.835,1.1062869349548283,0.584625294342126,0.2157502755604357,0.75,1.0,1.0,0.6699999999999999,0.6699999999999999,0.34124999999999994,0,99,0,99,0.01,0.0001,0.0001,3.0,3.0,1.0,0.8823529411764706,0.8675,0.0001
M1.0,3,91153,1.0,0.0,z,R,,0.17299880525686978,N1,0.49375,-0.03707288727164271,0.8003755699025616,0.0,0.55,0.495,0.72,,-0.02840909090909081,0.0,99,99,0,99,1.0,0.5304,0.0707,,,,0.5819327731092437,,
M1.0,4,91154,1.0,0.0,z,R,,0.17108721624850656,rule #2.1,0.9975,2.481490692870859,0.43730725993459874,0.4061624879070247,0.95,1.0,1.0,0.9950000000000001,0.9950000000000001,0.47250000000000003,0,99,0,99,0.01,0.0001,0.0001,1.0,1.0,1.0,1.0,0.9975,0.0001
M1.0,4,91154,1.0,0.0,z,R,,0.17108721624850656,BF_1,0.995,2.232479667872924,0.4443385807933139,0.39913116704830953,0.95,1.0,1.0,0.99,0.99,0.47,0,99,0,99,0.01,0.0001,0.0001,1.0,1.0,1.0,0.9957983193277311,0.995,0.0001
M1.0,4,91154,1.0,0.0,z,R,,0.17108721624850656,BF_2,0.9325,1.392658648104674,0.5727371024572202,0.2707326453844032,0.85,1.0,1.0,0.865,0.865,0.4075,0,99,0,99,0.01,0.0001,0.0001,3.0,3.0,1.0,0.9285714285714286,0.9475,0.0001
M1.0,4,91154,1.0,0.0,z,R,,0.17108721624850656,BF_3,0.935,1.5636536819209228,0.5531538989069904,0.290315848934633,0.8,1.0,1.0,0.8700000000000001,0.8700000000000001,0.41000000000000003,0,99,0,99,0.01,0.0001,0.0001,3.0,3.0,1.0,0.9243697478991597,0.9325,0.0001
M1.0,4,91154,1.0,0.0,z,R,,0.17108721624850656,BF_4,0.9375,1.567648103750084,0.5615519852145127,0.28191776262711077,0.8,1.0,1.0,0.875,0.875,0.4125,0,99,0,99,0.01,0.0001,0.0001,3.0,3.0,1.0,0.9327731092436975,0.9125,0.0001
M1.0,4,91154,1.0,0.0,z,R,,0.17108721624850656,N1,0.525,0.05694223046302804,0.8434697478416234,0.0,0.5,0.525,0.72,1.0,0.11363636363636376,0.0,99,99,0,99,1.0,0.3872,0.6255,,,,0.5588235294117647,,
M0.6,0,91160,0.6,0.0,z,W,,0.15627240143369175,rule #2.1,0.68,0.520451168131194,0.7628602343032396,0.10661586353048347,0.65,0.945,1.0,0.40449438202247207,0.3600000000000001,0.1775000000000001,0,99,0,99,0.01,0.0269,0.0002,3.0,3.0,1.0,0.7226890756302521,0.7525,0.0023
M0.6,0,91160,0.6,0.0,z,W,,0.15627240143369175,BF_1,0.715,0.48897260263226694,0.7590791281145399,0.11039696971918311,0.65,0.945,1.0,0.4831460674157303,0.42999999999999994,0.21250000000000002,0,99,0,99,0.01,0.0101,0.0001,3.0,3.0,1.0,0.7647058823529411,0.7575,0.0024
M0.6,0,91160,0.6,0.0,z,W,,0.15627240143369175,BF_2,0.6675,0.54417502569993,0.75884435366444,0.11063174416928301,0.65,0.985,1.0,0.34536082474226804,0.33499999999999996,0.16500000000000004,0,99,0,99,0.01,0.0359,0.0015,3.0,3.0,1.0,0.6764705882352942,0.7475,0.0031
M0.6,0,91160,0.6,0.0,z,W,,0.15627240143369175,BF_3,0.7,0.6770198712541312,0.7393476810771906,0.13012841675653242,0.65,0.99,1.0,0.40816326530612235,0.3999999999999999,0.1975,0,99,0,99,0.01,0.013,0.001,3.0,3.0,1.0,0.7394957983193278,0.775,0.0014
M0.6,0,91160,0.6,0.0,z,W,,0.15627240143369175,BF_4,0.7125,0.7149956691800734,0.7385010693561584,0.1309750284775646,0.6,0.995,1.0,0.42929292929292934,0.42500000000000004,0.21000000000000008,0,99,0,99,0.01,0.0094,0.0004,3.0,3.0,1.0,0.7310924369747899,0.7925,0.001
M0.6,0,91160,0.6,0.0,z,W,,0.15627240143369175,N1,0.5025,-0.001072750240564302,0.869476097833723,0.0,0.55,0.51125,0.72,0.22222222222221782,0.011363636363636123,0.0,99,99,0,99,1.0,0.5025,0.5134,,,,0.5672268907563025,,
M0.6,1,91161,0.6,0.0,z,U,,0.14958183990442056,rule #2.1,0.58375,0.2027016239134365,0.847535348247629,0.08108963071462338,0.55,0.92,1.0,0.19940476190476186,0.16749999999999998,0.10125,1,99,0,99,0.02,0.1894,0.0245,3.0,3.0,1.0,0.6260504201680672,0.6625,0.0423
M0.6,1,91161,0.6,0.0,z,U,,0.14958183990442056,BF_1,0.585,0.21564945863824625,0.8726525228347644,0.055972456127488024,0.55,0.93,1.0,0.19767441860465107,0.16999999999999993,0.10249999999999998,0,99,0,99,0.01,0.1846,0.0105,3.0,3.0,1.0,0.6470588235294118,0.6425,0.0648
M0.6,1,91161,0.6,0.0,z,U,,0.14958183990442056,BF_2,0.635,0.27510813347798746,0.8254227307281228,0.1032022482341296,0.55,0.9275,1.0,0.31578947368421056,0.27,0.15250000000000002,0,99,0,99,0.01,0.0741,0.0025,3.0,3.0,1.0,0.6974789915966386,0.685,0.0239
M0.6,1,91161,0.6,0.0,z,U,,0.14958183990442056,BF_3,0.4825,-0.0254527606070043,0.9286249789622524,0.0,0.55,0.92,1.0,-0.0416666666666667,-0.03500000000000003,0.0,99,99,0,99,1.0,0.579,0.5866,100.0,3.0,1.0,0.5462184873949579,0.66,0.0406
M0.6,1,91161,0.6,0.0,z,U,,0.14958183990442056,BF_4,0.4825,-0.0254527606070043,0.9286249789622524,0.0,0.55,0.51,1.0,-1.75,-0.03500000000000003,0.0,99,99,0,99,1.0,0.579,0.5866,100.0,100.0,1.0,0.5462184873949579,0.5425,0.3218
M0.6,1,91161,0.6,0.0,z,U,,0.14958183990442056,N1,0.4825,-0.0254527606070043,0.9286249789622524,0.0,0.55,0.51,0.72,-1.75,-0.07954545454545463,0.0,99,99,0,99,1.0,0.579,0.5866,,,,0.5462184873949579,,
M0.6,2,91162,0.6,0.0,z,U,,0.15722819593787335,rule #2.1,0.645,0.3759705069009246,0.8243614475641994,0.09219962709117113,0.6,0.9425,1.0,0.3276836158192091,0.29000000000000004,0.13250000000000006,0,99,0,99,0.01,0.0598,0.0021,3.0,3.0,1.0,0.6890756302521008,0.735,0.006
M0.6,2,91162,0.6,0.0,z,U,,0.15722819593787335,BF_1,0.65,0.3628804282663125,0.8309249944066547,0.08563608024871583,0.6,0.9425,1.0,0.33898305084745767,0.30000000000000004,0.13750000000000007,0,99,0,99,0.01,0.0527,0.0022,3.0,3.0,1.0,0.6974789915966386,0.7075,0.0146
M0.6,2,91162,0.6,0.0,z,U,,0.15722819593787335,BF_2,0.65,0.36056625634653217,0.8342351515752864,0.08232592308008413,0.6,0.9275,1.0,0.3508771929824562,0.30000000000000004,0.13750000000000007,0,99,0,99,0.01,0.0545,0.0021,3.0,3.0,1.0,0.6764705882352942,0.695,0.0187
M0.6,2,91162,0.6,0.0,z,U,,0.15722819593787335,BF_3,0.62,0.36289330145645615,0.8458347995919052,0.0707262750634653,0.6,0.9275,1.0,0.2807017543859649,0.24,0.10750000000000004,0,99,0,99,0.01,0.101,0.0057,3.0,3.0,1.0,0.634453781512605,0.6075,0.1307
M0.6,2,91162,0.6,0.0,z,U,,0.15722819593787335,BF_4,0.615,0.3568539710913997,0.848937293599487,0.06762378105588351,0.6,0.9625,1.0,0.2486486486486486,0.22999999999999998,0.10250000000000004,0,99,0,99,0.01,0.1141,0.0059,3.0,3.0,1.0,0.634453781512605,0.5975,0.1509
M0.6,2,91162,0.6,0.0,z,U,,0.15722819593787335,N1,0.5125,-0.013761774823069617,0.9165610746553705,0.0,0.5,0.5225,0.72,0.5555555555555545,0.05681818181818162,0.0,99,99,0,99,1.0,0.4568,0.2813,,,,0.5357142857142857,,
M0.6,3,91163,0.6,0.0,z,R,,0.15531660692951016,rule #2.1,0.7325,0.5679263328187668,0.7413434930554057,0.13979051439615686,0.65,0.995,1.0,0.4696969696969698,0.4650000000000001,0.24875000000000003,0,99,0,99,0.01,0.0066,0.0001,3.0,3.0,1.0,0.7815126050420168,0.815,0.0003
M0.6,3,91163,0.6,0.0,z,R,,0.15531660692951016,BF_1,0.725,0.5587462015622822,0.7400685527997382,0.1410654546518244,0.6,0.995,1.0,0.45454545454545453,0.44999999999999996,0.24124999999999996,0,99,0,99,0.01,0.0086,0.0001,3.0,3.0,1.0,0.7689075630252101,0.86,0.0001
M0.6,3,91163,0.6,0.0,z,R,,0.15531660692951016,BF_2,0.6575,0.38893935265858104,0.7843863325574574,0.09674767489410518,0.55,1.0,1.0,0.31499999999999995,0.31499999999999995,0.17374999999999996,0,99,0,99,0.01,0.0479,0.0026,3.0,3.0,1.0,0.7226890756302521,0.715,0.0104
M0.6,3,91163,0.6,0.0,z,R,,0.15531660692951016,BF_3,0.465,-0.10201072265584821,0.9123975842029729,-0.03126357675141034,0.45,1.0,1.0,-0.06999999999999995,-0.06999999999999995,-0.01874999999999999,99,99,0,99,1.0,0.6508,0.6474,3.0,3.0,1.0,0.5294117647058824,0.2175,0.9994
M0.6,3,91163,0.6,0.0,z,R,,0.15531660692951016,BF_4,0.48375,-0.004789474233985125,0.8811340074515626,0.0,0.5,1.0,1.0,-0.03249999999999997,-0.03249999999999997,0.0,99,99,0,99,1.0,0.5805,0.8166,100.0,3.0,1.0,0.5357142857142857,0.225,0.9989
M0.6,3,91163,0.6,0.0,z,R,,0.15531660692951016,N1,0.48375,-0.004789474233985125,0.8811340074515626,0.0,0.5,0.505,0.72,-3.2499999999999947,-0.07386363636363631,0.0,99,99,0,99,1.0,0.5805,0.8166,,,,0.5357142857142857,,
M0.6,4,91164,0.6,0.0,z,G,orthogonal (rule #2.1's ceiling_full = 0.8575 < 0.90),0.15053763440860216,rule #2.1,0.5125,0.009552567795145128,0.9064138719805375,0.017841691746941613,0.45,0.8575,1.0,0.034965034965034836,0.02499999999999991,0.01749999999999996,13,99,0,99,0.14,0.4453,0.0154,3.0,3.0,1.0,0.5294117647058824,0.49875,0.5079
M0.6,4,91164,0.6,0.0,z,G,orthogonal (rule #2.1's ceiling_full = 0.8575 < 0.90),0.15053763440860216,BF_1,0.53,0.038337045453557206,0.9049204440641823,0.019335119663296818,0.55,0.8525,1.0,0.08510638297872347,0.06000000000000005,0.03500000000000003,2,99,0,99,0.03,0.3755,0.0087,3.0,3.0,1.0,0.542016806722689,0.5275,0.3839
M0.6,4,91164,0.6,0.0,z,G,orthogonal (rule #2.1's ceiling_full = 0.8575 < 0.90),0.15053763440860216,BF_2,0.495,-0.05613287016749369,0.9242555637274791,0.0,0.5,0.49375,1.0,,-0.010000000000000009,0.0,99,99,0,99,1.0,0.5242,0.1587,100.0,100.0,1.0,0.5084033613445378,0.525,0.3989
M0.6,4,91164,0.6,0.0,z,G,orthogonal (rule #2.1's ceiling_full = 0.8575 < 0.90),0.15053763440860216,BF_3,0.495,-0.05613287016749369,0.9242555637274791,0.0,0.5,0.49375,1.0,,-0.010000000000000009,0.0,99,99,0,99,1.0,0.5242,0.1587,100.0,100.0,1.0,0.5084033613445378,0.505,0.4832
M0.6,4,91164,0.6,0.0,z,G,orthogonal (rule #2.1's ceiling_full = 0.8575 < 0.90),0.15053763440860216,BF_4,0.495,-0.05613287016749369,0.9242555637274791,0.0,0.5,0.49375,1.0,,-0.010000000000000009,0.0,99,99,0,99,1.0,0.5242,0.1587,100.0,100.0,1.0,0.5084033613445378,0.5525,0.295
M0.6,4,91164,0.6,0.0,z,G,orthogonal (rule #2.1's ceiling_full = 0.8575 < 0.90),0.15053763440860216,N1,0.495,-0.05613287016749369,0.9242555637274791,0.0,0.5,0.49375,0.72,,-0.02272727272727275,0.0,99,99,0,99,1.0,0.5242,0.1587,,,,0.5084033613445378,,
M0.75,0,91170,0.75,0.0,z,R,,0.16654719235364396,rule #2.1,0.81625,1.1749024898711045,0.6217140161221228,0.2239850623767231,0.75,0.985,1.0,0.6520618556701032,0.6325000000000001,0.3025,0,99,0,99,0.01,0.0006,0.0001,3.0,3.0,1.0,0.8697478991596639,0.8975,0.0001
M0.75,0,91170,0.75,0.0,z,R,,0.16654719235364396,BF_1,0.8275,1.1934392531777187,0.6226512319701728,0.22304784652867315,0.75,0.9825,1.0,0.6787564766839378,0.655,0.31375,0,99,0,99,0.01,0.0003,0.0001,3.0,3.0,1.0,0.8907563025210085,0.895,0.0001
M0.75,0,91170,0.75,0.0,z,R,,0.16654719235364396,BF_2,0.825,1.171539852065108,0.6280792371112603,0.2176198413875856,0.75,0.9875,1.0,0.6666666666666665,0.6499999999999999,0.3112499999999999,0,99,0,99,0.01,0.0004,0.0001,3.0,3.0,1.0,0.865546218487395,0.8675,0.0001
M0.75,0,91170,0.75,0.0,z,R,,0.16654719235364396,BF_3,0.7975,0.9635721321068631,0.6708757059020369,0.17482337259680902,0.7,0.98,1.0,0.6197916666666666,0.595,0.28374999999999995,0,99,0,99,0.01,0.0007,0.0001,3.0,3.0,1.0,0.8319327731092437,0.805,0.0002
M0.75,0,91170,0.75,0.0,z,R,,0.16654719235364396,BF_4,0.7975,0.9731380862876605,0.6668030724834393,0.17889600601540667,0.75,0.98,1.0,0.6197916666666666,0.595,0.28374999999999995,0,99,0,99,0.01,0.0007,0.0001,3.0,3.0,1.0,0.8361344537815126,0.825,0.0002
M0.75,0,91170,0.75,0.0,z,R,,0.16654719235364396,N1,0.51375,0.1450737409293651,0.845699078498846,0.0,0.45,0.5275,0.72,0.500000000000002,0.0625000000000002,0.0,99,99,0,99,1.0,0.434,0.9882,,,,0.5462184873949579,,
M0.75,1,91171,0.75,0.0,z,R,,0.15722819593787335,rule #2.1,0.9575,1.2926959323798246,0.5393081690582106,0.24620715658720282,0.9,1.0,1.0,0.915,0.915,0.44000000000000006,0,99,0,99,0.01,0.0001,0.0001,3.0,3.0,1.0,0.9873949579831933,0.99,0.0001
M0.75,1,91171,0.75,0.0,z,R,,0.15722819593787335,BF_1,0.9375,1.233972825376897,0.5369300756188788,0.24858525002653453,0.85,1.0,1.0,0.875,0.875,0.42000000000000004,0,99,0,99,0.01,0.0001,0.0001,3.0,3.0,1.0,0.9705882352941176,0.9825,0.0001
M0.75,1,91171,0.75,0.0,z,R,,0.15722819593787335,BF_2,0.9525,1.242288946550685,0.5301050772615223,0.25541024838389104,0.85,1.0,1.0,0.905,0.905,0.43500000000000005,0,99,0,99,0.01,0.0001,0.0001,3.0,3.0,1.0,0.9873949579831933,0.9875,0.0001
M0.75,1,91171,0.75,0.0,z,R,,0.15722819593787335,BF_3,0.93,1.072992344998903,0.5610585994503097,0.2244567261951037,0.8,1.0,1.0,0.8600000000000001,0.8600000000000001,0.4125000000000001,0,99,0,99,0.01,0.0001,0.0001,3.0,3.0,1.0,0.9789915966386554,0.905,0.0001
M0.75,1,91171,0.75,0.0,z,R,,0.15722819593787335,BF_4,0.9175,1.0473080307887006,0.5720768879098879,0.2134384377355255,0.9,1.0,1.0,0.835,0.835,0.4,0,99,0,99,0.01,0.0001,0.0001,3.0,3.0,1.0,0.9873949579831933,0.8625,0.0001
M0.75,1,91171,0.75,0.0,z,R,,0.15722819593787335,N1,0.5175,0.052291627228260085,0.7855153256454134,0.0,0.45,0.5325,0.72,0.5384615384615377,0.07954545454545438,0.0,99,99,0,99,1.0,0.4173,0.8618,,,,0.5462184873949579,,
M0.75,2,91172,0.75,0.0,z,R,,0.16774193548387098,rule #2.1,0.8925,1.1757823418168467,0.5232083954201624,0.2320552666357376,0.85,1.0,1.0,0.7849999999999999,0.7849999999999999,0.355,0,99,0,99,0.01,0.0001,0.0001,3.0,3.0,1.0,0.9369747899159664,0.97,0.0001
M0.75,2,91172,0.75,0.0,z,R,,0.16774193548387098,BF_1,0.8825,1.1207851967012932,0.5339277238982805,0.22133593815761954,0.8,0.9975,1.0,0.7688442211055274,0.7649999999999999,0.345,0,99,0,99,0.01,0.0001,0.0001,3.0,3.0,1.0,0.9285714285714286,0.96,0.0001
M0.75,2,91172,0.75,0.0,z,R,,0.16774193548387098,BF_2,0.8125,1.0032955898830023,0.5703748828517627,0.18488877920413727,0.75,0.995,1.0,0.6313131313131313,0.625,0.275,0,99,0,99,0.01,0.0006,0.0001,3.0,3.0,1.0,0.8403361344537815,0.8225,0.0004
M0.75,2,91172,0.75,0.0,z,R,,0.16774193548387098,BF_3,0.8025,1.0392707001547452,0.5713824486286818,0.1838812134272182,0.7,0.99,1.0,0.6173469387755102,0.605,0.265,0,99,0,99,0.01,0.0007,0.0001,3.0,3.0,1.0,0.8277310924369747,0.8025,0.0006
M0.75,2,91172,0.75,0.0,z,R,,0.16774193548387098,BF_4,0.7775,1.002470152978397,0.5806034042413886,0.17466025781451144,0.65,0.99,1.0,0.5663265306122448,0.5549999999999999,0.24,0,99,0,99,0.01,0.0014,0.0001,3.0,3.0,1.0,0.8403361344537815,0.7625,0.0028
M0.75,2,91172,0.75,0.0,z,R,,0.16774193548387098,N1,0.5375,0.0796940978616476,0.7552636620559,0.0,0.6,0.5425,0.72,0.8823529411764705,0.1704545454545454,0.0,99,99,0,99,1.0,0.3379,0.5062,,,,0.6302521008403361,,
M0.75,3,91173,0.75,0.0,z,R,,0.15029868578255676,rule #2.1,0.7725,0.6918796655489976,0.7120038511696419,0.12992757248735565,0.75,0.9925,1.0,0.5532994923857867,0.5449999999999999,0.25625,0,99,0,99,0.01,0.0007,0.0001,3.0,3.0,1.0,0.842436974789916,0.8725,0.0001
M0.75,3,91173,0.75,0.0,z,R,,0.15029868578255676,BF_1,0.77,0.7232627795608909,0.6968361664269196,0.145095257230078,0.75,0.9775,1.0,0.5654450261780105,0.54,0.25375000000000003,0,99,0,99,0.01,0.001,0.0001,3.0,3.0,1.0,0.8361344537815126,0.855,0.0001
M0.75,3,91173,0.75,0.0,z,R,,0.15029868578255676,BF_2,0.8,0.7273090319187732,0.6921410285698983,0.14979039508709924,0.7,0.9975,1.0,0.6030150753768845,0.6000000000000001,0.28375000000000006,0,99,0,99,0.01,0.0002,0.0001,3.0,3.0,1.0,0.8823529411764706,0.775,0.0008
M0.75,3,91173,0.75,0.0,z,R,,0.15029868578255676,BF_3,0.7725,0.8004879381408415,0.6831710419151085,0.1587603817418891,0.7,0.99,1.0,0.5561224489795917,0.5449999999999999,0.25625,0,99,0,99,0.01,0.0005,0.0003,3.0,3.0,1.0,0.8613445378151261,0.78,0.0009
M0.75,3,91173,0.75,0.0,z,R,,0.15029868578255676,BF_4,0.7325,0.697365348015539,0.7103938743991074,0.13153754925789019,0.65,0.99,1.0,0.47448979591836743,0.4650000000000001,0.21625000000000005,0,99,0,99,0.01,0.0042,0.0043,3.0,3.0,1.0,0.8151260504201681,0.6775,0.0286
M0.75,3,91173,0.75,0.0,z,R,,0.15029868578255676,N1,0.51625,0.04567752894945443,0.8419314236569976,0.0,0.55,0.53375,0.72,0.48148148148148184,0.07386363636363631,0.0,99,99,0,99,1.0,0.4337,0.5163,,,,0.5588235294117647,,
M0.75,4,91174,0.75,0.0,z,G,no information (rule #2.1's ceiling_full = 0.9875 >= 0.90),0.15364396654719234,rule #2.1,0.61875,0.3345471960519931,0.7791986882207232,0.08057414581534994,0.6,0.9875,1.0,0.2435897435897436,0.23750000000000004,0.15500000000000003,1,99,0,99,0.02,0.1032,0.0055,3.0,3.0,1.0,0.6071428571428571,0.6875,0.0246
M0.75,4,91174,0.75,0.0,z,G,no information (rule #2.1's ceiling_full = 0.9875 >= 0.90),0.15364396654719234,BF_1,0.6075,0.32295355576670126,0.7735880148717146,0.0861848191643586,0.55,0.99,1.0,0.2193877551020409,0.21500000000000008,0.14375000000000004,0,99,0,99,0.01,0.1289,0.0074,3.0,3.0,1.0,0.6092436974789915,0.7175,0.0103
M0.75,4,91174,0.75,0.0,z,G,no information (rule #2.1's ceiling_full = 0.9875 >= 0.90),0.15364396654719234,BF_2,0.6075,0.28702211120651633,0.8071855698249497,0.052587264211123474,0.65,0.9975,1.0,0.2160804020100503,0.21500000000000008,0.14375000000000004,0,99,0,99,0.01,0.1302,0.0211,3.0,3.0,1.0,0.5882352941176471,0.6625,0.0443
M0.75,4,91174,0.75,0.0,z,G,no information (rule #2.1's ceiling_full = 0.9875 >= 0.90),0.15364396654719234,BF_3,0.6025,0.2752642260628807,0.8152303974597215,0.04454243657635171,0.65,0.9875,1.0,0.21025641025641031,0.20500000000000007,0.13875000000000004,0,99,0,99,0.01,0.1419,0.0356,3.0,3.0,1.0,0.5756302521008403,0.64,0.0685
M0.75,4,91174,0.75,0.0,z,G,no information (rule #2.1's ceiling_full = 0.9875 >= 0.90),0.15364396654719234,BF_4,0.6025,0.27667239540204835,0.811504970622277,0.048267863413796186,0.6,0.9925,1.0,0.20812182741116755,0.20500000000000007,0.13875000000000004,0,99,0,99,0.01,0.143,0.0259,3.0,3.0,1.0,0.5714285714285714,0.6525,0.0546
M0.75,4,91174,0.75,0.0,z,G,no information (rule #2.1's ceiling_full = 0.9875 >= 0.90),0.15364396654719234,N1,0.46375,-0.048994855582714214,0.8597728340360732,0.0,0.5,0.48,0.72,,-0.16477272727272732,0.0,99,99,0,99,1.0,0.6602,0.7802,,,,0.5105042016806722,,
M0.85,0,91180,0.85,0.0,z,R,,0.16535244922341696,rule #2.1,0.8375,1.0017242657851777,0.6343940708362183,0.2174945838944886,0.75,0.97,1.0,0.7180851063829788,0.675,0.33375,0,99,0,99,0.01,0.0001,0.0001,3.0,3.0,1.0,0.9117647058823529,0.9,0.0001
M0.85,0,91180,0.85,0.0,z,R,,0.16535244922341696,BF_1,0.8325,0.9621865771465385,0.6431938366080074,0.20869481812269952,0.75,0.975,1.0,0.7000000000000001,0.665,0.32875,0,99,0,99,0.01,0.0001,0.0001,3.0,3.0,1.0,0.8991596638655462,0.895,0.0001
M0.85,0,91180,0.85,0.0,z,R,,0.16535244922341696,BF_2,0.8075,0.9579795091414066,0.6529854315685576,0.19890322316214937,0.8,0.9725,1.0,0.6507936507936507,0.615,0.30374999999999996,0,99,0,99,0.01,0.0003,0.0001,3.0,3.0,1.0,0.907563025210084,0.8625,0.0002
M0.85,0,91180,0.85,0.0,z,R,,0.16535244922341696,BF_3,0.8075,0.9705621154326609,0.6544094957247013,0.19747915900600566,0.75,0.975,1.0,0.6473684210526316,0.615,0.30374999999999996,0,99,0,99,0.01,0.0004,0.0001,3.0,3.0,1.0,0.8949579831932774,0.835,0.0001
M0.85,0,91180,0.85,0.0,z,R,,0.16535244922341696,BF_4,0.82,0.9820592437960849,0.6499807786001064,0.20190787613060057,0.75,1.0,1.0,0.6399999999999999,0.6399999999999999,0.3162499999999999,0,99,0,99,0.01,0.0003,0.0001,3.0,3.0,1.0,0.9033613445378151,0.8275,0.0001
M0.85,0,91180,0.85,0.0,z,R,,0.16535244922341696,N1,0.50375,-0.012894570082426005,0.851888654730707,0.0,0.45,0.5,0.72,,0.01704545454545469,0.0,99,99,0,99,1.0,0.4939,0.3961,,,,0.5840336134453782,,
M0.85,1,91181,0.85,0.0,z,R,,0.17108721624850656,rule #2.1,0.83,1.0254221499838576,0.6390712307300797,0.19905752191139836,0.75,0.9925,1.0,0.6700507614213197,0.6599999999999999,0.32499999999999996,0,99,0,99,0.01,0.0002,0.0001,3.0,3.0,1.0,0.8823529411764706,0.8825,0.0001
M0.85,1,91181,0.85,0.0,z,R,,0.17108721624850656,BF_1,0.8225,0.9999098885309848,0.6375608681031332,0.20056788453834484,0.75,0.9925,1.0,0.6548223350253807,0.645,0.3175,0,99,0,99,0.01,0.0002,0.0001,3.0,3.0,1.0,0.8781512605042017,0.8875,0.0001
M0.85,1,91181,0.85,0.0,z,R,,0.17108721624850656,BF_2,0.8,1.0068083649981339,0.6454658837775307,0.19266286886394735,0.7,0.99,1.0,0.6122448979591838,0.6000000000000001,0.29500000000000004,0,99,0,99,0.01,0.0004,0.0001,3.0,3.0,1.0,0.8781512605042017,0.8175,0.0001
M0.85,1,91181,0.85,0.0,z,R,,0.17108721624850656,BF_3,0.815,1.0418587500805119,0.6442915934760696,0.19383715916540845,0.75,0.9775,1.0,0.6596858638743454,0.6299999999999999,0.30999999999999994,0,99,0,99,0.01,0.0002,0.0001,3.0,3.0,1.0,0.8865546218487395,0.83,0.0001
M0.85,1,91181,0.85,0.0,z,R,,0.17108721624850656,BF_4,0.85,1.0849465272263106,0.641603951184065,0.19652480145741302,0.75,0.995,1.0,0.7070707070707071,0.7,0.345,0,99,0,99,0.01,0.0001,0.0001,3.0,3.0,1.0,0.9285714285714286,0.85,0.0001
M0.85,1,91181,0.85,0.0,z,R,,0.17108721624850656,N1,0.505,0.045970663800835476,0.838128752641478,0.0,0.45,0.51875,0.72,0.2666666666666663,0.02272727272727275,0.0,99,99,0,99,1.0,0.4815,0.8735,,,,0.6176470588235294,,
M0.85,2,91182,0.85,0.0,z,R,,0.16845878136200718,rule #2.1,0.9575,1.4663119978394232,0.5227483665482302,0.2680239122679837,0.9,1.0,1.0,0.915,0.915,0.43125,0,99,0,99,0.01,0.0001,0.0001,1.0,1.0,1.0,0.9831932773109243,0.9575,0.0001
M0.85,2,91182,0.85,0.0,z,R,,0.16845878136200718,BF_1,0.895,0.9404506056956138,0.5859273755411643,0.20484490327504967,0.8,1.0,1.0,0.79,0.79,0.36875,0,99,0,99,0.01,0.0001,0.0001,3.0,3.0,1.0,0.9537815126050421,0.955,0.0001
M0.85,2,91182,0.85,0.0,z,R,,0.16845878136200718,BF_2,0.8825,0.9451224632121488,0.5898450564159224,0.20092722240029148,0.75,0.995,1.0,0.7727272727272726,0.7649999999999999,0.35624999999999996,0,99,0,99,0.01,0.0001,0.0001,3.0,3.0,1.0,0.957983193277311,0.915,0.0001
M0.85,2,91182,0.85,0.0,z,R,,0.16845878136200718,BF_3,0.8975,1.0174875605912868,0.5852362155534461,0.20553606326276785,0.75,0.995,1.0,0.803030303030303,0.7949999999999999,0.37124999999999997,0,99,0,99,0.01,0.0001,0.0001,3.0,3.0,1.0,0.9705882352941176,0.91,0.0001
M0.85,2,91182,0.85,0.0,z,R,,0.16845878136200718,BF_4,0.905,1.0537781121508616,0.5721950200100023,0.2185772588062116,0.8,0.9975,1.0,0.8140703517587939,0.81,0.37875000000000003,0,99,0,99,0.01,0.0001,0.0001,3.0,3.0,1.0,0.9621848739495799,0.8725,0.0001
M0.85,2,91182,0.85,0.0,z,R,,0.16845878136200718,N1,0.52625,0.02762898849323392,0.7907722788162139,0.0,0.55,0.5375,0.72,0.7000000000000003,0.11931818181818181,0.0,99,99,0,99,1.0,0.3929,0.2814,,,,0.6323529411764706,,
M0.85,3,91183,0.85,0.0,z,R,,0.16391875746714457,rule #2.1,0.88,1.2080412576932305,0.5626143624814406,0.26162054364631915,0.75,1.0,1.0,0.76,0.76,0.40625,0,99,0,99,0.01,0.0001,0.0001,3.0,1.0,1.0,0.9159663865546218,0.92,0.0001
M0.85,3,91183,0.85,0.0,z,R,,0.16391875746714457,BF_1,0.855,1.0946790834179185,0.5845464139128629,0.23968849221489685,0.8,1.0,1.0,0.71,0.71,0.38125,0,99,0,99,0.01,0.0001,0.0001,3.0,1.0,1.0,0.9033613445378151,0.9275,0.0001
M0.85,3,91183,0.85,0.0,z,R,,0.16391875746714457,BF_2,0.825,1.1402506597003024,0.5969569775922523,0.22727792853550743,0.75,0.9925,1.0,0.6598984771573603,0.6499999999999999,0.35124999999999995,0,99,0,99,0.01,0.0002,0.0001,3.0,3.0,1.0,0.8739495798319328,0.87,0.0001
M0.85,3,91183,0.85,0.0,z,R,,0.16391875746714457,BF_3,0.775,1.0136660785242098,0.6362077439771039,0.18802716215065585,0.7,0.995,1.0,0.5555555555555556,0.55,0.30125,0,99,0,99,0.01,0.0016,0.0001,3.0,3.0,1.0,0.819327731092437,0.7775,0.0012
M0.85,3,91183,0.85,0.0,z,R,,0.16391875746714457,BF_4,0.765,0.9743576279264416,0.6576359865909845,0.1665989195367752,0.7,0.9925,1.0,0.5380710659898477,0.53,0.29125,0,99,0,99,0.01,0.0024,0.0004,3.0,3.0,1.0,0.8067226890756303,0.745,0.0038
M0.85,3,91183,0.85,0.0,z,R,,0.16391875746714457,N1,0.47375,-0.06758451014757161,0.8242349061277597,0.0,0.5,0.4825,0.72,,-0.11931818181818181,0.0,99,99,0,99,1.0,0.6161,0.4229,,,,0.542016806722689,,
M0.85,4,91184,0.85,0.0,z,R,,0.15149342891278375,rule #2.1,0.8625,1.1425043680821547,0.5870566327146862,0.24382203564408256,0.85,0.995,1.0,0.7323232323232324,0.7250000000000001,0.37000000000000005,0,99,0,99,0.01,0.0001,0.0001,3.0,3.0,1.0,0.9117647058823529,0.935,0.0001
M0.85,4,91184,0.85,0.0,z,R,,0.15149342891278375,BF_1,0.875,1.1076863132014123,0.5875495498812583,0.2433291184775105,0.85,1.0,1.0,0.75,0.75,0.3825,0,99,0,99,0.01,0.0001,0.0001,3.0,3.0,1.0,0.9327731092436975,0.9325,0.0001
M0.85,4,91184,0.85,0.0,z,R,,0.15149342891278375,BF_2,0.8375,1.0268422492786655,0.6123596524051295,0.21851901595363932,0.75,1.0,1.0,0.675,0.675,0.34500000000000003,0,99,0,99,0.01,0.0001,0.0001,3.0,3.0,1.0,0.8991596638655462,0.885,0.0001
M0.85,4,91184,0.85,0.0,z,R,,0.15149342891278375,BF_3,0.73,0.8195967493075929,0.6710884113907967,0.1597902569679721,0.65,0.9975,1.0,0.4623115577889446,0.45999999999999996,0.2375,0,99,0,99,0.01,0.0063,0.0007,3.0,3.0,1.0,0.7647058823529411,0.71,0.0121
M0.85,4,91184,0.85,0.0,z,R,,0.15149342891278375,BF_4,0.7325,0.8098585942183805,0.677491969623578,0.15338669873519073,0.65,0.9975,1.0,0.46733668341708545,0.4650000000000001,0.24000000000000005,0,99,0,99,0.01,0.005,0.0006,3.0,3.0,1.0,0.7857142857142857,0.7225,0.0079
M0.85,4,91184,0.85,0.0,z,R,,0.15149342891278375,N1,0.4925,-0.011347847431898095,0.8308786683587688,0.0,0.55,0.49625,0.72,,-0.03409090909090912,0.0,99,99,0,99,1.0,0.5348,0.5476,,,,0.5210084033613446,,
