sd,present,degenerate,auc_N1,auc_rule,M_rule,lam_rule,auc_BF:1,M_BF:1,lam_BF:1,auc_BF:2,M_BF:2,lam_BF:2,auc_BF:3,M_BF:3,lam_BF:3,auc_BF:4,M_BF:4,lam_BF:4,auc_N1,M_N1,lam_N1
0,24,False,0.4125,0.41875,0.006250000000000033,100.0,0.4125,0.0,100.0,0.4125,0.0,100.0,0.4125,0.0,100.0,0.4125,0.0,100.0,0.4125,0.0,
1,21,False,0.4806201550387597,0.48172757475083056,0.001107419712070845,100.0,0.4806201550387597,0.0,100.0,0.4806201550387597,0.0,100.0,0.4806201550387597,0.0,100.0,0.4806201550387597,0.0,100.0,0.4806201550387597,0.0,
2,22,False,0.49512987012987014,0.49837662337662336,0.00324675324675322,100.0,0.49512987012987014,0.0,100.0,0.49512987012987014,0.0,100.0,0.49512987012987014,0.0,100.0,0.49512987012987014,0.0,100.0,0.49512987012987014,0.0,
3,24,False,0.6265625,0.6333333333333333,0.0067708333333332815,100.0,0.6265625,0.0,100.0,0.6265625,0.0,100.0,0.6265625,0.0,100.0,0.6265625,0.0,100.0,0.6265625,0.0,
4,23,False,0.5487804878048781,0.545068928950159,-0.003711558854719077,100.0,0.5487804878048781,0.0,100.0,0.5487804878048781,0.0,100.0,0.5487804878048781,0.0,100.0,0.5487804878048781,0.0,100.0,0.5487804878048781,0.0,
5,22,False,0.3501082251082251,0.3430735930735931,-0.007034632034632005,100.0,0.3501082251082251,0.0,100.0,0.3501082251082251,0.0,100.0,0.3501082251082251,0.0,100.0,0.3501082251082251,0.0,100.0,0.3501082251082251,0.0,
6,28,False,0.5,0.5079365079365079,0.007936507936507908,100.0,0.5,0.0,100.0,0.5,0.0,100.0,0.5,0.0,100.0,0.5,0.0,100.0,0.5,0.0,
7,21,False,0.4418604651162791,0.46068660022148394,0.018826135105204866,100.0,0.4418604651162791,0.0,100.0,0.4418604651162791,0.0,100.0,0.4418604651162791,0.0,100.0,0.4418604651162791,0.0,100.0,0.4418604651162791,0.0,
8,31,False,0.48191593352883677,0.4804496578690127,-0.0014662756598240456,100.0,0.48191593352883677,0.0,100.0,0.48191593352883677,0.0,100.0,0.48191593352883677,0.0,100.0,0.48191593352883677,0.0,100.0,0.48191593352883677,0.0,
9,23,False,0.5254506892895016,0.5095440084835631,-0.01590668080593849,100.0,0.5254506892895016,0.0,100.0,0.5254506892895016,0.0,100.0,0.5254506892895016,0.0,100.0,0.5254506892895016,0.0,100.0,0.5254506892895016,0.0,
10,25,False,0.5835897435897436,0.5984615384615385,0.014871794871794908,100.0,0.5835897435897436,0.0,100.0,0.5835897435897436,0.0,100.0,0.5835897435897436,0.0,100.0,0.5835897435897436,0.0,100.0,0.5835897435897436,0.0,
11,21,False,0.5957918050941307,0.5902547065337763,-0.0055370985603543366,100.0,0.5957918050941307,0.0,100.0,0.5957918050941307,0.0,100.0,0.5957918050941307,0.0,100.0,0.5957918050941307,0.0,100.0,0.5957918050941307,0.0,
12,28,False,0.4955357142857143,0.4851190476190476,-0.010416666666666685,100.0,0.4955357142857143,0.0,100.0,0.4955357142857143,0.0,100.0,0.4955357142857143,0.0,100.0,0.4955357142857143,0.0,100.0,0.4955357142857143,0.0,
13,22,False,0.4648268398268398,0.4642857142857143,-0.0005411255411255089,100.0,0.4648268398268398,0.0,100.0,0.4648268398268398,0.0,100.0,0.4648268398268398,0.0,100.0,0.4648268398268398,0.0,100.0,0.4648268398268398,0.0,
14,25,False,0.54,0.5533333333333333,0.013333333333333308,100.0,0.54,0.0,100.0,0.54,0.0,100.0,0.54,0.0,100.0,0.54,0.0,100.0,0.54,0.0,
15,26,False,0.4964574898785425,0.5,0.0035425101214575094,100.0,0.4964574898785425,0.0,100.0,0.4964574898785425,0.0,100.0,0.4964574898785425,0.0,100.0,0.4964574898785425,0.0,100.0,0.4964574898785425,0.0,
16,21,False,0.3698781838316722,0.3698781838316722,0.0,100.0,0.3698781838316722,0.0,100.0,0.3698781838316722,0.0,100.0,0.3698781838316722,0.0,100.0,0.3698781838316722,0.0,100.0,0.3698781838316722,0.0,
17,27,False,0.6161161161161162,0.6031031031031031,-0.013013013013013053,100.0,0.6161161161161162,0.0,100.0,0.6161161161161162,0.0,100.0,0.6161161161161162,0.0,100.0,0.6161161161161162,0.0,100.0,0.6161161161161162,0.0,
18,30,False,0.5681372549019608,0.5877450980392157,0.019607843137254943,100.0,0.5681372549019608,0.0,100.0,0.5681372549019608,0.0,100.0,0.5681372549019608,0.0,100.0,0.5333333333333333,-0.03480392156862744,3.0,0.5681372549019608,0.0,
19,25,False,0.4169230769230769,0.42102564102564105,0.004102564102564155,100.0,0.4169230769230769,0.0,100.0,0.4169230769230769,0.0,100.0,0.4169230769230769,0.0,100.0,0.4169230769230769,0.0,100.0,0.4169230769230769,0.0,
20,22,False,0.46645021645021645,0.4724025974025974,0.005952380952380931,100.0,0.46645021645021645,0.0,100.0,0.46645021645021645,0.0,100.0,0.46645021645021645,0.0,100.0,0.46645021645021645,0.0,100.0,0.46645021645021645,0.0,
21,27,False,0.5015015015015015,0.503003003003003,0.0015015015015015232,100.0,0.5015015015015015,0.0,100.0,0.5015015015015015,0.0,100.0,0.5015015015015015,0.0,100.0,0.5015015015015015,0.0,100.0,0.5015015015015015,0.0,
22,22,False,0.5487012987012987,0.5487012987012987,0.0,100.0,0.5487012987012987,0.0,100.0,0.5487012987012987,0.0,100.0,0.5487012987012987,0.0,100.0,0.5487012987012987,0.0,100.0,0.5487012987012987,0.0,
23,29,False,0.5600985221674877,0.5571428571428572,-0.002955665024630516,100.0,0.5600985221674877,0.0,100.0,0.5600985221674877,0.0,100.0,0.5600985221674877,0.0,100.0,0.5600985221674877,0.0,100.0,0.5600985221674877,0.0,
24,25,False,0.6071794871794872,0.5994871794871794,-0.007692307692307776,100.0,0.6071794871794872,0.0,100.0,0.6071794871794872,0.0,100.0,0.6071794871794872,0.0,100.0,0.6071794871794872,0.0,100.0,0.6071794871794872,0.0,
25,26,False,0.4731781376518219,0.4767206477732793,0.003542510121457454,100.0,0.4731781376518219,0.0,100.0,0.4731781376518219,0.0,100.0,0.4731781376518219,0.0,100.0,0.4731781376518219,0.0,100.0,0.4731781376518219,0.0,
26,23,False,0.503711558854719,0.47348886532343587,-0.030222693531283096,100.0,0.503711558854719,0.0,100.0,0.503711558854719,0.0,100.0,0.503711558854719,0.0,100.0,0.503711558854719,0.0,100.0,0.503711558854719,0.0,
27,27,False,0.45095095095095095,0.45845845845845845,0.007507507507507505,100.0,0.45095095095095095,0.0,100.0,0.45095095095095095,0.0,100.0,0.45095095095095095,0.0,100.0,0.45095095095095095,0.0,100.0,0.45095095095095095,0.0,
28,25,False,0.5102564102564102,0.5133333333333333,0.003076923076923088,100.0,0.5102564102564102,0.0,100.0,0.5102564102564102,0.0,100.0,0.5102564102564102,0.0,100.0,0.5102564102564102,0.0,100.0,0.5102564102564102,0.0,
29,24,False,0.48854166666666665,0.45625,-0.03229166666666666,100.0,0.48854166666666665,0.0,100.0,0.48854166666666665,0.0,100.0,0.48854166666666665,0.0,100.0,0.48854166666666665,0.0,100.0,0.48854166666666665,0.0,
30,30,False,0.4730392156862745,0.47941176470588237,0.006372549019607876,100.0,0.4730392156862745,0.0,100.0,0.4730392156862745,0.0,100.0,0.4730392156862745,0.0,100.0,0.4730392156862745,0.0,100.0,0.4730392156862745,0.0,
31,24,False,0.4432291666666667,0.49375,0.05052083333333335,100.0,0.4432291666666667,0.0,100.0,0.4432291666666667,0.0,100.0,0.4432291666666667,0.0,100.0,0.4432291666666667,0.0,100.0,0.4432291666666667,0.0,
32,28,False,0.4469246031746032,0.43700396825396826,-0.009920634920634941,100.0,0.4469246031746032,0.0,100.0,0.4469246031746032,0.0,100.0,0.4469246031746032,0.0,100.0,0.4469246031746032,0.0,100.0,0.4469246031746032,0.0,
33,28,False,0.4662698412698413,0.47867063492063494,0.012400793650793662,100.0,0.4662698412698413,0.0,100.0,0.4662698412698413,0.0,100.0,0.4662698412698413,0.0,100.0,0.4662698412698413,0.0,100.0,0.4662698412698413,0.0,
34,26,False,0.43370445344129555,0.42864372469635625,-0.005060728744939291,100.0,0.43370445344129555,0.0,100.0,0.43370445344129555,0.0,100.0,0.43370445344129555,0.0,100.0,0.43370445344129555,0.0,100.0,0.43370445344129555,0.0,
35,23,False,0.45121951219512196,0.4427359490986214,-0.008483563096500557,100.0,0.45121951219512196,0.0,100.0,0.45121951219512196,0.0,100.0,0.45121951219512196,0.0,100.0,0.45121951219512196,0.0,100.0,0.45121951219512196,0.0,
36,29,False,0.5679802955665024,0.5596059113300492,-0.008374384236453203,100.0,0.5679802955665024,0.0,100.0,0.5679802955665024,0.0,100.0,0.5679802955665024,0.0,100.0,0.5679802955665024,0.0,100.0,0.5679802955665024,0.0,
37,24,False,0.4635416666666667,0.496875,0.033333333333333326,100.0,0.4635416666666667,0.0,100.0,0.4635416666666667,0.0,100.0,0.4635416666666667,0.0,100.0,0.4635416666666667,0.0,100.0,0.4635416666666667,0.0,
38,24,False,0.48385416666666664,0.45989583333333334,-0.023958333333333304,100.0,0.48385416666666664,0.0,100.0,0.48385416666666664,0.0,100.0,0.48385416666666664,0.0,100.0,0.48385416666666664,0.0,100.0,0.48385416666666664,0.0,
39,25,False,0.40615384615384614,0.38358974358974357,-0.022564102564102573,100.0,0.40615384615384614,0.0,100.0,0.40615384615384614,0.0,100.0,0.40615384615384614,0.0,100.0,0.40615384615384614,0.0,100.0,0.40615384615384614,0.0,
40,24,False,0.5723958333333333,0.5729166666666666,0.0005208333333333037,100.0,0.5723958333333333,0.0,100.0,0.5723958333333333,0.0,100.0,0.5723958333333333,0.0,100.0,0.5723958333333333,0.0,100.0,0.5723958333333333,0.0,
41,24,False,0.5078125,0.5145833333333333,0.0067708333333332815,100.0,0.5078125,0.0,100.0,0.5078125,0.0,100.0,0.5078125,0.0,100.0,0.5078125,0.0,100.0,0.5078125,0.0,
42,27,False,0.43543543543543545,0.45595595595595595,0.020520520520520502,100.0,0.43543543543543545,0.0,100.0,0.43543543543543545,0.0,100.0,0.43543543543543545,0.0,100.0,0.43543543543543545,0.0,100.0,0.43543543543543545,0.0,
43,25,False,0.5512820512820513,0.6046153846153847,0.053333333333333344,100.0,0.5512820512820513,0.0,100.0,0.5512820512820513,0.0,100.0,0.5512820512820513,0.0,100.0,0.5512820512820513,0.0,100.0,0.5512820512820513,0.0,
44,21,False,0.46179401993355484,0.46677740863787376,0.004983388704318914,100.0,0.46179401993355484,0.0,100.0,0.46179401993355484,0.0,100.0,0.46179401993355484,0.0,100.0,0.46179401993355484,0.0,100.0,0.46179401993355484,0.0,
45,26,False,0.5030364372469636,0.5172064777327935,0.014170040485829927,100.0,0.5030364372469636,0.0,100.0,0.5030364372469636,0.0,100.0,0.5030364372469636,0.0,100.0,0.5030364372469636,0.0,100.0,0.5030364372469636,0.0,
46,27,False,0.4774774774774775,0.4854854854854855,0.008008008008007994,100.0,0.4774774774774775,0.0,100.0,0.4774774774774775,0.0,100.0,0.4774774774774775,0.0,100.0,0.4774774774774775,0.0,100.0,0.4774774774774775,0.0,
47,29,False,0.5310344827586206,0.532512315270936,0.001477832512315369,100.0,0.5310344827586206,0.0,100.0,0.5310344827586206,0.0,100.0,0.5310344827586206,0.0,100.0,0.5310344827586206,0.0,100.0,0.5310344827586206,0.0,
48,28,False,0.3993055555555556,0.42410714285714285,0.02480158730158727,100.0,0.3993055555555556,0.0,100.0,0.3993055555555556,0.0,100.0,0.3993055555555556,0.0,100.0,0.3993055555555556,0.0,100.0,0.3993055555555556,0.0,
49,29,False,0.5221674876847291,0.5201970443349754,-0.0019704433497537144,100.0,0.5221674876847291,0.0,100.0,0.5221674876847291,0.0,100.0,0.5221674876847291,0.0,100.0,0.5221674876847291,0.0,100.0,0.5221674876847291,0.0,
50,24,False,0.5015625,0.49947916666666664,-0.0020833333333333814,100.0,0.5015625,0.0,100.0,0.5015625,0.0,100.0,0.5015625,0.0,100.0,0.5015625,0.0,100.0,0.5015625,0.0,
51,25,False,0.4723076923076923,0.4882051282051282,0.015897435897435863,100.0,0.4723076923076923,0.0,100.0,0.4723076923076923,0.0,100.0,0.4723076923076923,0.0,100.0,0.4723076923076923,0.0,100.0,0.4723076923076923,0.0,
52,29,False,0.470935960591133,0.49310344827586206,0.022167487684729037,100.0,0.470935960591133,0.0,100.0,0.470935960591133,0.0,100.0,0.470935960591133,0.0,100.0,0.470935960591133,0.0,100.0,0.470935960591133,0.0,
53,23,False,0.6033934252386002,0.6792152704135737,0.07582184517497348,100.0,0.6033934252386002,0.0,100.0,0.6033934252386002,0.0,100.0,0.6033934252386002,0.0,100.0,0.6033934252386002,0.0,100.0,0.6033934252386002,0.0,
54,22,False,0.5010822510822511,0.4902597402597403,-0.010822510822510845,100.0,0.5010822510822511,0.0,100.0,0.5010822510822511,0.0,100.0,0.5010822510822511,0.0,100.0,0.5010822510822511,0.0,100.0,0.5010822510822511,0.0,
55,24,False,0.45260416666666664,0.45625,0.003645833333333348,100.0,0.45260416666666664,0.0,100.0,0.45260416666666664,0.0,100.0,0.45260416666666664,0.0,100.0,0.45260416666666664,0.0,100.0,0.45260416666666664,0.0,
56,32,False,0.5419921875,0.5341796875,-0.0078125,100.0,0.5419921875,0.0,100.0,0.5419921875,0.0,100.0,0.5419921875,0.0,100.0,0.5419921875,0.0,100.0,0.5419921875,0.0,
57,26,False,0.49696356275303644,0.506578947368421,0.009615384615384581,100.0,0.49696356275303644,0.0,100.0,0.49696356275303644,0.0,100.0,0.49696356275303644,0.0,100.0,0.49696356275303644,0.0,100.0,0.49696356275303644,0.0,
58,18,False,0.35507246376811596,0.3617149758454106,0.00664251207729466,100.0,0.35507246376811596,0.0,100.0,0.35507246376811596,0.0,100.0,0.35507246376811596,0.0,100.0,0.35507246376811596,0.0,100.0,0.35507246376811596,0.0,
59,23,False,0.49204665959703076,0.49151643690349944,-0.0005302226935313126,100.0,0.49204665959703076,0.0,100.0,0.49204665959703076,0.0,100.0,0.49204665959703076,0.0,100.0,0.49204665959703076,0.0,100.0,0.49204665959703076,0.0,
60,23,False,0.5095440084835631,0.49204665959703076,-0.017497348886532316,100.0,0.5095440084835631,0.0,100.0,0.5095440084835631,0.0,100.0,0.5095440084835631,0.0,100.0,0.5095440084835631,0.0,100.0,0.5095440084835631,0.0,
61,25,False,0.5841025641025641,0.5815384615384616,-0.002564102564102555,100.0,0.5841025641025641,0.0,100.0,0.5841025641025641,0.0,100.0,0.5841025641025641,0.0,100.0,0.5841025641025641,0.0,100.0,0.5841025641025641,0.0,
62,28,False,0.6130952380952381,0.6264880952380952,0.013392857142857095,100.0,0.6130952380952381,0.0,100.0,0.6130952380952381,0.0,100.0,0.6130952380952381,0.0,100.0,0.6130952380952381,0.0,100.0,0.6130952380952381,0.0,
63,27,False,0.502002002002002,0.5005005005005005,-0.0015015015015014122,100.0,0.502002002002002,0.0,100.0,0.502002002002002,0.0,100.0,0.502002002002002,0.0,100.0,0.502002002002002,0.0,100.0,0.502002002002002,0.0,
64,23,False,0.39395546129374337,0.38229056203605516,-0.01166489925768821,100.0,0.39395546129374337,0.0,100.0,0.39395546129374337,0.0,100.0,0.39395546129374337,0.0,100.0,0.39395546129374337,0.0,100.0,0.39395546129374337,0.0,
65,30,False,0.49264705882352944,0.5284313725490196,0.03578431372549018,100.0,0.49264705882352944,0.0,100.0,0.49264705882352944,0.0,100.0,0.49264705882352944,0.0,100.0,0.49264705882352944,0.0,100.0,0.49264705882352944,0.0,
66,24,False,0.4083333333333333,0.421875,0.013541666666666674,100.0,0.4083333333333333,0.0,100.0,0.4083333333333333,0.0,100.0,0.4083333333333333,0.0,100.0,0.4083333333333333,0.0,100.0,0.4083333333333333,0.0,
67,26,False,0.4600202429149798,0.4524291497975709,-0.007591093117408909,100.0,0.4600202429149798,0.0,100.0,0.4600202429149798,0.0,100.0,0.4600202429149798,0.0,100.0,0.4600202429149798,0.0,100.0,0.4600202429149798,0.0,
68,20,False,0.4727272727272727,0.47897727272727275,0.006250000000000033,100.0,0.4727272727272727,0.0,100.0,0.4727272727272727,0.0,100.0,0.4727272727272727,0.0,100.0,0.4727272727272727,0.0,100.0,0.4727272727272727,0.0,
69,23,False,0.5657476139978791,0.5482502651113468,-0.017497348886532316,100.0,0.5657476139978791,0.0,100.0,0.5657476139978791,0.0,100.0,0.5657476139978791,0.0,100.0,0.5657476139978791,0.0,100.0,0.5657476139978791,0.0,
70,27,False,0.4754754754754755,0.481981981981982,0.006506506506506526,100.0,0.4754754754754755,0.0,100.0,0.4754754754754755,0.0,100.0,0.4754754754754755,0.0,100.0,0.4754754754754755,0.0,100.0,0.4754754754754755,0.0,
71,31,False,0.5131964809384164,0.5019550342130987,-0.011241446725317683,100.0,0.5131964809384164,0.0,100.0,0.5131964809384164,0.0,100.0,0.5131964809384164,0.0,100.0,0.5131964809384164,0.0,100.0,0.5131964809384164,0.0,
72,24,False,0.5786458333333333,0.6234375,0.044791666666666674,100.0,0.5786458333333333,0.0,100.0,0.5786458333333333,0.0,100.0,0.5786458333333333,0.0,100.0,0.5786458333333333,0.0,100.0,0.5786458333333333,0.0,
73,25,False,0.4707692307692308,0.5271794871794871,0.056410256410256376,100.0,0.4707692307692308,0.0,100.0,0.4707692307692308,0.0,100.0,0.4707692307692308,0.0,100.0,0.4707692307692308,0.0,100.0,0.4707692307692308,0.0,
74,28,False,0.39384920634920634,0.3943452380952381,0.0004960317460317443,100.0,0.39384920634920634,0.0,100.0,0.39384920634920634,0.0,100.0,0.39384920634920634,0.0,100.0,0.39384920634920634,0.0,100.0,0.39384920634920634,0.0,
75,22,False,0.5248917748917749,0.5211038961038961,-0.0037878787878787845,100.0,0.5248917748917749,0.0,100.0,0.5248917748917749,0.0,100.0,0.5248917748917749,0.0,100.0,0.5248917748917749,0.0,100.0,0.5248917748917749,0.0,
76,30,False,0.44166666666666665,0.44901960784313727,0.007352941176470618,100.0,0.44166666666666665,0.0,100.0,0.44166666666666665,0.0,100.0,0.44166666666666665,0.0,100.0,0.44166666666666665,0.0,100.0,0.44166666666666665,0.0,
77,28,False,0.5044642857142857,0.5124007936507936,0.007936507936507908,100.0,0.5044642857142857,0.0,100.0,0.5044642857142857,0.0,100.0,0.5044642857142857,0.0,100.0,0.5044642857142857,0.0,100.0,0.5044642857142857,0.0,
78,28,False,0.5902777777777778,0.5634920634920635,-0.0267857142857143,100.0,0.5902777777777778,0.0,100.0,0.5902777777777778,0.0,100.0,0.5902777777777778,0.0,100.0,0.5902777777777778,0.0,100.0,0.5902777777777778,0.0,
79,23,False,0.5795334040296924,0.5795334040296924,0.0,100.0,0.5795334040296924,0.0,100.0,0.5795334040296924,0.0,100.0,0.5795334040296924,0.0,100.0,0.5795334040296924,0.0,100.0,0.5795334040296924,0.0,
80,26,False,0.4559716599190283,0.4549595141700405,-0.001012145748987836,100.0,0.4559716599190283,0.0,100.0,0.4559716599190283,0.0,100.0,0.4559716599190283,0.0,100.0,0.4559716599190283,0.0,100.0,0.4559716599190283,0.0,
81,24,False,0.4395833333333333,0.44479166666666664,0.005208333333333315,100.0,0.4395833333333333,0.0,100.0,0.4395833333333333,0.0,100.0,0.4395833333333333,0.0,100.0,0.4395833333333333,0.0,100.0,0.4395833333333333,0.0,
82,32,False,0.44873046875,0.462890625,0.01416015625,100.0,0.44873046875,0.0,100.0,0.44873046875,0.0,100.0,0.44873046875,0.0,100.0,0.44873046875,0.0,100.0,0.44873046875,0.0,
83,26,False,0.5602226720647774,0.5592105263157895,-0.0010121457489878916,100.0,0.5602226720647774,0.0,100.0,0.5602226720647774,0.0,100.0,0.5602226720647774,0.0,100.0,0.5602226720647774,0.0,100.0,0.5602226720647774,0.0,
84,27,False,0.5235235235235235,0.526026026026026,0.0025025025025025016,100.0,0.5235235235235235,0.0,100.0,0.5235235235235235,0.0,100.0,0.5235235235235235,0.0,100.0,0.5235235235235235,0.0,100.0,0.5235235235235235,0.0,
85,22,False,0.571969696969697,0.573051948051948,0.0010822510822510178,100.0,0.571969696969697,0.0,100.0,0.571969696969697,0.0,100.0,0.571969696969697,0.0,100.0,0.571969696969697,0.0,100.0,0.571969696969697,0.0,
86,28,False,0.41617063492063494,0.4246031746031746,0.008432539682539653,100.0,0.41617063492063494,0.0,100.0,0.41617063492063494,0.0,100.0,0.41617063492063494,0.0,100.0,0.41617063492063494,0.0,100.0,0.41617063492063494,0.0,
87,19,False,0.49415204678362573,0.531578947368421,0.03742690058479531,100.0,0.49415204678362573,0.0,100.0,0.49415204678362573,0.0,100.0,0.49415204678362573,0.0,100.0,0.49415204678362573,0.0,100.0,0.49415204678362573,0.0,
88,27,False,0.4029029029029029,0.41291291291291293,0.010010010010010006,100.0,0.4029029029029029,0.0,100.0,0.4029029029029029,0.0,100.0,0.4029029029029029,0.0,100.0,0.4029029029029029,0.0,100.0,0.4029029029029029,0.0,
89,28,False,0.4558531746031746,0.4593253968253968,0.00347222222222221,100.0,0.4558531746031746,0.0,100.0,0.4558531746031746,0.0,100.0,0.4558531746031746,0.0,100.0,0.4558531746031746,0.0,100.0,0.4558531746031746,0.0,
90,29,False,0.45270935960591135,0.44433497536945815,-0.008374384236453203,100.0,0.45270935960591135,0.0,100.0,0.45270935960591135,0.0,100.0,0.45270935960591135,0.0,100.0,0.45270935960591135,0.0,100.0,0.45270935960591135,0.0,
91,25,False,0.39692307692307693,0.3984615384615385,0.001538461538461544,100.0,0.39692307692307693,0.0,100.0,0.39692307692307693,0.0,100.0,0.39692307692307693,0.0,100.0,0.39692307692307693,0.0,100.0,0.39692307692307693,0.0,
92,28,False,0.5014880952380952,0.49702380952380953,-0.004464285714285698,100.0,0.5014880952380952,0.0,100.0,0.5014880952380952,0.0,100.0,0.5014880952380952,0.0,100.0,0.5014880952380952,0.0,100.0,0.5014880952380952,0.0,
93,27,False,0.4394394394394394,0.44344344344344344,0.004004004004004025,100.0,0.4394394394394394,0.0,100.0,0.4394394394394394,0.0,100.0,0.4394394394394394,0.0,100.0,0.4394394394394394,0.0,100.0,0.4394394394394394,0.0,
94,29,False,0.4911330049261084,0.47881773399014776,-0.012315270935960632,100.0,0.4911330049261084,0.0,100.0,0.4911330049261084,0.0,100.0,0.4911330049261084,0.0,100.0,0.4911330049261084,0.0,100.0,0.4911330049261084,0.0,
95,32,False,0.47021484375,0.46826171875,-0.001953125,100.0,0.47021484375,0.0,100.0,0.47021484375,0.0,100.0,0.47021484375,0.0,100.0,0.47021484375,0.0,100.0,0.47021484375,0.0,
96,27,False,0.5705705705705706,0.5895895895895896,0.019019019019019034,100.0,0.5705705705705706,0.0,100.0,0.5705705705705706,0.0,100.0,0.5705705705705706,0.0,100.0,0.5705705705705706,0.0,100.0,0.5705705705705706,0.0,
97,20,False,0.4346590909090909,0.4284090909090909,-0.006249999999999978,100.0,0.4346590909090909,0.0,100.0,0.4346590909090909,0.0,100.0,0.4346590909090909,0.0,100.0,0.4346590909090909,0.0,100.0,0.4346590909090909,0.0,
98,28,False,0.4915674603174603,0.4965277777777778,0.004960317460317498,100.0,0.4915674603174603,0.0,100.0,0.4915674603174603,0.0,100.0,0.4915674603174603,0.0,100.0,0.4915674603174603,0.0,100.0,0.4915674603174603,0.0,
