family,j,seed,gamma_z,gamma_z1,board,label,mechanism_description,outside_density,predictor,auc,D,logloss,logloss_margin_over_N1,precision_at_32,ceiling_full,ceiling_block,regrown_share_full,regrown_share_block,M_real,n_ge,n_shuffles,n_deg,n_valid_shuffles,p_S,p_P,p_P_rowcol,lambda_ko,lambda_full,lambda_block,auc_other_59,auc_fixed_lambda1,p_P_fixed_lambda1
R,0,90100,2.0,0.0,z,R,,0.24008651766402306,rule #2.1,1.0,3.3557905515610633,0.2739047084213271,0.4835101912582379,1.0,1.0,1.0,1.0,1.0,0.4541015625,0,99,0,99,0.01,0.0001,0.0001,1.0,1.0,1.0,1.0,1.0,0.0001
R,0,90100,2.0,0.0,z,R,,0.24008651766402306,BF_1,1.0,2.918704809565453,0.2688481509565812,0.4885667487229838,1.0,1.0,1.0,1.0,1.0,0.4541015625,0,99,0,99,0.01,0.0001,0.0001,1.0,1.0,1.0,1.0,1.0,0.0001
R,0,90100,2.0,0.0,z,R,,0.24008651766402306,BF_2,1.0,2.2879691909017406,0.3374754934944124,0.4199394061851526,1.0,1.0,1.0,1.0,1.0,0.4541015625,0,99,0,99,0.01,0.0001,0.0001,3.0,3.0,1.0,1.0,1.0,0.0001
R,0,90100,2.0,0.0,z,R,,0.24008651766402306,BF_3,1.0,2.3001092878532887,0.3371279209071074,0.4202869787724576,1.0,1.0,1.0,1.0,1.0,0.4541015625,0,99,0,99,0.01,0.0001,0.0001,3.0,3.0,1.0,1.0,1.0,0.0001
R,0,90100,2.0,0.0,z,R,,0.24008651766402306,BF_4,1.0,2.440180072696042,0.32099971201541977,0.4364151876641452,1.0,1.0,1.0,1.0,1.0,0.4541015625,0,99,0,99,0.01,0.0001,0.0001,3.0,3.0,1.0,1.0,0.931640625,0.0001
R,0,90100,2.0,0.0,z,R,,0.24008651766402306,N1,0.5458984375,0.0,0.757414899679565,0.0,0.625,0.548828125,0.5,0.94,,0.0,99,99,0,99,1.0,0.2645,0.0007,,,,0.5260416666666666,,
R,1,90101,2.0,0.0,z,R,,0.23672194184090362,rule #2.1,1.0,3.6650069795114995,0.24355487100116177,0.5150960316775438,1.0,1.0,1.0,1.0,1.0,0.4892578125,0,99,0,99,0.01,0.0001,0.0001,1.0,1.0,1.0,1.0,1.0,0.0001
R,1,90101,2.0,0.0,z,R,,0.23672194184090362,BF_1,1.0,3.2471447639710913,0.2282474739487182,0.5304034287299875,1.0,1.0,1.0,1.0,1.0,0.4892578125,0,99,0,99,0.01,0.0001,0.0001,1.0,1.0,1.0,1.0,1.0,0.0001
R,1,90101,2.0,0.0,z,R,,0.23672194184090362,BF_2,1.0,2.527359401308372,0.3007463114447601,0.4579045912339455,1.0,1.0,1.0,1.0,1.0,0.4892578125,0,99,0,99,0.01,0.0001,0.0001,3.0,3.0,1.0,1.0,1.0,0.0001
R,1,90101,2.0,0.0,z,R,,0.23672194184090362,BF_3,1.0,2.4890494320600554,0.30481834718132217,0.45383255549738344,1.0,1.0,1.0,1.0,1.0,0.4892578125,0,99,0,99,0.01,0.0001,0.0001,3.0,3.0,1.0,1.0,1.0,0.0001
R,1,90101,2.0,0.0,z,R,,0.23672194184090362,BF_4,1.0,2.4105113404969445,0.3135992833600635,0.4450516193186421,1.0,1.0,1.0,1.0,1.0,0.4892578125,0,99,0,99,0.01,0.0001,0.0001,3.0,3.0,1.0,1.0,0.986328125,0.0001
R,1,90101,2.0,0.0,z,R,,0.23672194184090362,N1,0.5107421875,0.0,0.7586509026787056,0.0,0.5,0.5087890625,0.5,1.2222222222222223,,0.0,99,99,0,99,1.0,0.4484,0.1248,,,,0.5011574074074074,,
R,2,90102,2.0,0.0,z,R,,0.24465272770968516,rule #2.1,1.0,3.308457905065584,0.29128721707195526,0.4811464008998836,1.0,1.0,1.0,1.0,1.0,0.46484375,0,99,0,99,0.01,0.0001,0.0001,1.0,1.0,1.0,1.0,1.0,0.0001
R,2,90102,2.0,0.0,z,R,,0.24465272770968516,BF_1,1.0,2.972886549383626,0.27998997820287197,0.4924436397689669,1.0,1.0,1.0,1.0,1.0,0.46484375,0,99,0,99,0.01,0.0001,0.0001,1.0,1.0,1.0,1.0,1.0,0.0001
R,2,90102,2.0,0.0,z,R,,0.24465272770968516,BF_2,0.9912109375,2.224038392822521,0.3615818910131238,0.410851726958715,0.9375,1.0,1.0,0.982421875,0.982421875,0.4560546875,0,99,0,99,0.01,0.0001,0.0001,3.0,3.0,1.0,0.9895833333333334,0.994140625,0.0001
R,2,90102,2.0,0.0,z,R,,0.24465272770968516,BF_3,0.9892578125,2.2360694729721637,0.358954767927052,0.41347885004478685,0.90625,1.0,1.0,0.978515625,0.978515625,0.4541015625,0,99,0,99,0.01,0.0001,0.0001,3.0,3.0,1.0,0.9872685185185185,0.974609375,0.0001
R,2,90102,2.0,0.0,z,R,,0.24465272770968516,BF_4,0.982421875,2.156588491314499,0.37401619450902374,0.3984174234628151,0.90625,1.0,1.0,0.96484375,0.96484375,0.447265625,0,99,0,99,0.01,0.0001,0.0001,3.0,3.0,1.0,0.9791666666666666,0.9658203125,0.0001
R,2,90102,2.0,0.0,z,R,,0.24465272770968516,N1,0.53515625,0.0,0.7724336179718388,0.0,0.53125,0.5390625,0.5,0.9,,0.0,99,99,0,99,1.0,0.317,0.0432,,,,0.5271990740740741,,
R,3,90103,2.0,0.0,z,R,,0.2420091324200913,rule #2.1,1.0,3.9940720780591077,0.19759338929218861,0.5298870266520894,1.0,1.0,1.0,1.0,1.0,0.501953125,0,99,0,99,0.01,0.0001,0.0001,1.0,1.0,1.0,1.0,1.0,0.0001
R,3,90103,2.0,0.0,z,R,,0.2420091324200913,BF_1,1.0,3.5245327288552066,0.19336107505028383,0.5341193408939942,1.0,1.0,1.0,1.0,1.0,0.501953125,0,99,0,99,0.01,0.0001,0.0001,1.0,1.0,1.0,1.0,1.0,0.0001
R,3,90103,2.0,0.0,z,R,,0.2420091324200913,BF_2,1.0,2.488269442468706,0.29122711128792966,0.4362533046563484,1.0,1.0,1.0,1.0,1.0,0.501953125,0,99,0,99,0.01,0.0001,0.0001,3.0,3.0,1.0,1.0,1.0,0.0001
R,3,90103,2.0,0.0,z,R,,0.2420091324200913,BF_3,1.0,2.4474000712363075,0.2967775606598447,0.43070285528443336,1.0,1.0,1.0,1.0,1.0,0.501953125,0,99,0,99,0.01,0.0001,0.0001,3.0,3.0,1.0,1.0,0.9990234375,0.0001
R,3,90103,2.0,0.0,z,R,,0.2420091324200913,BF_4,0.9990234375,2.491982839867545,0.29251379692696233,0.4349666190173157,0.96875,1.0,1.0,0.998046875,0.998046875,0.5009765625,0,99,0,99,0.01,0.0001,0.0001,3.0,3.0,1.0,0.9988425925925926,0.994140625,0.0001
R,3,90103,2.0,0.0,z,R,,0.2420091324200913,N1,0.498046875,0.0,0.727480415944278,0.0,0.5,0.501953125,0.5,-1.0,,0.0,99,99,0,99,1.0,0.5186,0.5704,,,,0.4982638888888889,,
R,4,90104,2.0,0.0,z,R,,0.25306416726748376,rule #2.1,1.0,3.203503445732281,0.24602703197575998,0.4762962597792291,1.0,1.0,1.0,1.0,1.0,0.4921875,0,99,0,99,0.01,0.0001,0.0001,1.0,1.0,1.0,1.0,1.0,0.0001
R,4,90104,2.0,0.0,z,R,,0.25306416726748376,BF_1,1.0,2.8313074322702305,0.2437883956821058,0.4785348960728833,1.0,1.0,1.0,1.0,1.0,0.4921875,0,99,0,99,0.01,0.0001,0.0001,1.0,1.0,1.0,1.0,1.0,0.0001
R,4,90104,2.0,0.0,z,R,,0.25306416726748376,BF_2,1.0,2.381307069278365,0.29703888238132137,0.42528440937366774,1.0,1.0,1.0,1.0,1.0,0.4921875,0,99,0,99,0.01,0.0001,0.0001,3.0,3.0,1.0,1.0,0.986328125,0.0001
R,4,90104,2.0,0.0,z,R,,0.25306416726748376,BF_3,1.0,2.394530946245859,0.2984184778416194,0.4239048139133697,1.0,1.0,1.0,1.0,1.0,0.4921875,0,99,0,99,0.01,0.0001,0.0001,3.0,3.0,1.0,1.0,0.9853515625,0.0001
R,4,90104,2.0,0.0,z,R,,0.25306416726748376,BF_4,1.0,2.4120323333397113,0.3011774962064686,0.4211457955485205,1.0,1.0,1.0,1.0,1.0,0.4921875,0,99,0,99,0.01,0.0001,0.0001,3.0,3.0,1.0,1.0,0.9775390625,0.0001
R,4,90104,2.0,0.0,z,R,,0.25306416726748376,N1,0.5078125,-5.551115123125783e-17,0.7223232917549891,0.0,0.53125,0.509765625,0.5,0.8,,0.0,99,99,0,99,1.0,0.4518,0.3303,,,,0.5109953703703703,,
Nf,0,90110,0.0,0.0,z,G,orthogonal (rule #2.1's ceiling_full = 0.5088 < 0.90),0.14251381879355923,rule #2.1,0.5048828125,0.0,0.8132084628735545,0.000961413384992893,0.53125,0.5087890625,1.0,0.5555555555555556,0.009765625,-0.0029296875,58,99,0,99,0.59,0.4779,0.3719,100.0,100.0,1.0,0.5179398148148148,0.5078125,0.464
Nf,0,90110,0.0,0.0,z,G,orthogonal (rule #2.1's ceiling_full = 0.5088 < 0.90),0.14251381879355923,BF_1,0.5078125,0.0,0.8141698762585474,0.0,0.5,0.5068359375,1.0,1.1428571428571428,0.015625,0.0,97,99,0,99,0.98,0.4626,0.3004,100.0,100.0,1.0,0.5225694444444444,0.5029296875,0.4908
Nf,0,90110,0.0,0.0,z,G,orthogonal (rule #2.1's ceiling_full = 0.5088 < 0.90),0.14251381879355923,BF_2,0.5078125,0.0,0.8141698762585474,0.0,0.5,0.5068359375,1.0,1.1428571428571428,0.015625,0.0,98,99,0,99,0.99,0.4626,0.3004,100.0,100.0,1.0,0.5225694444444444,0.484375,0.5893
Nf,0,90110,0.0,0.0,z,G,orthogonal (rule #2.1's ceiling_full = 0.5088 < 0.90),0.14251381879355923,BF_3,0.5078125,0.0,0.8141698762585474,0.0,0.5,0.5068359375,1.0,1.1428571428571428,0.015625,0.0,99,99,0,99,1.0,0.4626,0.3004,100.0,100.0,1.0,0.5225694444444444,0.494140625,0.5429
Nf,0,90110,0.0,0.0,z,G,orthogonal (rule #2.1's ceiling_full = 0.5088 < 0.90),0.14251381879355923,BF_4,0.5078125,0.0,0.8141698762585474,0.0,0.5,0.5068359375,1.0,1.1428571428571428,0.015625,0.0,99,99,0,99,1.0,0.4626,0.3004,100.0,100.0,1.0,0.5225694444444444,0.4736328125,0.6434
Nf,0,90110,0.0,0.0,z,G,orthogonal (rule #2.1's ceiling_full = 0.5088 < 0.90),0.14251381879355923,N1,0.5078125,0.0,0.8141698762585474,0.0,0.5,0.5068359375,0.5,1.1428571428571428,,0.0,99,99,0,99,1.0,0.4626,0.3004,,,,0.5225694444444444,,
Nf,1,90111,0.0,0.0,z,G,orthogonal (rule #2.1's ceiling_full = 0.5513 < 0.90),0.13410237923576063,rule #2.1,0.5361328125,1.1102230246251565e-16,0.7973018943714884,0.004871951941221808,0.5625,0.55126953125,1.0,0.7047619047619048,0.072265625,-0.0126953125,85,99,0,99,0.86,0.3093,0.0207,100.0,100.0,1.0,0.5057870370370371,0.5146484375,0.4212
Nf,1,90111,0.0,0.0,z,G,orthogonal (rule #2.1's ceiling_full = 0.5513 < 0.90),0.13410237923576063,BF_1,0.548828125,0.0,0.8021738463127102,0.0,0.5625,0.556640625,1.0,0.8620689655172413,0.09765625,0.0,95,99,0,99,0.96,0.2504,0.0025,100.0,100.0,1.0,0.5254629629629629,0.5107421875,0.4524
Nf,1,90111,0.0,0.0,z,G,orthogonal (rule #2.1's ceiling_full = 0.5513 < 0.90),0.13410237923576063,BF_2,0.548828125,0.0,0.8021738463127102,0.0,0.5625,0.556640625,1.0,0.8620689655172413,0.09765625,0.0,98,99,0,99,0.99,0.2504,0.0025,100.0,100.0,1.0,0.5254629629629629,0.4921875,0.5484
Nf,1,90111,0.0,0.0,z,G,orthogonal (rule #2.1's ceiling_full = 0.5513 < 0.90),0.13410237923576063,BF_3,0.548828125,0.0,0.8021738463127102,0.0,0.5625,0.556640625,1.0,0.8620689655172413,0.09765625,0.0,99,99,0,99,1.0,0.2504,0.0025,100.0,100.0,1.0,0.5254629629629629,0.4833984375,0.5977
Nf,1,90111,0.0,0.0,z,G,orthogonal (rule #2.1's ceiling_full = 0.5513 < 0.90),0.13410237923576063,BF_4,0.548828125,0.0,0.8021738463127102,0.0,0.5625,0.556640625,1.0,0.8620689655172413,0.09765625,0.0,99,99,0,99,1.0,0.2504,0.0025,100.0,100.0,1.0,0.5254629629629629,0.474609375,0.6434
Nf,1,90111,0.0,0.0,z,G,orthogonal (rule #2.1's ceiling_full = 0.5513 < 0.90),0.13410237923576063,N1,0.548828125,0.0,0.8021738463127102,0.0,0.5625,0.556640625,0.5,0.8620689655172413,,0.0,99,99,0,99,1.0,0.2504,0.0025,,,,0.5254629629629629,,
Nf,2,90112,0.0,0.0,z,G,no information (rule #2.1's ceiling_full = 0.9561 >= 0.90),0.12424897861091083,rule #2.1,0.5068359375,0.0,0.9765746168477987,0.003472604678336433,0.5625,0.9560546875,1.0,0.014989293361884369,0.013671875,0.0029296875,31,99,0,99,0.32,0.4636,0.3011,100.0,3.0,1.0,0.49537037037037035,0.59326171875,0.1021
Nf,2,90112,0.0,0.0,z,G,no information (rule #2.1's ceiling_full = 0.9561 >= 0.90),0.12424897861091083,BF_1,0.50390625,0.0,0.9800472215261351,0.0,0.53125,0.955078125,1.0,0.008583690987124463,0.0078125,0.0,98,99,0,99,0.99,0.4816,0.3787,100.0,3.0,1.0,0.4965277777777778,0.599609375,0.0895
Nf,2,90112,0.0,0.0,z,G,no information (rule #2.1's ceiling_full = 0.9561 >= 0.90),0.12424897861091083,BF_2,0.5556640625,0.15432573515290016,0.9330972154061552,0.046950006119979903,0.5625,0.9384765625,1.0,0.12694877505567928,0.111328125,0.0517578125,0,99,0,99,0.01,0.2252,0.0576,3.0,3.0,1.0,0.5578703703703703,0.5888671875,0.1143
Nf,2,90112,0.0,0.0,z,G,no information (rule #2.1's ceiling_full = 0.9561 >= 0.90),0.12424897861091083,BF_3,0.50390625,0.0,0.9800472215261351,0.0,0.53125,0.9580078125,1.0,0.008528784648187633,0.0078125,0.0,99,99,0,99,1.0,0.4816,0.3787,100.0,3.0,1.0,0.4965277777777778,0.5859375,0.1231
Nf,2,90112,0.0,0.0,z,G,no information (rule #2.1's ceiling_full = 0.9561 >= 0.90),0.12424897861091083,BF_4,0.50390625,0.0,0.9800472215261351,0.0,0.53125,0.9736328125,1.0,0.008247422680412371,0.0078125,0.0,99,99,0,99,1.0,0.4816,0.3787,100.0,3.0,1.0,0.4965277777777778,0.564453125,0.1854
Nf,2,90112,0.0,0.0,z,G,no information (rule #2.1's ceiling_full = 0.9561 >= 0.90),0.12424897861091083,N1,0.50390625,0.0,0.9800472215261351,0.0,0.53125,0.4921875,0.5,,,0.0,99,99,0,99,1.0,0.4816,0.3787,,,,0.4965277777777778,,
Nf,3,90113,0.0,0.0,z,G,no information (rule #2.1's ceiling_full = 1.0000 >= 0.90),0.1391492429704398,rule #2.1,0.501953125,0.0,0.899402261312846,0.0019330265154745563,0.5625,1.0,1.0,0.00390625,0.00390625,-0.0009765625,44,99,0,99,0.45,0.4915,0.4418,100.0,3.0,1.0,0.4994212962962963,0.623046875,0.045
Nf,3,90113,0.0,0.0,z,G,no information (rule #2.1's ceiling_full = 1.0000 >= 0.90),0.1391492429704398,BF_1,0.5029296875,0.0,0.9013352878283205,0.0,0.5625,1.0,1.0,0.005859375,0.005859375,0.0,97,99,0,99,0.98,0.4863,0.4121,100.0,3.0,1.0,0.5,0.634765625,0.0332
Nf,3,90113,0.0,0.0,z,G,no information (rule #2.1's ceiling_full = 1.0000 >= 0.90),0.1391492429704398,BF_2,0.5029296875,0.0,0.9013352878283205,0.0,0.5625,1.0,1.0,0.005859375,0.005859375,0.0,99,99,0,99,1.0,0.4863,0.4121,100.0,3.0,1.0,0.5,0.646484375,0.0219
Nf,3,90113,0.0,0.0,z,G,no information (rule #2.1's ceiling_full = 1.0000 >= 0.90),0.1391492429704398,BF_3,0.5029296875,0.0,0.9013352878283205,0.0,0.5625,1.0,1.0,0.005859375,0.005859375,0.0,99,99,0,99,1.0,0.4863,0.4121,100.0,3.0,1.0,0.5,0.5673828125,0.1817
Nf,3,90113,0.0,0.0,z,G,no information (rule #2.1's ceiling_full = 1.0000 >= 0.90),0.1391492429704398,BF_4,0.5029296875,0.0,0.9013352878283205,0.0,0.5625,1.0,1.0,0.005859375,0.005859375,0.0,99,99,0,99,1.0,0.4863,0.4121,100.0,3.0,1.0,0.5,0.4326171875,0.8239
Nf,3,90113,0.0,0.0,z,G,no information (rule #2.1's ceiling_full = 1.0000 >= 0.90),0.1391492429704398,N1,0.5029296875,0.0,0.9013352878283205,0.0,0.5625,0.498046875,0.5,,,0.0,99,99,0,99,1.0,0.4863,0.4121,,,,0.5,,
Nf,4,90114,0.0,0.0,z,G,no information (rule #2.1's ceiling_full = 0.9355 >= 0.90),0.1422734919490507,rule #2.1,0.5166015625,0.0,0.905845367152472,0.01098717695347351,0.53125,0.935546875,1.0,0.03811659192825112,0.033203125,-0.005859375,68,99,0,99,0.69,0.4156,0.1724,100.0,3.0,1.0,0.5196759259259259,0.509765625,0.451
Nf,4,90114,0.0,0.0,z,G,no information (rule #2.1's ceiling_full = 0.9355 >= 0.90),0.1422734919490507,BF_1,0.5224609375,0.0,0.9168325441059455,0.0,0.53125,0.9345703125,1.0,0.051685393258426963,0.044921875,0.0,97,99,0,99,0.98,0.386,0.1084,100.0,3.0,1.0,0.5231481481481481,0.501953125,0.4942
Nf,4,90114,0.0,0.0,z,G,no information (rule #2.1's ceiling_full = 0.9355 >= 0.90),0.1422734919490507,BF_2,0.5224609375,0.0,0.9168325441059455,0.0,0.53125,0.517578125,1.0,1.2777777777777777,0.044921875,0.0,98,99,0,99,0.99,0.386,0.1084,100.0,100.0,1.0,0.5231481481481481,0.4921875,0.5434
Nf,4,90114,0.0,0.0,z,G,no information (rule #2.1's ceiling_full = 0.9355 >= 0.90),0.1422734919490507,BF_3,0.5224609375,0.0,0.9168325441059455,0.0,0.53125,0.517578125,1.0,1.2777777777777777,0.044921875,0.0,97,99,0,99,0.98,0.386,0.1084,100.0,100.0,1.0,0.5231481481481481,0.5166015625,0.4145
Nf,4,90114,0.0,0.0,z,G,no information (rule #2.1's ceiling_full = 0.9355 >= 0.90),0.1422734919490507,BF_4,0.5224609375,0.0,0.9168325441059455,0.0,0.53125,0.517578125,1.0,1.2777777777777777,0.044921875,0.0,98,99,0,99,0.99,0.386,0.1084,100.0,100.0,1.0,0.5231481481481481,0.537109375,0.3056
Nf,4,90114,0.0,0.0,z,G,no information (rule #2.1's ceiling_full = 0.9355 >= 0.90),0.1422734919490507,N1,0.5224609375,0.0,0.9168325441059455,0.0,0.53125,0.517578125,0.5,1.2777777777777777,,0.0,99,99,0,99,1.0,0.386,0.1084,,,,0.5231481481481481,,
No,0,90120,2.0,0.0,z',G,orthogonal (rule #2.1's ceiling_full = 0.4883 < 0.90),0.23720259552992068,rule #2.1,0.4990234375,0.02032830491131299,1.1422016503843895,-0.4224289503596005,0.5,0.48828125,1.0,,-0.001953125,-0.0078125,83,99,0,99,0.84,0.5082,0.5028,1.0,1.0,1.0,0.5114942528735632,0.4990234375,0.5082
No,0,90120,2.0,0.0,z',G,orthogonal (rule #2.1's ceiling_full = 0.4883 < 0.90),0.23720259552992068,BF_1,0.4990234375,0.014411443267389856,1.0441013933942094,-0.3243286933694204,0.5,0.5009765625,1.0,-1.0,-0.001953125,-0.0078125,99,99,0,99,1.0,0.51,0.5041,1.0,1.0,1.0,0.5126436781609195,0.4990234375,0.51
No,0,90120,2.0,0.0,z',G,orthogonal (rule #2.1's ceiling_full = 0.4883 < 0.90),0.23720259552992068,BF_2,0.4833984375,0.0028078076676109065,0.9244457545339316,-0.20467305450914264,0.5,0.9541015625,1.0,-0.03655913978494624,-0.033203125,-0.0234375,99,99,0,99,1.0,0.5895,0.5867,3.0,3.0,1.0,0.4954022988505747,0.4814453125,0.6043
No,0,90120,2.0,0.0,z',G,orthogonal (rule #2.1's ceiling_full = 0.4883 < 0.90),0.23720259552992068,BF_3,0.4794921875,-0.018101106148073864,0.9299500516964354,-0.21017735167164642,0.5,0.9560546875,1.0,-0.044967880085653104,-0.041015625,-0.02734375,99,99,0,99,1.0,0.6107,0.6049,3.0,3.0,1.0,0.4896551724137931,0.484375,0.5879
No,0,90120,2.0,0.0,z',G,orthogonal (rule #2.1's ceiling_full = 0.4883 < 0.90),0.23720259552992068,BF_4,0.5126953125,0.006863073678682385,0.927972830064728,-0.20820013003993898,0.5,0.9580078125,1.0,0.02771855010660981,0.025390625,0.005859375,0,99,0,99,0.01,0.4351,0.4354,3.0,3.0,1.0,0.5149425287356322,0.4814453125,0.6071
No,0,90120,2.0,0.0,z',G,orthogonal (rule #2.1's ceiling_full = 0.4883 < 0.90),0.23720259552992068,N1,0.5068359375,0.0,0.719772700024789,0.0,0.5,0.5068359375,0.5,1.0,,0.0,99,99,0,99,1.0,0.4661,0.3621,,,,0.5252873563218391,,
No,1,90121,2.0,0.0,z',G,orthogonal (rule #2.1's ceiling_full = 0.4966 < 0.90),0.2427301129536169,rule #2.1,0.49609375,-0.0004560379702684969,1.1067282217794934,-0.3620097122065795,0.5,0.49658203125,1.0,,-0.0078125,0.0,53,99,0,99,0.54,0.522,0.5278,1.0,1.0,1.0,0.5045977011494253,0.49609375,0.522
No,1,90121,2.0,0.0,z',G,orthogonal (rule #2.1's ceiling_full = 0.4966 < 0.90),0.2427301129536169,BF_1,0.5,-0.0009575804944965682,1.0017682045026164,-0.25704969492970253,0.5,0.49609375,1.0,,0.0,0.00390625,2,99,0,99,0.03,0.5028,0.5059,1.0,1.0,1.0,0.5080459770114942,0.5,0.5028
No,1,90121,2.0,0.0,z',G,orthogonal (rule #2.1's ceiling_full = 0.4966 < 0.90),0.2427301129536169,BF_2,0.5009765625,-0.00017227644277184595,0.9092084170612571,-0.16448990748834325,0.5,0.8837890625,1.0,0.002544529262086514,0.001953125,0.0048828125,0,99,0,99,0.01,0.4959,0.5011,3.0,3.0,1.0,0.5114942528735632,0.5048828125,0.4773
No,1,90121,2.0,0.0,z',G,orthogonal (rule #2.1's ceiling_full = 0.4966 < 0.90),0.2427301129536169,BF_3,0.5009765625,0.0025067682849485573,0.9031132646293779,-0.15839475505646405,0.5,0.900390625,1.0,0.0024390243902439024,0.001953125,0.0048828125,0,99,0,99,0.01,0.4968,0.5062,3.0,3.0,1.0,0.5091954022988506,0.501953125,0.491
No,1,90121,2.0,0.0,z',G,orthogonal (rule #2.1's ceiling_full = 0.4966 < 0.90),0.2427301129536169,BF_4,0.5126953125,0.024194395941733393,0.888745747664595,-0.14402723809168116,0.53125,0.92578125,1.0,0.02981651376146789,0.025390625,0.0166015625,0,99,0,99,0.01,0.4315,0.4391,3.0,3.0,1.0,0.5195402298850574,0.521484375,0.3852
No,1,90121,2.0,0.0,z',G,orthogonal (rule #2.1's ceiling_full = 0.4966 < 0.90),0.2427301129536169,N1,0.49609375,0.0,0.7447185095729139,0.0,0.5,0.4912109375,0.5,,,0.0,99,99,0,99,1.0,0.5134,0.626,,,,0.4908045977011494,,
No,2,90122,2.0,0.0,z',G,orthogonal (rule #2.1's ceiling_full = 0.5020 < 0.90),0.24993991828887285,rule #2.1,0.498046875,-0.13571331185311486,1.244854079439452,-0.513501427049243,0.5,0.501953125,1.0,-1.0,-0.00390625,0.01171875,24,99,0,99,0.25,0.5141,0.5191,1.0,1.0,1.0,0.5189655172413793,0.498046875,0.5141
No,2,90122,2.0,0.0,z',G,orthogonal (rule #2.1's ceiling_full = 0.5020 < 0.90),0.24993991828887285,BF_1,0.505859375,-0.14302911370262156,1.143919285582483,-0.4125666331922738,0.5,0.509765625,1.0,0.6,0.01171875,0.01953125,0,99,0,99,0.01,0.4717,0.4799,1.0,1.0,1.0,0.5241379310344828,0.505859375,0.4717
No,2,90122,2.0,0.0,z',G,orthogonal (rule #2.1's ceiling_full = 0.5020 < 0.90),0.24993991828887285,BF_2,0.4755859375,-0.10300241796524778,0.9791235348313808,-0.24777088244117174,0.5,0.837890625,1.0,-0.07225433526011561,-0.048828125,-0.0107421875,99,99,0,99,1.0,0.6371,0.6238,3.0,3.0,1.0,0.49310344827586206,0.4814453125,0.6041
No,2,90122,2.0,0.0,z',G,orthogonal (rule #2.1's ceiling_full = 0.5020 < 0.90),0.24993991828887285,BF_3,0.46875,-0.14670066692768968,0.9786054542024398,-0.24725280181223075,0.53125,0.90234375,1.0,-0.07766990291262135,-0.0625,-0.017578125,99,99,0,99,1.0,0.6736,0.6548,3.0,3.0,1.0,0.496551724137931,0.451171875,0.7525
No,2,90122,2.0,0.0,z',G,orthogonal (rule #2.1's ceiling_full = 0.5020 < 0.90),0.24993991828887285,BF_4,0.4697265625,-0.10486877797880623,0.9680583829649562,-0.2367057305747471,0.53125,0.93359375,1.0,-0.06981981981981981,-0.060546875,-0.0166015625,99,99,0,99,1.0,0.6669,0.6504,3.0,3.0,1.0,0.4954022988505747,0.482421875,0.5999
No,2,90122,2.0,0.0,z',G,orthogonal (rule #2.1's ceiling_full = 0.5020 < 0.90),0.24993991828887285,N1,0.486328125,0.0,0.7313526523902091,0.0,0.5,0.4892578125,0.5,,,0.0,99,99,0,99,1.0,0.5752,0.7862,,,,0.4942528735632184,,
No,3,90123,2.0,0.0,z',G,orthogonal (rule #2.1's ceiling_full = 0.4902 < 0.90),0.24056717135304012,rule #2.1,0.4755859375,0.005426749617195359,1.0538664367121537,-0.2959221921717945,0.5,0.490234375,1.0,,-0.048828125,0.01953125,3,99,0,99,0.04,0.629,0.6386,1.0,1.0,1.0,0.4942528735632184,0.4755859375,0.629
No,3,90123,2.0,0.0,z',G,orthogonal (rule #2.1's ceiling_full = 0.4902 < 0.90),0.24056717135304012,BF_1,0.4775390625,0.0024276243051314372,0.9542952798129064,-0.19635103527254716,0.5,0.4853515625,1.0,,-0.044921875,0.021484375,1,99,0,99,0.02,0.6198,0.6325,1.0,1.0,1.0,0.49770114942528737,0.4775390625,0.6198
No,3,90123,2.0,0.0,z',G,orthogonal (rule #2.1's ceiling_full = 0.4902 < 0.90),0.24056717135304012,BF_2,0.49609375,0.00028585459742547226,0.8904364872943005,-0.13249224275394123,0.5,0.90234375,1.0,-0.009708737864077669,-0.0078125,0.0400390625,0,99,0,99,0.01,0.5226,0.5258,3.0,3.0,1.0,0.5229885057471264,0.5029296875,0.4873
No,3,90123,2.0,0.0,z',G,orthogonal (rule #2.1's ceiling_full = 0.4902 < 0.90),0.24056717135304012,BF_3,0.4775390625,-0.07374110314334126,0.911835519589716,-0.15389127504935673,0.5,0.9228515625,1.0,-0.053117782909930716,-0.044921875,0.021484375,0,99,0,99,0.01,0.6196,0.6236,3.0,3.0,1.0,0.503448275862069,0.47265625,0.6491
No,3,90123,2.0,0.0,z',G,orthogonal (rule #2.1's ceiling_full = 0.4902 < 0.90),0.24056717135304012,BF_4,0.4716796875,-0.09185700351570003,0.916774373070011,-0.15883012852965173,0.5,0.9306640625,1.0,-0.06575963718820861,-0.056640625,0.015625,0,99,0,99,0.01,0.6538,0.6527,3.0,3.0,1.0,0.49770114942528737,0.4814453125,0.6033
No,3,90123,2.0,0.0,z',G,orthogonal (rule #2.1's ceiling_full = 0.4902 < 0.90),0.24056717135304012,N1,0.4560546875,0.0,0.7579442445403592,0.0,0.4375,0.45703125,0.5,,,0.0,99,99,0,99,1.0,0.724,0.9997,,,,0.47413793103448276,,
No,4,90124,2.0,0.0,z',G,orthogonal (rule #2.1's ceiling_full = 0.4751 < 0.90),0.23720259552992068,rule #2.1,0.48046875,-0.002683587389352149,1.077905301261949,-0.34602815383248353,0.5,0.47509765625,1.0,,-0.0390625,-0.0244140625,95,99,0,99,0.96,0.6047,0.6065,1.0,1.0,1.0,0.5045977011494253,0.48046875,0.6047
No,4,90124,2.0,0.0,z',G,orthogonal (rule #2.1's ceiling_full = 0.4751 < 0.90),0.23720259552992068,BF_1,0.4873046875,-0.01076739409152544,0.9928288602497838,-0.26095171282031826,0.5,0.484375,1.0,,-0.025390625,-0.017578125,99,99,0,99,1.0,0.5696,0.5733,1.0,1.0,1.0,0.506896551724138,0.4873046875,0.5696
No,4,90124,2.0,0.0,z',G,orthogonal (rule #2.1's ceiling_full = 0.4751 < 0.90),0.23720259552992068,BF_2,0.4794921875,-0.03870993539428019,0.9015594447990498,-0.1696822973695843,0.5,0.8505859375,1.0,-0.0584958217270195,-0.041015625,-0.025390625,98,99,0,99,0.99,0.6133,0.6139,3.0,3.0,1.0,0.503448275862069,0.4921875,0.5433
No,4,90124,2.0,0.0,z',G,orthogonal (rule #2.1's ceiling_full = 0.4751 < 0.90),0.23720259552992068,BF_3,0.4990234375,8.375248693659465e-05,0.9007407464561258,-0.16886359902666026,0.53125,0.8583984375,1.0,-0.0027247956403269754,-0.001953125,-0.005859375,99,99,0,99,1.0,0.51,0.5104,3.0,3.0,1.0,0.5252873563218391,0.4892578125,0.5649
No,4,90124,2.0,0.0,z',G,orthogonal (rule #2.1's ceiling_full = 0.4751 < 0.90),0.23720259552992068,BF_4,0.50390625,-0.010865794354529279,0.9049304166556367,-0.17305326922617115,0.5,0.9208984375,1.0,0.009280742459396751,0.0078125,-0.0009765625,99,99,0,99,1.0,0.4796,0.4819,3.0,3.0,1.0,0.5241379310344828,0.4990234375,0.5071
No,4,90124,2.0,0.0,z',G,orthogonal (rule #2.1's ceiling_full = 0.4751 < 0.90),0.23720259552992068,N1,0.5048828125,0.0,0.7318771474294655,0.0,0.5,0.5,0.5,,,0.0,99,99,0,99,1.0,0.4743,0.3593,,,,0.524712643678161,,
W,0,90130,1.5,2.5,z,W,,0.28791155972122084,rule #2.1,0.50341796875,0.09005473997983637,1.134245135747947,-0.41161980444253543,0.5,0.517578125,1.0,0.19444444444444445,0.0068359375,0.00146484375,49,99,0,99,0.5,0.4939,0.4847,1.0,1.0,1.0,0.5040509259259259,0.50341796875,0.4939
W,0,90130,1.5,2.5,z,W,,0.28791155972122084,BF_1,0.515625,0.14722299693991409,1.0327649558499576,-0.310139624544546,0.5,0.5146484375,1.0,1.0666666666666667,0.03125,0.013671875,0,99,0,99,0.01,0.4296,0.4225,1.0,1.0,1.0,0.5138888888888888,0.515625,0.4296
W,0,90130,1.5,2.5,z,W,,0.28791155972122084,BF_2,0.7451171875,2.1242225832147685,0.7613628678164229,-0.038737536511011306,0.5,0.888671875,1.0,0.6306532663316583,0.490234375,0.2431640625,0,99,0,99,0.01,0.0004,0.0018,1.0,1.0,1.0,0.7534722222222222,0.7451171875,0.0004
W,0,90130,1.5,2.5,z,W,,0.28791155972122084,BF_3,0.6845703125,1.7317393527806129,0.9116655471604982,-0.18904021585508657,0.5,0.94140625,1.0,0.41814159292035397,0.369140625,0.1826171875,0,99,0,99,0.01,0.0046,0.0123,1.0,1.0,1.0,0.6898148148148148,0.6845703125,0.0046
W,0,90130,1.5,2.5,z,W,,0.28791155972122084,BF_4,0.689453125,1.9351751660722172,0.913084513144222,-0.1904591818388104,0.53125,0.9892578125,1.0,0.3872255489021956,0.37890625,0.1875,0,99,0,99,0.01,0.0028,0.0089,1.0,1.0,1.0,0.6979166666666666,0.689453125,0.0028
W,0,90130,1.5,2.5,z,W,,0.28791155972122084,N1,0.501953125,0.0,0.7226253313054116,0.0,0.46875,0.501953125,0.5,1.0,,0.0,99,99,0,99,1.0,0.4875,0.4632,,,,0.4710648148148148,,
W,1,90131,1.5,2.5,z,W,,0.2929584234559,rule #2.1,0.53125,0.10760821715270164,1.0711701862094227,-0.3604436105019053,0.5,0.5341796875,1.0,0.9142857142857143,0.0625,-0.0361328125,98,99,0,99,0.99,0.3426,0.3459,1.0,1.0,1.0,0.5138888888888888,0.53125,0.3426
W,1,90131,1.5,2.5,z,W,,0.2929584234559,BF_1,0.53515625,0.15278281618069026,1.0045744322320616,-0.29384785652454415,0.5,0.533203125,1.0,1.0588235294117647,0.0703125,-0.0322265625,99,99,0,99,1.0,0.3187,0.328,1.0,1.0,1.0,0.5266203703703703,0.53515625,0.3187
W,1,90131,1.5,2.5,z,W,,0.2929584234559,BF_2,0.7294921875,1.9017855681081826,0.7475439392859999,-0.03681736357848253,0.53125,0.8662109375,1.0,0.6266666666666667,0.458984375,0.162109375,0,99,0,99,0.01,0.0007,0.0025,1.0,1.0,1.0,0.7349537037037037,0.7294921875,0.0007
W,1,90131,1.5,2.5,z,W,,0.2929584234559,BF_3,0.6953125,1.7780867735607857,0.8321605614320873,-0.12143398572456987,0.5625,0.927734375,1.0,0.45662100456621,0.390625,0.1279296875,0,99,0,99,0.01,0.0036,0.0081,1.0,1.0,1.0,0.7175925925925926,0.6953125,0.0036
W,1,90131,1.5,2.5,z,W,,0.2929584234559,BF_4,0.677734375,1.7237700092032089,0.8930957034673448,-0.1823691277598274,0.53125,0.9853515625,1.0,0.36619718309859156,0.35546875,0.1103515625,0,99,0,99,0.01,0.0069,0.015,1.0,1.0,1.0,0.6863425925925926,0.677734375,0.0069
W,1,90131,1.5,2.5,z,W,,0.2929584234559,N1,0.5673828125,2.7755575615628914e-17,0.7107265757075174,0.0,0.5625,0.564453125,0.5,1.0454545454545454,,0.0,99,99,0,99,1.0,0.1763,0.0001,,,,0.5341435185185185,,
W,2,90132,1.5,2.5,z,W,,0.29175678923335735,rule #2.1,0.5224609375,0.2020907951381411,1.1530278978843864,-0.4357715327511703,0.5,0.5244140625,1.0,0.92,0.044921875,0.0224609375,2,99,0,99,0.03,0.3845,0.397,1.0,1.0,1.0,0.5150462962962963,0.5224609375,0.3845
W,2,90132,1.5,2.5,z,W,,0.29175678923335735,BF_1,0.5205078125,0.2494373315335338,1.0396556582528402,-0.3223992931196241,0.5,0.521484375,1.0,0.9545454545454546,0.041015625,0.0205078125,0,99,0,99,0.01,0.3965,0.4065,1.0,1.0,1.0,0.5104166666666666,0.5205078125,0.3965
W,2,90132,1.5,2.5,z,W,,0.29175678923335735,BF_2,0.7333984375,1.8050130133632207,0.8134466953449728,-0.09619033021175671,0.5,0.8603515625,1.0,0.6476964769647696,0.466796875,0.2333984375,0,99,0,99,0.01,0.0007,0.0023,1.0,1.0,1.0,0.7395833333333334,0.7333984375,0.0007
W,2,90132,1.5,2.5,z,W,,0.29175678923335735,BF_3,0.7041015625,1.5620301839086994,0.8842420369181604,-0.16698567178494428,0.5,0.9443359375,1.0,0.4593406593406593,0.408203125,0.2041015625,0,99,0,99,0.01,0.0025,0.0074,1.0,1.0,1.0,0.7071759259259259,0.7041015625,0.0025
W,2,90132,1.5,2.5,z,W,,0.29175678923335735,BF_4,0.681640625,1.5641047756141777,0.8925110907520188,-0.17525472561880273,0.5,0.9814453125,1.0,0.3772819472616633,0.36328125,0.181640625,0,99,0,99,0.01,0.0054,0.0138,1.0,1.0,1.0,0.6828703703703703,0.681640625,0.0054
W,2,90132,1.5,2.5,z,W,,0.29175678923335735,N1,0.5,5.551115123125783e-17,0.7172563651332161,0.0,0.5,0.498046875,0.5,,,0.0,99,99,0,99,1.0,0.5055,0.5126,,,,0.5150462962962963,,
W,3,90133,1.5,2.5,z,W,,0.2867099254986782,rule #2.1,0.51904296875,0.07912454091190302,1.0299607550093106,-0.30350915550595103,0.5,0.52734375,1.0,0.6964285714285714,0.0380859375,0.04248046875,2,99,0,99,0.03,0.4029,0.4069,1.0,1.0,1.0,0.5457175925925926,0.51904296875,0.4029
W,3,90133,1.5,2.5,z,W,,0.2867099254986782,BF_1,0.5185546875,0.09498262411469927,0.9496968880126688,-0.22324528850930925,0.5,0.5234375,1.0,0.7916666666666666,0.037109375,0.0419921875,0,99,0,99,0.01,0.4082,0.4116,1.0,1.0,1.0,0.5474537037037037,0.5185546875,0.4082
W,3,90133,1.5,2.5,z,W,,0.2867099254986782,BF_2,0.7548828125,2.545637421960641,0.5645447377046752,0.1619068617986844,0.5625,0.9892578125,1.0,0.5209580838323353,0.509765625,0.2783203125,0,99,0,99,0.01,0.0004,0.001,1.0,1.0,1.0,0.7627314814814815,0.7548828125,0.0004
W,3,90133,1.5,2.5,z,W,,0.2867099254986782,BF_3,0.7509765625,2.2362087457901327,0.654392810934539,0.07205878856882053,0.5625,0.9990234375,1.0,0.50293542074364,0.501953125,0.2744140625,0,99,0,99,0.01,0.0004,0.0015,1.0,1.0,1.0,0.7511574074074074,0.7509765625,0.0004
W,3,90133,1.5,2.5,z,W,,0.2867099254986782,BF_4,0.75,2.544377920131093,0.6817993605835866,0.04465223891977299,0.59375,0.9990234375,1.0,0.5009784735812133,0.5,0.2734375,0,99,0,99,0.01,0.0003,0.0019,1.0,1.0,1.0,0.7488425925925926,0.75,0.0003
W,3,90133,1.5,2.5,z,W,,0.2867099254986782,N1,0.4765625,0.0,0.7264515995033596,0.0,0.4375,0.4765625,0.5,,,0.0,99,99,0,99,1.0,0.6269,0.9534,,,,0.4878472222222222,,
W,4,90134,1.5,2.5,z,W,,0.2975246335015621,rule #2.1,0.5029296875,0.16201444661912012,1.0722120309243697,-0.32988318222431534,0.5,0.515625,1.0,0.1875,0.005859375,0.0009765625,48,99,0,99,0.49,0.4853,0.4849,1.0,1.0,1.0,0.5046296296296297,0.5029296875,0.4853
W,4,90134,1.5,2.5,z,W,,0.2975246335015621,BF_1,0.5146484375,0.2143745421139165,0.9825567190873283,-0.240227870387274,0.5,0.5361328125,1.0,0.40540540540540543,0.029296875,0.0126953125,0,99,0,99,0.01,0.4223,0.4268,1.0,1.0,1.0,0.5115740740740741,0.5146484375,0.4223
W,4,90134,1.5,2.5,z,W,,0.2975246335015621,BF_2,0.7529296875,2.4569862207825697,0.6171049971467316,0.12522385155332272,0.5625,0.974609375,1.0,0.5329218106995884,0.505859375,0.2509765625,0,99,0,99,0.01,0.0003,0.001,1.0,1.0,1.0,0.7627314814814815,0.7529296875,0.0003
W,4,90134,1.5,2.5,z,W,,0.2975246335015621,BF_3,0.7578125,2.2985553242271126,0.6734437154641295,0.06888513323592482,0.625,0.986328125,1.0,0.5301204819277109,0.515625,0.255859375,0,99,0,99,0.01,0.0003,0.0006,1.0,1.0,1.0,0.7824074074074074,0.7578125,0.0003
W,4,90134,1.5,2.5,z,W,,0.2975246335015621,BF_4,0.728515625,1.2289252363111236,0.6693196932743644,0.07300915542568998,0.5625,0.9501953125,1.0,0.5075921908893709,0.45703125,0.2265625,0,99,0,99,0.01,0.0009,0.0027,3.0,3.0,1.0,0.7511574074074074,0.7646484375,0.0002
W,4,90134,1.5,2.5,z,W,,0.2975246335015621,N1,0.501953125,0.0,0.7423288487000543,0.0,0.53125,0.49609375,0.5,,,0.0,99,99,0,99,1.0,0.4912,0.4586,,,,0.5,,
M0.5,0,90140,0.5,0.0,z,R,,0.15164623888488343,rule #2.1,0.7353515625,0.5721485580322629,0.6882834634677776,0.12267851416087605,0.65625,0.98828125,1.0,0.482,0.470703125,0.2421875,0,99,0,99,0.01,0.0004,0.0001,3.0,3.0,1.0,0.71875,0.78564453125,0.0001
M0.5,0,90140,0.5,0.0,z,R,,0.15164623888488343,BF_1,0.736328125,0.5753711148537858,0.6836275222689012,0.1273344553597524,0.65625,0.9921875,1.0,0.4801587301587302,0.47265625,0.2431640625,0,99,0,99,0.01,0.0004,0.0001,3.0,3.0,1.0,0.7164351851851852,0.8095703125,0.0001
M0.5,0,90140,0.5,0.0,z,R,,0.15164623888488343,BF_2,0.4931640625,0.0,0.8109619776286536,0.0,0.5,0.99609375,1.0,-0.013779527559055118,-0.013671875,0.0,98,99,0,99,0.99,0.5468,0.6888,100.0,3.0,1.0,0.5046296296296297,0.8095703125,0.0001
M0.5,0,90140,0.5,0.0,z,R,,0.15164623888488343,BF_3,0.4931640625,0.0,0.8109619776286536,0.0,0.5,0.994140625,1.0,-0.01383399209486166,-0.013671875,0.0,99,99,0,99,1.0,0.5468,0.6888,100.0,3.0,1.0,0.5046296296296297,0.7392578125,0.0003
M0.5,0,90140,0.5,0.0,z,R,,0.15164623888488343,BF_4,0.4931640625,0.0,0.8109619776286536,0.0,0.5,0.9970703125,1.0,-0.0137524557956778,-0.013671875,0.0,99,99,0,99,1.0,0.5468,0.6888,100.0,3.0,1.0,0.5046296296296297,0.732421875,0.0002
M0.5,0,90140,0.5,0.0,z,R,,0.15164623888488343,N1,0.4931640625,0.0,0.8109619776286536,0.0,0.5,0.4951171875,0.5,,,0.0,99,99,0,99,1.0,0.5468,0.6888,,,,0.5046296296296297,,
M0.5,1,90141,0.5,0.0,z,G,no information (rule #2.1's ceiling_full = 1.0000 >= 0.90),0.136986301369863,rule #2.1,0.50048828125,0.0,0.8696722299818425,0.012203355245851588,0.5,1.0,1.0,0.0009765625,0.0009765625,0.00146484375,49,99,0,99,0.5,0.4998,0.4766,100.0,3.0,1.0,0.46875,0.5859375,0.1171
M0.5,1,90141,0.5,0.0,z,G,no information (rule #2.1's ceiling_full = 1.0000 >= 0.90),0.136986301369863,BF_1,0.4990234375,0.0,0.881875585227694,0.0,0.5,1.0,1.0,-0.001953125,-0.001953125,0.0,93,99,0,99,0.94,0.5115,0.5552,100.0,3.0,1.0,0.4681712962962963,0.611328125,0.0616
M0.5,1,90141,0.5,0.0,z,G,no information (rule #2.1's ceiling_full = 1.0000 >= 0.90),0.136986301369863,BF_2,0.4990234375,0.0,0.881875585227694,0.0,0.5,1.0,1.0,-0.001953125,-0.001953125,0.0,99,99,0,99,1.0,0.5115,0.5552,100.0,3.0,1.0,0.4681712962962963,0.591796875,0.1052
M0.5,1,90141,0.5,0.0,z,G,no information (rule #2.1's ceiling_full = 1.0000 >= 0.90),0.136986301369863,BF_3,0.56640625,0.19761591971944736,0.8562903611797096,0.025585224047984467,0.5625,1.0,1.0,0.1328125,0.1328125,0.0673828125,0,99,0,99,0.01,0.1818,0.0231,3.0,3.0,1.0,0.5370370370370371,0.5849609375,0.1238
M0.5,1,90141,0.5,0.0,z,G,no information (rule #2.1's ceiling_full = 1.0000 >= 0.90),0.136986301369863,BF_4,0.5634765625,0.20049777368854071,0.8568457409673427,0.025029844260351375,0.53125,1.0,1.0,0.126953125,0.126953125,0.064453125,0,99,0,99,0.01,0.1935,0.0308,3.0,3.0,1.0,0.5300925925925926,0.5810546875,0.1371
M0.5,1,90141,0.5,0.0,z,G,no information (rule #2.1's ceiling_full = 1.0000 >= 0.90),0.136986301369863,N1,0.4990234375,0.0,0.881875585227694,0.0,0.5,0.49609375,0.5,,,0.0,99,99,0,99,1.0,0.5115,0.5552,,,,0.4681712962962963,,
M0.5,2,90142,0.5,0.0,z,G,no information (rule #2.1's ceiling_full = 0.9893 >= 0.90),0.14203316510454217,rule #2.1,0.53076171875,0.11348041443137724,0.8817051477987066,0.023608972052022614,0.5625,0.9892578125,1.0,0.06287425149700598,0.0615234375,0.03173828125,0,99,0,99,0.01,0.3425,0.1306,3.0,3.0,1.0,0.49710648148148145,0.5498046875,0.2516
M0.5,2,90142,0.5,0.0,z,G,no information (rule #2.1's ceiling_full = 0.9893 >= 0.90),0.14203316510454217,BF_1,0.5283203125,0.11050881280472069,0.8827577058538736,0.022556413996855595,0.5625,0.990234375,1.0,0.05776892430278884,0.056640625,0.029296875,1,99,0,99,0.02,0.356,0.1491,3.0,3.0,1.0,0.49189814814814814,0.5419921875,0.2884
M0.5,2,90142,0.5,0.0,z,G,no information (rule #2.1's ceiling_full = 0.9893 >= 0.90),0.14203316510454217,BF_2,0.4990234375,0.0,0.9053141198507292,0.0,0.5,0.99609375,1.0,-0.001968503937007874,-0.001953125,0.0,97,99,0,99,0.98,0.514,0.5302,100.0,3.0,1.0,0.45601851851851855,0.515625,0.4181
M0.5,2,90142,0.5,0.0,z,G,no information (rule #2.1's ceiling_full = 0.9893 >= 0.90),0.14203316510454217,BF_3,0.4990234375,0.0,0.9053141198507292,0.0,0.5,0.9951171875,1.0,-0.0019723865877712033,-0.001953125,0.0,98,99,0,99,0.99,0.514,0.5302,100.0,3.0,1.0,0.45601851851851855,0.5068359375,0.4666
M0.5,2,90142,0.5,0.0,z,G,no information (rule #2.1's ceiling_full = 0.9893 >= 0.90),0.14203316510454217,BF_4,0.4990234375,0.0,0.9053141198507292,0.0,0.5,0.9951171875,1.0,-0.0019723865877712033,-0.001953125,0.0,98,99,0,99,0.99,0.514,0.5302,100.0,3.0,1.0,0.45601851851851855,0.6103515625,0.0656
M0.5,2,90142,0.5,0.0,z,G,no information (rule #2.1's ceiling_full = 0.9893 >= 0.90),0.14203316510454217,N1,0.4990234375,0.0,0.9053141198507292,0.0,0.5,0.5146484375,0.5,-0.06666666666666667,,0.0,99,99,0,99,1.0,0.514,0.5302,,,,0.45601851851851855,,
M0.5,3,90143,0.5,0.0,z,G,orthogonal (rule #2.1's ceiling_full = 0.5327 < 0.90),0.15332852679644315,rule #2.1,0.5283203125,0.0,0.7784965157939767,0.01311392926790722,0.53125,0.53271484375,1.0,0.8656716417910447,0.056640625,0.001953125,44,99,0,99,0.45,0.359,0.0466,100.0,100.0,1.0,0.5254629629629629,0.5068359375,0.4709
M0.5,3,90143,0.5,0.0,z,G,orthogonal (rule #2.1's ceiling_full = 0.5327 < 0.90),0.15332852679644315,BF_1,0.5263671875,0.0,0.7916104450618839,0.0,0.53125,0.537109375,1.0,0.7105263157894737,0.052734375,0.0,97,99,0,99,0.98,0.3699,0.0709,100.0,100.0,1.0,0.5277777777777778,0.4853515625,0.583
M0.5,3,90143,0.5,0.0,z,G,orthogonal (rule #2.1's ceiling_full = 0.5327 < 0.90),0.15332852679644315,BF_2,0.5263671875,0.0,0.7916104450618839,0.0,0.53125,0.537109375,1.0,0.7105263157894737,0.052734375,0.0,99,99,0,99,1.0,0.3699,0.0709,100.0,100.0,1.0,0.5277777777777778,0.4638671875,0.6974
M0.5,3,90143,0.5,0.0,z,G,orthogonal (rule #2.1's ceiling_full = 0.5327 < 0.90),0.15332852679644315,BF_3,0.5263671875,0.0,0.7916104450618839,0.0,0.53125,0.537109375,1.0,0.7105263157894737,0.052734375,0.0,99,99,0,99,1.0,0.3699,0.0709,100.0,100.0,1.0,0.5277777777777778,0.4423828125,0.7939
M0.5,3,90143,0.5,0.0,z,G,orthogonal (rule #2.1's ceiling_full = 0.5327 < 0.90),0.15332852679644315,BF_4,0.4892578125,-0.09436625038064139,0.8401958488457907,-0.048585403783906744,0.59375,0.96875,1.0,-0.022916666666666665,-0.021484375,-0.037109375,99,99,0,99,1.0,0.5732,0.5923,3.0,3.0,1.0,0.47337962962962965,0.46484375,0.6956
M0.5,3,90143,0.5,0.0,z,G,orthogonal (rule #2.1's ceiling_full = 0.5327 < 0.90),0.15332852679644315,N1,0.5263671875,0.0,0.7916104450618839,0.0,0.53125,0.537109375,0.5,0.7105263157894737,,0.0,99,99,0,99,1.0,0.3699,0.0709,,,,0.5277777777777778,,
M0.5,4,90144,0.5,0.0,z,G,no information (rule #2.1's ceiling_full = 0.9990 >= 0.90),0.1506849315068493,rule #2.1,0.490234375,0.0,0.8582171526539453,-0.000479387390888375,0.46875,0.9990234375,1.0,-0.019569471624266144,-0.01953125,0.0,43,99,0,99,0.44,0.5525,0.7962,100.0,3.0,1.0,0.48842592592592593,0.48046875,0.6114
M0.5,4,90144,0.5,0.0,z,G,no information (rule #2.1's ceiling_full = 0.9990 >= 0.90),0.1506849315068493,BF_1,0.490234375,0.0,0.8577377652630569,0.0,0.5,0.998046875,1.0,-0.0196078431372549,-0.01953125,0.0,97,99,0,99,0.98,0.5518,0.8017,100.0,3.0,1.0,0.4837962962962963,0.4482421875,0.7639
M0.5,4,90144,0.5,0.0,z,G,no information (rule #2.1's ceiling_full = 0.9990 >= 0.90),0.1506849315068493,BF_2,0.498046875,0.008247299022172028,0.880721611026757,-0.02298384576370005,0.46875,0.9970703125,1.0,-0.003929273084479371,-0.00390625,0.0078125,0,99,0,99,0.01,0.5223,0.5271,3.0,3.0,1.0,0.4849537037037037,0.50390625,0.4872
M0.5,4,90144,0.5,0.0,z,G,no information (rule #2.1's ceiling_full = 0.9990 >= 0.90),0.1506849315068493,BF_3,0.5537109375,0.12812431082663278,0.8574671424557652,0.0002706228072917316,0.59375,0.998046875,1.0,0.10784313725490197,0.107421875,0.0634765625,0,99,0,99,0.01,0.238,0.099,3.0,3.0,1.0,0.5416666666666666,0.57421875,0.1636
M0.5,4,90144,0.5,0.0,z,G,no information (rule #2.1's ceiling_full = 0.9990 >= 0.90),0.1506849315068493,BF_4,0.490234375,0.0,0.8577377652630569,0.0,0.5,0.9921875,1.0,-0.01984126984126984,-0.01953125,0.0,98,99,0,99,0.99,0.5518,0.8017,100.0,3.0,1.0,0.4837962962962963,0.59765625,0.0918
M0.5,4,90144,0.5,0.0,z,G,no information (rule #2.1's ceiling_full = 0.9990 >= 0.90),0.1506849315068493,N1,0.490234375,0.0,0.8577377652630569,0.0,0.5,0.4921875,0.5,,,0.0,99,99,0,99,1.0,0.5518,0.8017,,,,0.4837962962962963,,
M1.0,0,90150,1.0,0.0,z,R,,0.16870944484498918,rule #2.1,0.9697265625,1.7906119721513967,0.4941030573000837,0.33028210645678097,0.9375,1.0,1.0,0.939453125,0.939453125,0.4619140625,0,99,0,99,0.01,0.0001,0.0001,1.0,1.0,1.0,0.9652777777777778,0.9697265625,0.0001
M1.0,0,90150,1.0,0.0,z,R,,0.16870944484498918,BF_1,0.96875,1.5470766865309324,0.5082342506581922,0.3161509130986725,0.9375,1.0,1.0,0.9375,0.9375,0.4609375,0,99,0,99,0.01,0.0001,0.0001,1.0,1.0,1.0,0.9652777777777778,0.96875,0.0001
M1.0,0,90150,1.0,0.0,z,R,,0.16870944484498918,BF_2,0.8876953125,1.0120654119345174,0.6066191169226354,0.2177660468342293,0.8125,0.9990234375,1.0,0.776908023483366,0.775390625,0.3798828125,0,99,0,99,0.01,0.0001,0.0001,3.0,3.0,1.0,0.8831018518518519,0.9072265625,0.0001
M1.0,0,90150,1.0,0.0,z,R,,0.16870944484498918,BF_3,0.853515625,0.9836026514002106,0.6208776021742259,0.20350756158263872,0.75,1.0,1.0,0.70703125,0.70703125,0.345703125,0,99,0,99,0.01,0.0001,0.0001,3.0,3.0,1.0,0.8449074074074074,0.8310546875,0.0001
M1.0,0,90150,1.0,0.0,z,R,,0.16870944484498918,BF_4,0.8564453125,0.9824527636313132,0.6248202506164844,0.19956491314038027,0.75,0.9990234375,1.0,0.7142857142857143,0.712890625,0.3486328125,0,99,0,99,0.01,0.0001,0.0001,3.0,3.0,1.0,0.8553240740740741,0.802734375,0.0001
M1.0,0,90150,1.0,0.0,z,R,,0.16870944484498918,N1,0.5078125,0.0,0.8243851637568647,0.0,0.5625,0.50390625,0.5,2.0,,0.0,99,99,0,99,1.0,0.4656,0.3585,,,,0.5075231481481481,,
M1.0,1,90151,1.0,0.0,z,R,,0.17159336697909156,rule #2.1,0.9541015625,1.748756612495908,0.49749372403253245,0.3005973263771513,0.875,1.0,1.0,0.908203125,0.908203125,0.4482421875,0,99,0,99,0.01,0.0001,0.0001,1.0,1.0,1.0,0.9618055555555556,0.9541015625,0.0001
M1.0,1,90151,1.0,0.0,z,R,,0.17159336697909156,BF_1,0.97265625,1.585378281510354,0.4824681780653709,0.31562287234431285,0.875,1.0,1.0,0.9453125,0.9453125,0.466796875,0,99,0,99,0.01,0.0001,0.0001,1.0,1.0,1.0,0.9791666666666666,0.97265625,0.0001
M1.0,1,90151,1.0,0.0,z,R,,0.17159336697909156,BF_2,0.9306640625,1.0756777445591152,0.5668051628212365,0.23128588758844726,0.875,1.0,1.0,0.861328125,0.861328125,0.4248046875,0,99,0,99,0.01,0.0001,0.0001,3.0,3.0,1.0,0.9444444444444444,0.9697265625,0.0001
M1.0,1,90151,1.0,0.0,z,R,,0.17159336697909156,BF_3,0.8984375,1.08625919612006,0.572668328539455,0.22542272187022871,0.8125,1.0,1.0,0.796875,0.796875,0.392578125,0,99,0,99,0.01,0.0001,0.0001,3.0,3.0,1.0,0.9282407407407407,0.896484375,0.0001
M1.0,1,90151,1.0,0.0,z,R,,0.17159336697909156,BF_4,0.8779296875,1.0219386387914353,0.5921963220038611,0.20589472840582268,0.8125,1.0,1.0,0.755859375,0.755859375,0.3720703125,0,99,0,99,0.01,0.0001,0.0001,3.0,3.0,1.0,0.9027777777777778,0.822265625,0.0001
M1.0,1,90151,1.0,0.0,z,R,,0.17159336697909156,N1,0.505859375,0.0,0.7980910504096838,0.0,0.46875,0.5029296875,0.5,2.0,,0.0,99,99,0,99,1.0,0.4717,0.3377,,,,0.5451388888888888,,
M1.0,2,90152,1.0,0.0,z,R,,0.16342225426580148,rule #2.1,0.85546875,1.014915245534056,0.6171263394109453,0.21614845035457542,0.78125,1.0,1.0,0.7109375,0.7109375,0.3486328125,0,99,0,99,0.01,0.0001,0.0001,3.0,1.0,1.0,0.8495370370370371,0.9443359375,0.0001
M1.0,2,90152,1.0,0.0,z,R,,0.16342225426580148,BF_1,0.8525390625,1.0665371050322188,0.6090123351017918,0.22426245466372896,0.8125,0.998046875,1.0,0.707843137254902,0.705078125,0.345703125,0,99,0,99,0.01,0.0001,0.0001,3.0,3.0,1.0,0.8391203703703703,0.939453125,0.0001
M1.0,2,90152,1.0,0.0,z,R,,0.16342225426580148,BF_2,0.82421875,1.0302868836411847,0.6199536862743511,0.21332110349116962,0.75,0.9990234375,1.0,0.649706457925636,0.6484375,0.3173828125,0,99,0,99,0.01,0.0001,0.0001,3.0,3.0,1.0,0.8148148148148148,0.8818359375,0.0001
M1.0,2,90152,1.0,0.0,z,R,,0.16342225426580148,BF_3,0.7978515625,1.049504043741567,0.6296689506401089,0.20360583912541186,0.71875,0.9990234375,1.0,0.5968688845401174,0.595703125,0.291015625,0,99,0,99,0.01,0.0001,0.0001,3.0,3.0,1.0,0.7824074074074074,0.8564453125,0.0001
M1.0,2,90152,1.0,0.0,z,R,,0.16342225426580148,BF_4,0.7998046875,1.0935158973954326,0.6292785516321093,0.2039962381334114,0.71875,1.0,1.0,0.599609375,0.599609375,0.29296875,0,99,0,99,0.01,0.0001,0.0001,3.0,3.0,1.0,0.7881944444444444,0.8466796875,0.0001
M1.0,2,90152,1.0,0.0,z,R,,0.16342225426580148,N1,0.5068359375,0.0,0.8332747897655207,0.0,0.46875,0.5068359375,0.5,1.0,,0.0,99,99,0,99,1.0,0.4498,0.3558,,,,0.5052083333333334,,
M1.0,3,90153,1.0,0.0,z,R,,0.1682287911559721,rule #2.1,0.9736328125,1.8415983918781653,0.46442489684286575,0.3137829096346508,0.875,1.0,1.0,0.947265625,0.947265625,0.4599609375,0,99,0,99,0.01,0.0001,0.0001,1.0,1.0,1.0,0.96875,0.9736328125,0.0001
M1.0,3,90153,1.0,0.0,z,R,,0.1682287911559721,BF_1,0.9697265625,1.7472940057196478,0.4511906103723858,0.32701719610513075,0.875,1.0,1.0,0.939453125,0.939453125,0.4560546875,0,99,0,99,0.01,0.0001,0.0001,1.0,1.0,1.0,0.9641203703703703,0.9697265625,0.0001
M1.0,3,90153,1.0,0.0,z,R,,0.1682287911559721,BF_2,0.912109375,1.1997361012104504,0.5366586507506739,0.24154915572684266,0.875,1.0,1.0,0.82421875,0.82421875,0.3984375,0,99,0,99,0.01,0.0001,0.0001,3.0,3.0,1.0,0.8981481481481481,0.9521484375,0.0001
M1.0,3,90153,1.0,0.0,z,R,,0.1682287911559721,BF_3,0.9091796875,1.2195820207733992,0.5355608021375444,0.2426470043399721,0.84375,1.0,1.0,0.818359375,0.818359375,0.3955078125,0,99,0,99,0.01,0.0001,0.0001,3.0,3.0,1.0,0.8993055555555556,0.9111328125,0.0001
M1.0,3,90153,1.0,0.0,z,R,,0.1682287911559721,BF_4,0.88671875,1.1859313498138235,0.5451101621735458,0.23309764430397073,0.8125,1.0,1.0,0.7734375,0.7734375,0.373046875,0,99,0,99,0.01,0.0001,0.0001,3.0,3.0,1.0,0.8738425925925926,0.865234375,0.0001
M1.0,3,90153,1.0,0.0,z,R,,0.1682287911559721,N1,0.513671875,0.0,0.7782078064775165,0.0,0.5,0.5146484375,0.5,0.9333333333333333,,0.0,99,99,0,99,1.0,0.4243,0.2458,,,,0.4965277777777778,,
M1.0,4,90154,1.0,0.0,z,R,,0.167267483777938,rule #2.1,0.7587890625,0.7883466053082907,0.6146588077577486,0.17048048418579187,0.6875,1.0,1.0,0.517578125,0.517578125,0.25390625,0,99,0,99,0.01,0.0001,0.0001,3.0,1.0,1.0,0.7685185185185185,0.8642578125,0.0001
M1.0,4,90154,1.0,0.0,z,R,,0.167267483777938,BF_1,0.759765625,0.7598017983681706,0.6199449937770195,0.16519429816652098,0.71875,0.998046875,1.0,0.5215686274509804,0.51953125,0.2548828125,0,99,0,99,0.01,0.0001,0.0001,3.0,3.0,1.0,0.7719907407407407,0.8525390625,0.0001
M1.0,4,90154,1.0,0.0,z,R,,0.167267483777938,BF_2,0.76953125,0.7927834760804846,0.617064423710469,0.1680748682330715,0.65625,0.9990234375,1.0,0.5401174168297456,0.5390625,0.2646484375,0,99,0,99,0.01,0.0001,0.0001,3.0,3.0,1.0,0.7754629629629629,0.8583984375,0.0001
M1.0,4,90154,1.0,0.0,z,R,,0.167267483777938,BF_3,0.736328125,0.8350231219252073,0.6326350110713935,0.15250428087214696,0.65625,0.9873046875,1.0,0.4849699398797595,0.47265625,0.2314453125,0,99,0,99,0.01,0.0004,0.0001,3.0,3.0,1.0,0.7268518518518519,0.7265625,0.001
M1.0,4,90154,1.0,0.0,z,R,,0.167267483777938,BF_4,0.7216796875,0.7596270933172908,0.6509719975982912,0.13416729434524932,0.65625,0.98828125,1.0,0.454,0.443359375,0.216796875,0,99,0,99,0.01,0.0006,0.0001,3.0,3.0,1.0,0.7013888888888888,0.6923828125,0.0036
M1.0,4,90154,1.0,0.0,z,R,,0.167267483777938,N1,0.5048828125,0.0,0.7851392919435405,0.0,0.5,0.5068359375,0.5,0.7142857142857143,,0.0,99,99,0,99,1.0,0.4806,0.3139,,,,0.5289351851851852,,
M0.6,0,90160,0.6,0.0,z,R,,0.13987022350396539,rule #2.1,0.7451171875,0.5889341014211946,0.6498646022086123,0.14154379701441577,0.65625,0.9970703125,1.0,0.4931237721021611,0.490234375,0.23828125,0,99,0,99,0.01,0.0002,0.0001,3.0,3.0,1.0,0.7222222222222222,0.82080078125,0.0001
M0.6,0,90160,0.6,0.0,z,R,,0.13987022350396539,BF_1,0.7333984375,0.5583894218004328,0.6675622295522479,0.12384616967078022,0.65625,0.9970703125,1.0,0.46954813359528486,0.466796875,0.2265625,0,99,0,99,0.01,0.0005,0.0001,3.0,3.0,1.0,0.7141203703703703,0.8193359375,0.0001
M0.6,0,90160,0.6,0.0,z,R,,0.13987022350396539,BF_2,0.7255859375,0.5702407975448178,0.6699672353177625,0.1214411639052656,0.625,0.9931640625,1.0,0.45742574257425744,0.451171875,0.21875,0,99,0,99,0.01,0.0006,0.0001,3.0,3.0,1.0,0.7164351851851852,0.7724609375,0.0001
M0.6,0,90160,0.6,0.0,z,R,,0.13987022350396539,BF_3,0.6982421875,0.491699387772234,0.6872107913354919,0.10419760788753618,0.625,0.9970703125,1.0,0.3988212180746562,0.396484375,0.19140625,0,99,0,99,0.01,0.0031,0.0001,3.0,3.0,1.0,0.6898148148148148,0.736328125,0.0005
M0.6,0,90160,0.6,0.0,z,R,,0.13987022350396539,BF_4,0.5068359375,0.0,0.7914083992230281,0.0,0.5,0.998046875,1.0,0.013725490196078431,0.013671875,0.0,99,99,0,99,1.0,0.4692,0.2742,100.0,3.0,1.0,0.5028935185185185,0.7119140625,0.0016
M0.6,0,90160,0.6,0.0,z,R,,0.13987022350396539,N1,0.5068359375,0.0,0.7914083992230281,0.0,0.5,0.501953125,0.5,3.5,,0.0,99,99,0,99,1.0,0.4692,0.2742,,,,0.5028935185185185,,
M0.6,1,90161,0.6,0.0,z,U,,0.148281663061764,rule #2.1,0.5654296875,0.24141483152760945,0.8620846537842771,0.035542419373508105,0.5,0.9716796875,1.0,0.13871635610766045,0.130859375,0.033203125,0,99,0,99,0.01,0.1888,0.0107,3.0,3.0,1.0,0.5706018518518519,0.5947265625,0.1008
M0.6,1,90161,0.6,0.0,z,U,,0.148281663061764,BF_1,0.591796875,0.22925045803304545,0.8518882725229077,0.04573880063487756,0.59375,0.98046875,1.0,0.1910569105691057,0.18359375,0.0595703125,0,99,0,99,0.01,0.1072,0.0014,3.0,3.0,1.0,0.5983796296296297,0.6259765625,0.0445
M0.6,1,90161,0.6,0.0,z,U,,0.148281663061764,BF_2,0.6025390625,0.22603140942771205,0.8554337983638048,0.042193274793980384,0.59375,1.0,1.0,0.205078125,0.205078125,0.0703125,0,99,0,99,0.01,0.0832,0.0024,3.0,3.0,1.0,0.6180555555555556,0.6162109375,0.0604
M0.6,1,90161,0.6,0.0,z,U,,0.148281663061764,BF_3,0.5322265625,0.0,0.8976270731577852,0.0,0.5,0.9990234375,1.0,0.06457925636007827,0.064453125,0.0,99,99,0,99,1.0,0.3292,0.0259,100.0,3.0,1.0,0.5416666666666666,0.55859375,0.2063
M0.6,1,90161,0.6,0.0,z,U,,0.148281663061764,BF_4,0.5322265625,0.0,0.8976270731577852,0.0,0.5,0.9990234375,1.0,0.06457925636007827,0.064453125,0.0,99,99,0,99,1.0,0.3292,0.0259,100.0,3.0,1.0,0.5416666666666666,0.580078125,0.1294
M0.6,1,90161,0.6,0.0,z,U,,0.148281663061764,N1,0.5322265625,0.0,0.8976270731577852,0.0,0.5,0.5234375,0.5,1.375,,0.0,99,99,0,99,1.0,0.3292,0.0259,,,,0.5416666666666666,,
M0.6,2,90162,0.6,0.0,z,R,,0.14587839461667867,rule #2.1,0.72998046875,0.5830533117235599,0.7063859283193021,0.1332492495526143,0.6875,0.998046875,1.0,0.46176470588235297,0.4599609375,0.22021484375,0,99,0,99,0.01,0.0008,0.0001,3.0,3.0,1.0,0.7361111111111112,0.8466796875,0.0001
M0.6,2,90162,0.6,0.0,z,R,,0.14587839461667867,BF_1,0.7568359375,0.6139156432662265,0.7038860671794388,0.13574911069247764,0.65625,1.0,1.0,0.513671875,0.513671875,0.2470703125,0,99,0,99,0.01,0.0001,0.0001,3.0,3.0,1.0,0.7581018518518519,0.861328125,0.0001
M0.6,2,90162,0.6,0.0,z,R,,0.14587839461667867,BF_2,0.587890625,0.23784916291193192,0.7970925345782633,0.04254264329365309,0.53125,0.9990234375,1.0,0.1761252446183953,0.17578125,0.078125,0,99,0,99,0.01,0.1148,0.0275,3.0,3.0,1.0,0.5844907407407407,0.6630859375,0.0118
M0.6,2,90162,0.6,0.0,z,R,,0.14587839461667867,BF_3,0.6015625,0.2758704508017441,0.7944967836923377,0.04513839417957877,0.59375,0.998046875,1.0,0.20392156862745098,0.203125,0.091796875,0,99,0,99,0.01,0.0811,0.0175,3.0,3.0,1.0,0.6030092592592593,0.6396484375,0.0265
M0.6,2,90162,0.6,0.0,z,R,,0.14587839461667867,BF_4,0.6015625,0.26869379569846386,0.7998863256078487,0.03974885226406777,0.59375,0.9990234375,1.0,0.2035225048923679,0.203125,0.091796875,0,99,0,99,0.01,0.0816,0.0209,3.0,3.0,1.0,0.6030092592592593,0.623046875,0.0442
M0.6,2,90162,0.6,0.0,z,R,,0.14587839461667867,N1,0.509765625,0.0,0.8396351778719164,0.0,0.5,0.51953125,0.5,0.5,,0.0,99,99,0,99,1.0,0.4497,0.2994,,,,0.5254629629629629,,
M0.6,3,90163,0.6,0.0,z,U,,0.15164623888488343,rule #2.1,0.6728515625,0.4365808500656879,0.7539266735288558,0.0880063016504572,0.65625,1.0,1.0,0.345703125,0.345703125,0.158203125,1,99,0,99,0.02,0.0082,0.0001,3.0,3.0,1.0,0.6545138888888888,0.77978515625,0.0001
M0.6,3,90163,0.6,0.0,z,U,,0.15164623888488343,BF_1,0.6787109375,0.4381573110690419,0.7471505308790114,0.09478244430030158,0.65625,1.0,1.0,0.357421875,0.357421875,0.1640625,0,99,0,99,0.01,0.007,0.0001,3.0,3.0,1.0,0.6631944444444444,0.8017578125,0.0001
M0.6,3,90163,0.6,0.0,z,U,,0.15164623888488343,BF_2,0.5146484375,0.0,0.841932975179313,0.0,0.5625,1.0,1.0,0.029296875,0.029296875,0.0,98,99,0,99,0.99,0.4239,0.1341,100.0,3.0,1.0,0.4976851851851852,0.603515625,0.0809
M0.6,3,90163,0.6,0.0,z,U,,0.15164623888488343,BF_3,0.5146484375,0.0,0.841932975179313,0.0,0.5625,0.9990234375,1.0,0.029354207436399216,0.029296875,0.0,98,99,0,99,0.99,0.4239,0.1341,100.0,3.0,1.0,0.4976851851851852,0.625,0.045
M0.6,3,90163,0.6,0.0,z,U,,0.15164623888488343,BF_4,0.5146484375,0.0,0.841932975179313,0.0,0.5625,1.0,1.0,0.029296875,0.029296875,0.0,99,99,0,99,1.0,0.4239,0.1341,100.0,3.0,1.0,0.4976851851851852,0.62890625,0.039
M0.6,3,90163,0.6,0.0,z,U,,0.15164623888488343,N1,0.5146484375,0.0,0.841932975179313,0.0,0.5625,0.5146484375,0.5,1.0,,0.0,99,99,0,99,1.0,0.4239,0.1341,,,,0.4976851851851852,,
M0.6,4,90164,0.6,0.0,z,U,,0.136986301369863,rule #2.1,0.6357421875,0.36070551455618016,0.7864276004500934,0.084276539251121,0.59375,0.982421875,1.0,0.2813765182186235,0.271484375,0.11328125,0,99,0,99,0.01,0.0308,0.0001,3.0,3.0,1.0,0.6365740740740741,0.7216796875,0.0011
M0.6,4,90164,0.6,0.0,z,U,,0.136986301369863,BF_1,0.6259765625,0.33235663702244433,0.8020277640685075,0.0686763756327069,0.59375,0.9833984375,1.0,0.2606060606060606,0.251953125,0.103515625,0,99,0,99,0.01,0.0405,0.0001,3.0,3.0,1.0,0.625,0.69140625,0.0044
M0.6,4,90164,0.6,0.0,z,U,,0.136986301369863,BF_2,0.5224609375,0.0,0.8707041397012144,0.0,0.5,0.984375,1.0,0.046370967741935484,0.044921875,0.0,99,99,0,99,1.0,0.3924,0.0662,100.0,3.0,1.0,0.5057870370370371,0.62109375,0.049
M0.6,4,90164,0.6,0.0,z,U,,0.136986301369863,BF_3,0.5224609375,0.0,0.8707041397012144,0.0,0.5,0.9921875,1.0,0.04563492063492063,0.044921875,0.0,99,99,0,99,1.0,0.3924,0.0662,100.0,3.0,1.0,0.5057870370370371,0.6162109375,0.0538
M0.6,4,90164,0.6,0.0,z,U,,0.136986301369863,BF_4,0.5224609375,0.0,0.8707041397012144,0.0,0.5,0.9892578125,1.0,0.04590818363273453,0.044921875,0.0,99,99,0,99,1.0,0.3924,0.0662,100.0,3.0,1.0,0.5057870370370371,0.6103515625,0.0643
M0.6,4,90164,0.6,0.0,z,U,,0.136986301369863,N1,0.5224609375,0.0,0.8707041397012144,0.0,0.5,0.5244140625,0.5,0.92,,0.0,99,99,0,99,1.0,0.3924,0.0662,,,,0.5057870370370371,,
M0.75,0,90170,0.75,0.0,z,R,,0.15789473684210525,rule #2.1,0.87109375,1.0188813801674574,0.6565985700349364,0.21943456208162893,0.84375,1.0,1.0,0.7421875,0.7421875,0.376953125,0,99,0,99,0.01,0.0001,0.0001,3.0,3.0,1.0,0.8622685185185185,0.951171875,0.0001
M0.75,0,90170,0.75,0.0,z,R,,0.15789473684210525,BF_1,0.869140625,1.0489951066738248,0.6501903541244238,0.22584277799214147,0.84375,1.0,1.0,0.73828125,0.73828125,0.375,0,99,0,99,0.01,0.0001,0.0001,3.0,3.0,1.0,0.8530092592592593,0.9599609375,0.0001
M0.75,0,90170,0.75,0.0,z,R,,0.15789473684210525,BF_2,0.8671875,1.073007668453029,0.6411392531822913,0.23489387893427405,0.75,1.0,1.0,0.734375,0.734375,0.373046875,0,99,0,99,0.01,0.0001,0.0001,3.0,3.0,1.0,0.8611111111111112,0.9169921875,0.0001
M0.75,0,90170,0.75,0.0,z,R,,0.15789473684210525,BF_3,0.8330078125,0.943337088787294,0.6673269737163277,0.20870615840023765,0.75,1.0,1.0,0.666015625,0.666015625,0.3388671875,0,99,0,99,0.01,0.0002,0.0001,3.0,3.0,1.0,0.8287037037037037,0.859375,0.0001
M0.75,0,90170,0.75,0.0,z,R,,0.15789473684210525,BF_4,0.810546875,0.9137129273721385,0.6786618936503684,0.19737123846619686,0.75,1.0,1.0,0.62109375,0.62109375,0.31640625,0,99,0,99,0.01,0.0002,0.0001,3.0,3.0,1.0,0.8043981481481481,0.7548828125,0.0003
M0.75,0,90170,0.75,0.0,z,R,,0.15789473684210525,N1,0.494140625,0.0,0.8760331321165653,0.0,0.4375,0.505859375,0.5,-1.0,,0.0,99,99,0,99,1.0,0.5313,0.6495,,,,0.5081018518518519,,
M0.75,1,90171,0.75,0.0,z,R,,0.1590963710646479,rule #2.1,0.8759765625,0.9857113439682295,0.5744432353584081,0.2149628104869401,0.78125,1.0,1.0,0.751953125,0.751953125,0.3896484375,0,99,0,99,0.01,0.0001,0.0001,3.0,3.0,1.0,0.8738425925925926,0.96875,0.0001
M0.75,1,90171,0.75,0.0,z,R,,0.1590963710646479,BF_1,0.8759765625,0.9339808788753474,0.5833138688314488,0.20609217701389948,0.78125,1.0,1.0,0.751953125,0.751953125,0.3896484375,0,99,0,99,0.01,0.0001,0.0001,3.0,3.0,1.0,0.8738425925925926,0.970703125,0.0001
M0.75,1,90171,0.75,0.0,z,R,,0.1590963710646479,BF_2,0.876953125,0.9836131362230038,0.5777627768441825,0.2116432690011657,0.78125,1.0,1.0,0.75390625,0.75390625,0.390625,0,99,0,99,0.01,0.0001,0.0001,3.0,3.0,1.0,0.8715277777777778,0.955078125,0.0001
M0.75,1,90171,0.75,0.0,z,R,,0.1590963710646479,BF_3,0.8759765625,0.9900573039027114,0.5778269351695602,0.21157911067578805,0.78125,1.0,1.0,0.751953125,0.751953125,0.3896484375,0,99,0,99,0.01,0.0001,0.0001,3.0,3.0,1.0,0.8680555555555556,0.9501953125,0.0001
M0.75,1,90171,0.75,0.0,z,R,,0.1590963710646479,BF_4,0.845703125,0.8892182049941924,0.6002502195948005,0.18915582625054772,0.75,1.0,1.0,0.69140625,0.69140625,0.359375,0,99,0,99,0.01,0.0001,0.0001,3.0,3.0,1.0,0.8368055555555556,0.8916015625,0.0001
M0.75,1,90171,0.75,0.0,z,R,,0.1590963710646479,N1,0.486328125,0.0,0.7894060458453482,0.0,0.46875,0.48828125,0.5,,,0.0,99,99,0,99,1.0,0.5766,0.8042,,,,0.515625,,
M0.75,2,90172,0.75,0.0,z,R,,0.15356885364095169,rule #2.1,0.7861328125,0.886768723214617,0.639399001200651,0.18793477353509802,0.71875,0.9970703125,1.0,0.5756385068762279,0.572265625,0.291015625,0,99,0,99,0.01,0.0001,0.0001,3.0,3.0,1.0,0.7743055555555556,0.9013671875,0.0001
M0.75,2,90172,0.75,0.0,z,R,,0.15356885364095169,BF_1,0.7861328125,0.8359157930213416,0.6519704917010004,0.17536328303474857,0.71875,0.99609375,1.0,0.5767716535433071,0.572265625,0.291015625,0,99,0,99,0.01,0.0001,0.0001,3.0,3.0,1.0,0.7719907407407407,0.8984375,0.0001
M0.75,2,90172,0.75,0.0,z,R,,0.15356885364095169,BF_2,0.6884765625,0.5258832337829041,0.7186676178830466,0.10866615685270242,0.59375,0.9990234375,1.0,0.3776908023483366,0.376953125,0.193359375,0,99,0,99,0.01,0.0036,0.0001,3.0,3.0,1.0,0.6678240740740741,0.7314453125,0.0002
M0.75,2,90172,0.75,0.0,z,R,,0.15356885364095169,BF_3,0.6982421875,0.5528514622789598,0.7068466686386783,0.1204871060970707,0.625,0.9951171875,1.0,0.40039447731755423,0.396484375,0.203125,0,99,0,99,0.01,0.0023,0.0001,3.0,3.0,1.0,0.6828703703703703,0.75,0.0003
M0.75,2,90172,0.75,0.0,z,R,,0.15356885364095169,BF_4,0.673828125,0.5044496044024205,0.7254746426579037,0.10185913207784525,0.625,0.998046875,1.0,0.34901960784313724,0.34765625,0.1787109375,0,99,0,99,0.01,0.008,0.0001,3.0,3.0,1.0,0.6574074074074074,0.7177734375,0.0018
M0.75,2,90172,0.75,0.0,z,R,,0.15356885364095169,N1,0.4951171875,0.0,0.827333774735749,0.0,0.5,0.49609375,0.5,,,0.0,99,99,0,99,1.0,0.5353,0.6415,,,,0.48726851851851855,,
M0.75,3,90173,0.75,0.0,z,R,,0.16173996635424176,rule #2.1,0.724609375,0.6577389956845764,0.6833512615716208,0.14055969962406656,0.6875,0.994140625,1.0,0.45454545454545453,0.44921875,0.2119140625,0,99,0,99,0.01,0.001,0.0001,3.0,3.0,1.0,0.7152777777777778,0.8193359375,0.0001
M0.75,3,90173,0.75,0.0,z,R,,0.16173996635424176,BF_1,0.7255859375,0.6582536351136372,0.6844662277919009,0.1394447334037865,0.6875,0.9990234375,1.0,0.4520547945205479,0.451171875,0.212890625,0,99,0,99,0.01,0.0014,0.0001,3.0,3.0,1.0,0.7210648148148148,0.8369140625,0.0001
M0.75,3,90173,0.75,0.0,z,R,,0.16173996635424176,BF_2,0.765625,0.7939081591567095,0.6546337490611218,0.1692772121345656,0.6875,1.0,1.0,0.53125,0.53125,0.2529296875,0,99,0,99,0.01,0.0002,0.0001,3.0,3.0,1.0,0.7627314814814815,0.8798828125,0.0001
M0.75,3,90173,0.75,0.0,z,R,,0.16173996635424176,BF_3,0.7705078125,0.7829050087828365,0.6526111341866798,0.1712998270090076,0.71875,1.0,1.0,0.541015625,0.541015625,0.2578125,0,99,0,99,0.01,0.0002,0.0001,3.0,3.0,1.0,0.7719907407407407,0.8935546875,0.0001
M0.75,3,90173,0.75,0.0,z,R,,0.16173996635424176,BF_4,0.7841796875,0.7619151154396822,0.6581485787002817,0.16576238249540576,0.71875,1.0,1.0,0.568359375,0.568359375,0.271484375,0,99,0,99,0.01,0.0003,0.0001,3.0,3.0,1.0,0.7847222222222222,0.89453125,0.0001
M0.75,3,90173,0.75,0.0,z,R,,0.16173996635424176,N1,0.5126953125,0.0,0.8239109611956874,0.0,0.53125,0.5068359375,0.5,1.8571428571428572,,0.0,99,99,0,99,1.0,0.433,0.2071,,,,0.49421296296296297,,
M0.75,4,90174,0.75,0.0,z,R,,0.1552511415525114,rule #2.1,0.740234375,0.9817055956640868,0.6150832215181623,0.18837796169898824,0.65625,1.0,1.0,0.48046875,0.48046875,0.25,0,99,0,99,0.01,0.0003,0.0001,3.0,3.0,1.0,0.7453703703703703,0.8740234375,0.0001
M0.75,4,90174,0.75,0.0,z,R,,0.1552511415525114,BF_1,0.736328125,0.9468872982754284,0.6142498969186352,0.18921128629851536,0.65625,1.0,1.0,0.47265625,0.47265625,0.24609375,0,99,0,99,0.01,0.0004,0.0001,3.0,3.0,1.0,0.7418981481481481,0.8828125,0.0001
M0.75,4,90174,0.75,0.0,z,R,,0.1552511415525114,BF_2,0.7392578125,0.8900567961143006,0.6239375609471285,0.17952362227002205,0.65625,1.0,1.0,0.478515625,0.478515625,0.2490234375,0,99,0,99,0.01,0.0006,0.0001,3.0,3.0,1.0,0.7280092592592593,0.880859375,0.0001
M0.75,4,90174,0.75,0.0,z,R,,0.1552511415525114,BF_3,0.6884765625,0.7807385908604243,0.660259379998229,0.1432018032189215,0.65625,0.9990234375,1.0,0.3776908023483366,0.376953125,0.1982421875,0,99,0,99,0.01,0.0046,0.0001,3.0,3.0,1.0,0.6689814814814815,0.8037109375,0.0001
M0.75,4,90174,0.75,0.0,z,R,,0.1552511415525114,BF_4,0.693359375,0.7835905467772248,0.6621926359750783,0.14126854724207227,0.625,1.0,1.0,0.38671875,0.38671875,0.203125,0,99,0,99,0.01,0.0037,0.0001,3.0,3.0,1.0,0.6782407407407407,0.791015625,0.0001
M0.75,4,90174,0.75,0.0,z,R,,0.1552511415525114,N1,0.490234375,0.0,0.8034611832171505,0.0,0.5,0.4921875,0.5,,,0.0,99,99,0,99,1.0,0.5529,0.8175,,,,0.47800925925925924,,
M0.85,0,90180,0.85,0.0,z,R,,0.14972362412881518,rule #2.1,0.95166015625,1.723363857167588,0.5498854748223663,0.2963777568954117,0.90625,1.0,1.0,0.9033203125,0.9033203125,0.42724609375,0,99,0,99,0.01,0.0001,0.0001,1.0,1.0,1.0,0.9484953703703703,0.95166015625,0.0001
M0.85,0,90180,0.85,0.0,z,R,,0.14972362412881518,BF_1,0.951171875,1.5006877040022544,0.5440143807301653,0.30224885098761267,0.875,1.0,1.0,0.90234375,0.90234375,0.4267578125,0,99,0,99,0.01,0.0001,0.0001,1.0,1.0,1.0,0.9467592592592593,0.951171875,0.0001
M0.85,0,90180,0.85,0.0,z,R,,0.14972362412881518,BF_2,0.86328125,0.9309104160704684,0.6471342095365579,0.19912902218122008,0.875,0.9990234375,1.0,0.7279843444227005,0.7265625,0.3388671875,0,99,0,99,0.01,0.0001,0.0001,3.0,3.0,1.0,0.8530092592592593,0.900390625,0.0001
M0.85,0,90180,0.85,0.0,z,R,,0.14972362412881518,BF_3,0.84765625,0.9470292181368205,0.6453566885388121,0.20090654317896584,0.84375,0.9990234375,1.0,0.6966731898238747,0.6953125,0.3232421875,0,99,0,99,0.01,0.0001,0.0001,3.0,3.0,1.0,0.8344907407407407,0.8486328125,0.0001
M0.85,0,90180,0.85,0.0,z,R,,0.14972362412881518,BF_4,0.8544921875,0.9572545313712852,0.6472971297332353,0.19896610198454268,0.8125,1.0,1.0,0.708984375,0.708984375,0.330078125,0,99,0,99,0.01,0.0001,0.0001,3.0,3.0,1.0,0.8449074074074074,0.7763671875,0.0002
M0.85,0,90180,0.85,0.0,z,R,,0.14972362412881518,N1,0.5244140625,0.0,0.846263231717778,0.0,0.5,0.5244140625,0.5,1.0,,0.0,99,99,0,99,1.0,0.3623,0.1043,,,,0.5370370370370371,,
M0.85,1,90181,0.85,0.0,z,R,,0.16077865897620763,rule #2.1,0.7763671875,0.6515145716831324,0.7352689161759767,0.1275791793128389,0.6875,0.9873046875,1.0,0.5671342685370742,0.552734375,0.2841796875,0,99,0,99,0.01,0.0002,0.0001,3.0,3.0,1.0,0.7731481481481481,0.84765625,0.0001
M0.85,1,90181,0.85,0.0,z,R,,0.16077865897620763,BF_1,0.7861328125,0.6373881093920222,0.7200296674990152,0.14281842798980038,0.6875,0.99609375,1.0,0.5767716535433071,0.572265625,0.2939453125,0,99,0,99,0.01,0.0002,0.0001,3.0,3.0,1.0,0.7847222222222222,0.8583984375,0.0001
M0.85,1,90181,0.85,0.0,z,R,,0.16077865897620763,BF_2,0.7392578125,0.5271054147287826,0.753105823698009,0.10974227179080653,0.65625,0.9990234375,1.0,0.4794520547945205,0.478515625,0.2470703125,0,99,0,99,0.01,0.0004,0.0001,3.0,3.0,1.0,0.7303240740740741,0.7587890625,0.0002
M0.85,1,90181,0.85,0.0,z,R,,0.16077865897620763,BF_3,0.72265625,0.5445692700873793,0.752182903744501,0.11066519174431455,0.65625,0.9990234375,1.0,0.4461839530332681,0.4453125,0.23046875,0,99,0,99,0.01,0.0009,0.0001,3.0,3.0,1.0,0.7129629629629629,0.75,0.0004
M0.85,1,90181,0.85,0.0,z,R,,0.16077865897620763,BF_4,0.6923828125,0.5023772463697789,0.7673552599160521,0.09549283557276345,0.65625,0.998046875,1.0,0.3862745098039216,0.384765625,0.2001953125,0,99,0,99,0.01,0.0037,0.0001,3.0,3.0,1.0,0.6875,0.708984375,0.0017
M0.85,1,90181,0.85,0.0,z,R,,0.16077865897620763,N1,0.4921875,0.0,0.8628480954888156,0.0,0.5,0.498046875,0.5,,,0.0,99,99,0,99,1.0,0.5421,0.7597,,,,0.5069444444444444,,
M0.85,2,90182,0.85,0.0,z,R,,0.15549146839701994,rule #2.1,0.8427734375,1.1439180772218205,0.5679983140583098,0.23589611479293637,0.75,1.0,1.0,0.685546875,0.685546875,0.3369140625,0,99,0,99,0.01,0.0001,0.0001,3.0,3.0,1.0,0.8356481481481481,0.9150390625,0.0001
M0.85,2,90182,0.85,0.0,z,R,,0.15549146839701994,BF_1,0.84375,1.106654345647736,0.5745893053650336,0.22930512348621257,0.75,1.0,1.0,0.6875,0.6875,0.337890625,0,99,0,99,0.01,0.0001,0.0001,3.0,3.0,1.0,0.8391203703703703,0.921875,0.0001
M0.85,2,90182,0.85,0.0,z,R,,0.15549146839701994,BF_2,0.8154296875,1.0435143668785924,0.5902905222708859,0.21360390658036033,0.71875,1.0,1.0,0.630859375,0.630859375,0.3095703125,0,99,0,99,0.01,0.0001,0.0001,3.0,3.0,1.0,0.8067129629629629,0.888671875,0.0001
M0.85,2,90182,0.85,0.0,z,R,,0.15549146839701994,BF_3,0.791015625,0.9919004223260279,0.6057188020151445,0.19817562683610168,0.6875,1.0,1.0,0.58203125,0.58203125,0.28515625,0,99,0,99,0.01,0.0001,0.0001,3.0,3.0,1.0,0.7777777777777778,0.810546875,0.0001
M0.85,2,90182,0.85,0.0,z,R,,0.15549146839701994,BF_4,0.748046875,0.8715886227476181,0.6366131892246081,0.1672812396266381,0.65625,1.0,1.0,0.49609375,0.49609375,0.2421875,0,99,0,99,0.01,0.0002,0.0001,3.0,3.0,1.0,0.7592592592592593,0.7451171875,0.0004
M0.85,2,90182,0.85,0.0,z,R,,0.15549146839701994,N1,0.505859375,0.0,0.8038944288512462,0.0,0.5,0.50390625,0.5,1.5,,0.0,99,99,0,99,1.0,0.4703,0.2435,,,,0.5086805555555556,,
M0.85,3,90183,0.85,0.0,z,R,,0.14972362412881518,rule #2.1,0.83984375,0.9832556454288792,0.6312293976826313,0.20152551097372773,0.78125,0.9990234375,1.0,0.6810176125244618,0.6796875,0.349609375,0,99,0,99,0.01,0.0001,0.0001,3.0,3.0,1.0,0.8379629629629629,0.927734375,0.0001
M0.85,3,90183,0.85,0.0,z,R,,0.14972362412881518,BF_1,0.8330078125,0.9427014005514612,0.6295301720866454,0.20322473656971363,0.78125,0.9990234375,1.0,0.6673189823874756,0.666015625,0.3427734375,0,99,0,99,0.01,0.0001,0.0001,3.0,3.0,1.0,0.8310185185185185,0.9140625,0.0001
M0.85,3,90183,0.85,0.0,z,R,,0.14972362412881518,BF_2,0.82421875,0.9142261019499599,0.6355694043813236,0.19718550427503545,0.71875,1.0,1.0,0.6484375,0.6484375,0.333984375,0,99,0,99,0.01,0.0001,0.0001,3.0,3.0,1.0,0.8321759259259259,0.8623046875,0.0001
M0.85,3,90183,0.85,0.0,z,R,,0.14972362412881518,BF_3,0.8115234375,0.9041667751340344,0.6410325592545072,0.19172234940185184,0.75,0.998046875,1.0,0.6254901960784314,0.623046875,0.3212890625,0,99,0,99,0.01,0.0001,0.0001,3.0,3.0,1.0,0.8159722222222222,0.8701171875,0.0001
M0.85,3,90183,0.85,0.0,z,R,,0.14972362412881518,BF_4,0.806640625,0.9083246908933775,0.6519994949691541,0.18075541368720494,0.78125,0.994140625,1.0,0.6205533596837944,0.61328125,0.31640625,0,99,0,99,0.01,0.0001,0.0001,3.0,3.0,1.0,0.8078703703703703,0.822265625,0.0001
M0.85,3,90183,0.85,0.0,z,R,,0.14972362412881518,N1,0.490234375,-1.1102230246251565e-16,0.832754908656359,0.0,0.53125,0.4951171875,0.5,,,0.0,99,99,0,99,1.0,0.5559,0.7249,,,,0.49710648148148145,,
M0.85,4,90184,0.85,0.0,z,R,,0.16414323479932708,rule #2.1,0.8115234375,0.8911967240030866,0.637904292070168,0.20389922424663653,0.78125,1.0,1.0,0.623046875,0.623046875,0.306640625,0,99,0,99,0.01,0.0001,0.0001,3.0,3.0,1.0,0.7939814814814815,0.908203125,0.0001
M0.85,4,90184,0.85,0.0,z,R,,0.16414323479932708,BF_1,0.8056640625,0.8873186742769517,0.6457790864103962,0.19602442990640834,0.78125,0.9990234375,1.0,0.6125244618395304,0.611328125,0.30078125,0,99,0,99,0.01,0.0001,0.0001,3.0,3.0,1.0,0.7870370370370371,0.908203125,0.0001
M0.85,4,90184,0.85,0.0,z,R,,0.16414323479932708,BF_2,0.814453125,0.9383634308297826,0.6408359484219501,0.20096756789485437,0.78125,0.998046875,1.0,0.6313725490196078,0.62890625,0.3095703125,0,99,0,99,0.01,0.0001,0.0001,3.0,3.0,1.0,0.8043981481481481,0.8876953125,0.0001
M0.85,4,90184,0.85,0.0,z,R,,0.16414323479932708,BF_3,0.78125,0.9284435462239835,0.6503831777780006,0.1914203385388039,0.71875,0.9970703125,1.0,0.5658153241650294,0.5625,0.2763671875,0,99,0,99,0.01,0.0001,0.0001,3.0,3.0,1.0,0.7685185185185185,0.79296875,0.0001
M0.85,4,90184,0.85,0.0,z,R,,0.16414323479932708,BF_4,0.7822265625,0.9184062299891593,0.6527194809440995,0.18908403537270502,0.71875,0.998046875,1.0,0.5666666666666667,0.564453125,0.27734375,0,99,0,99,0.01,0.0001,0.0001,3.0,3.0,1.0,0.7673611111111112,0.8046875,0.0001
M0.85,4,90184,0.85,0.0,z,R,,0.16414323479932708,N1,0.5048828125,0.0,0.8418035163168045,0.0,0.46875,0.5,0.5,,,0.0,99,99,0,99,1.0,0.4799,0.3807,,,,0.4982638888888889,,
