path,run_a,run_b,variant,alpha,aggregate_hook,aggregate_per_item_mean,hook_minus_per_item_mean,bn_batches,wall_s,item_sequence_02_ambush_2_split_00,item_sequence_02_ambush_2_split_01,item_sequence_02_ambush_2_split_02,item_sequence_07_bamboo_1_split_00,item_sequence_07_bamboo_1_split_01,item_sequence_07_bamboo_1_split_02,item_sequence_09_bandage_1_split_00,item_sequence_09_bandage_1_split_01,item_sequence_09_bandage_1_split_02,item_sequence_12_cave_4_split_00,item_sequence_13_market_2_split_00,item_sequence_13_market_2_split_01,item_sequence_13_market_2_split_02,item_sequence_16_mountain_1_split_00,item_sequence_16_mountain_1_split_01,item_sequence_16_mountain_1_split_02
control_0_to_1,000,001,1,0.0,1148.8074417114258,1148.8074402809143,1.430511474609375e-06,,0.737,4048.8447265625,4363.81494140625,4764.62109375,93.3648910522461,79.38642883300781,104.89815521240234,687.7186889648438,690.906494140625,546.3439331054688,1181.232666015625,679.7901611328125,445.06927490234375,208.05987548828125,183.49948120117188,101.5423812866211,201.8258514404297
control_0_to_1,000,001,1,0.05,1211.8343052864075,1211.834310054779,-4.76837158203125e-06,,0.7,4156.71630859375,4478.9072265625,4882.97119140625,98.2843017578125,81.84426879882812,114.63236236572266,799.3350219726562,805.46435546875,661.0769653320312,1204.8726806640625,757.92431640625,486.83001708984375,227.17254638671875,214.1126251220703,147.93939208984375,271.265380859375
control_0_to_1,000,001,1,0.1,1278.7820482254028,1278.7820835113525,-3.528594970703125e-05,,0.786,4195.92431640625,4511.2373046875,4907.267578125,232.70721435546875,217.12850952148438,248.01104736328125,813.2499389648438,808.6019287109375,658.2969970703125,1218.374267578125,810.0341186523438,523.9361572265625,297.2157287597656,381.2439880371094,283.7662353515625,353.51800537109375
control_0_to_1,000,001,1,0.15,1373.7109832763672,1373.7109260559082,5.7220458984375e-05,,0.924,4214.94384765625,4534.8173828125,4928.94384765625,406.6627197265625,389.4107666015625,424.5152587890625,857.5021362304688,840.2075805664062,686.5069580078125,1265.4466552734375,908.3056640625,616.8883666992188,434.2802429199219,555.5828857421875,439.13134765625,476.2291564941406
control_0_to_1,000,001,1,0.2,1416.736536026001,1416.737054824829,-0.000518798828125,,0.768,4217.00732421875,4535.51025390625,4930.76220703125,489.23712158203125,473.18792724609375,510.4693298339844,880.0571899414062,855.2485961914062,706.3011474609375,1300.4312744140625,964.0792846679688,674.8606567382812,508.77734375,605.9073486328125,495.133056640625,520.8228149414062
control_0_to_1,000,001,1,0.25,1386.750726699829,1386.7506427764893,8.392333984375e-05,,0.802,4204.58740234375,4517.6875,4921.16162109375,445.861328125,453.3258972167969,468.52911376953125,849.934814453125,828.465576171875,686.8602905273438,1301.6375732421875,936.571533203125,646.9056396484375,483.3429260253906,527.20556640625,441.56304931640625,474.3704528808594
control_0_to_1,000,001,1,0.3,1261.8409624099731,1261.8409605026245,1.9073486328125e-06,,0.751,4185.537109375,4490.4169921875,4896.94384765625,227.86053466796875,237.73443603515625,265.0270080566406,768.7492065429688,767.1016845703125,615.5204467773438,1240.7000732421875,822.3025512695312,534.2103881835938,306.1087951660156,311.8737487792969,228.0956573486328,291.27288818359375
control_0_to_1,000,001,1,0.35,1235.624348640442,1235.6243362426758,1.239776611328125e-05,,0.926,4188.68310546875,4490.9404296875,4898.1796875,175.37400817871094,185.3494415283203,215.19847106933594,743.4059448242188,752.5863037109375,605.1145629882812,1225.590576171875,798.9317626953125,519.3009643554688,273.67303466796875,261.504150390625,182.24855041503906,253.90838623046875
control_0_to_1,000,001,1,0.4,1230.3985023498535,1230.3984985351562,3.814697265625e-06,,0.733,4193.95849609375,4495.42626953125,4903.78955078125,171.56675720214844,181.40509033203125,213.96218872070312,726.9207153320312,738.7973022460938,593.3538818359375,1221.55615234375,799.0,519.6531982421875,273.20245361328125,250.4385986328125,168.9201202392578,234.42520141601562
control_0_to_1,000,001,1,0.45,1235.0367288589478,1235.036732673645,-3.814697265625e-06,,0.688,4199.568359375,4501.31494140625,4911.171875,189.46363830566406,199.7281036376953,232.15965270996094,713.0827026367188,724.974853515625,580.7906494140625,1223.180908203125,808.4220581054688,527.886474609375,284.6152038574219,260.6019592285156,176.2200927734375,227.40625
control_0_to_1,000,001,1,0.475,1238.008189201355,1238.0081882476807,9.5367431640625e-07,,0.642,4202.1708984375,4504.28173828125,4914.974609375,199.88754272460938,210.4744110107422,242.7184295654297,705.8999633789062,717.5321044921875,573.961181640625,1224.8001708984375,814.2119140625,532.62158203125,291.2424621582031,267.29058837890625,181.3433837890625,224.72003173828125
control_0_to_1,000,001,1,0.5,1241.3256072998047,1241.3256063461304,9.5367431640625e-07,,0.726,4204.50927734375,4507.0986328125,4918.69970703125,211.12741088867188,222.00973510742188,254.0446014404297,698.5557250976562,709.7903442382812,566.8502807617188,1226.855224609375,820.5895385742188,537.6823120117188,298.4383544921875,274.8056945800781,187.423095703125,222.72976684570312
control_0_to_1,000,001,1,0.525,1244.9620170593262,1244.9620170593262,0.0,,0.464,4206.4716796875,4509.6083984375,4922.16748046875,223.06065368652344,234.26153564453125,266.057861328125,691.2097778320312,701.939697265625,559.6705932617188,1229.4188232421875,827.5042114257812,543.031494140625,306.1473693847656,282.9126281738281,194.3895263671875,221.54054260253906
control_0_to_1,000,001,1,0.55,1248.936601638794,1248.9366340637207,-3.24249267578125e-05,,0.774,4208.29296875,4511.974609375,4925.37548828125,235.57920837402344,247.06610107421875,278.59735107421875,684.0054931640625,694.1749877929688,552.644287109375,1232.5521240234375,834.8511352539062,548.5386352539062,314.2993469238281,291.5811462402344,202.17762756347656,221.275634765625
control_0_to_1,000,001,1,0.6,1258.9047889709473,1258.9047918319702,-2.86102294921875e-06,,0.54,4216.1025390625,4519.0693359375,4931.8359375,262.91949462890625,274.9271545410156,305.88348388671875,670.9935302734375,679.2648315429688,539.3430786132812,1240.6859130859375,851.28271484375,560.50390625,332.4295959472656,311.41998291015625,221.28269958496094,224.532470703125
control_0_to_1,000,001,1,0.65,1272.5870599746704,1272.587061882019,-1.9073486328125e-06,,0.544,4230.6826171875,4528.8046875,4941.41748046875,294.1956787109375,306.699951171875,337.0653076171875,660.1915893554688,665.219482421875,527.0924682617188,1250.2969970703125,871.8196411132812,577.0093383789062,354.47381591796875,336.0621643066406,246.1962432861328,234.16552734375
control_0_to_1,000,001,1,0.7,1294.4432344436646,1294.4432363510132,-1.9073486328125e-06,,0.538,4254.13818359375,4547.19775390625,4957.62939453125,332.1053771972656,344.59210205078125,374.4670715332031,651.0867309570312,651.0697631835938,515.1316528320312,1268.39111328125,909.7091674804688,620.6431884765625,387.17913818359375,367.84368896484375,278.1226806640625,251.78477478027344
control_0_to_1,000,001,1,0.75,1330.0660076141357,1330.0659790039062,2.86102294921875e-05,,0.533,4273.98193359375,4572.10498046875,4972.27783203125,400.3424987792969,402.7847595214844,433.3914794921875,647.7864990234375,636.9365844726562,504.0181579589844,1315.8104248046875,960.4981079101562,677.90576171875,451.13824462890625,418.28778076171875,325.8237609863281,287.96685791015625
control_0_to_1,000,001,1,0.8,1439.8225212097168,1439.822618484497,-9.72747802734375e-05,,0.537,4268.494140625,4580.26220703125,4996.86669921875,595.2365112304688,587.8487548828125,624.4824829101562,725.3388061523438,669.8471069335938,543.9353637695312,1415.7076416015625,1085.6253662109375,776.8489990234375,622.236083984375,587.937255859375,494.9530334472656,461.54144287109375
control_0_to_1,000,001,1,0.85,2936.7040100097656,2936.705390930176,-0.00138092041015625,,0.539,4401.51025390625,4953.51904296875,5622.84228515625,2786.05859375,2818.49560546875,2792.5341796875,2400.062744140625,2298.541015625,2214.552978515625,3491.671142578125,2965.064697265625,2690.9150390625,2758.86962890625,1492.560546875,1461.277587890625,1838.8109130859375
control_0_to_1,000,001,1,0.9,2173.7119903564453,2173.7116165161133,0.00037384033203125,,0.527,4215.8974609375,4611.78515625,5109.23486328125,1733.8275146484375,1755.3377685546875,1755.8037109375,1426.862060546875,1403.33740234375,1473.3062744140625,2552.20703125,2011.6497802734375,1698.336669921875,1736.270263671875,1052.1910400390625,1047.8189697265625,1195.5198974609375
control_0_to_1,000,001,1,0.95,1569.341651916504,1569.3413333892822,0.0003185272216796875,,0.542,4041.31982421875,4371.58056640625,4787.37841796875,862.2775268554688,833.2191162109375,828.2813110351562,973.4459838867188,958.1883544921875,872.4361572265625,1787.8319091796875,1230.50146484375,1106.15625,1126.2315673828125,381.7402648925781,379.8726806640625,568.9999389648438
control_0_to_1,000,001,1,1.0,1144.636236190796,1144.6362690925598,-3.2901763916015625e-05,,0.604,3935.177001953125,4312.63427734375,4714.099609375,105.06287384033203,103.01036071777344,123.58769226074219,692.60546875,706.9354248046875,559.332275390625,1190.2056884765625,678.2033081054688,446.2204895019531,230.7196044921875,184.67376708984375,121.17344665527344,210.5390167236328
control_0_to_1,000,001,2,0.0,1145.4078845977783,1145.4078001976013,8.440017700195312e-05,13,0.915,4045.179443359375,4355.5625,4752.82568359375,93.5478515625,78.71156311035156,103.76710510253906,682.8807983398438,683.0111694335938,542.824951171875,1176.9844970703125,672.8297119140625,443.363525390625,206.90585327148438,185.6451416015625,103.1830825805664,199.3019256591797
control_0_to_1,000,001,2,0.05,1222.3676376342773,1222.3676099777222,2.765655517578125e-05,13,0.925,4160.61083984375,4487.8701171875,4889.8818359375,122.81961822509766,108.33980560302734,136.38124084472656,796.659423828125,792.8865966796875,646.0264892578125,1211.771484375,771.0607299804688,501.5531311035156,237.57493591308594,243.2216033935547,169.30642700195312,281.91748046875
control_0_to_1,000,001,2,0.1,1260.618706703186,1260.618691444397,1.52587890625e-05,13,0.918,4213.21923828125,4523.15087890625,4917.275390625,193.67303466796875,186.8882293701172,208.85546875,799.7993774414062,792.5416259765625,647.7211303710938,1216.140380859375,807.6334228515625,532.8758544921875,276.96295166015625,309.2458801269531,230.48916625976562,313.4270324707031
control_0_to_1,000,001,2,0.15,1255.1578731536865,1255.1578664779663,6.67572021484375e-06,13,1.257,4217.51806640625,4523.08447265625,4918.83203125,188.5392303466797,181.60716247558594,201.8651123046875,794.9409790039062,789.6177368164062,644.1257934570312,1216.1951904296875,806.32275390625,527.6268920898438,269.1419677734375,287.02105712890625,212.9817657470703,303.10565185546875
control_0_to_1,000,001,2,0.2,1237.0976600646973,1237.0976343154907,2.574920654296875e-05,13,0.672,4216.48974609375,4522.62646484375,4923.10986328125,163.59347534179688,153.55615234375,173.99258422851562,780.9241333007812,778.6087036132812,634.1805419921875,1211.046630859375,795.3577880859375,510.7532958984375,247.09921264648438,248.82284545898438,168.66993713378906,264.73077392578125
control_0_to_1,000,001,2,0.25,1227.5403661727905,1227.5403747558594,-8.58306884765625e-06,13,0.657,4220.48779296875,4527.01708984375,4929.6455078125,154.36279296875,140.8472442626953,160.7335205078125,771.6603393554688,771.7069702148438,628.857421875,1206.144287109375,788.5106201171875,503.36236572265625,238.12840270996094,225.31936645507812,137.68409729003906,236.1781768798828
control_0_to_1,000,001,2,0.3,1224.251636981964,1224.2516350746155,1.9073486328125e-06,13,0.555,4222.4775390625,4529.58740234375,4932.6015625,153.97555541992188,137.46128845214844,155.28366088867188,770.67431640625,772.6541748046875,631.782470703125,1204.1036376953125,783.0048828125,498.430419921875,235.22561645507812,212.6424560546875,123.6676254272461,224.45355224609375
control_0_to_1,000,001,2,0.35,1223.3597402572632,1223.3597450256348,-4.76837158203125e-06,13,0.659,4222.24560546875,4529.708984375,4932.3828125,155.1896514892578,135.9552001953125,151.09356689453125,774.9029541015625,778.5641479492188,639.037841796875,1203.4229736328125,777.5645141601562,494.3321838378906,233.96437072753906,204.46209716796875,118.57051086425781,222.35850524902344
control_0_to_1,000,001,2,0.4,1224.2500667572021,1224.2500672340393,-4.76837158203125e-07,13,0.553,4221.5341796875,4529.36474609375,4931.60400390625,159.15887451171875,137.73422241210938,149.91281127929688,780.22216796875,784.9859008789062,646.74658203125,1203.2923583984375,773.4703369140625,491.5858459472656,234.4862060546875,200.24517822265625,119.3610610961914,224.29660034179688
control_0_to_1,000,001,2,0.45,1227.3586559295654,1227.3586249351501,3.0994415283203125e-05,13,0.553,4220.36181640625,4528.76806640625,4930.49609375,167.1898193359375,143.91184997558594,152.45799255371094,787.1531982421875,792.6998291015625,656.0790405273438,1204.0667724609375,770.3472900390625,489.7599182128906,237.2417755126953,199.93170166015625,126.66167449951172,230.6111602783203
control_0_to_1,000,001,2,0.475,1230.0547895431519,1230.054799079895,-9.5367431640625e-06,13,0.735,4219.94091796875,4528.69775390625,4930.11181640625,173.38414001464844,149.36248779296875,155.85079956054688,791.2601318359375,797.0899047851562,661.4696655273438,1204.8431396484375,769.3035888671875,489.46929931640625,239.92881774902344,201.71417236328125,133.03150939941406,235.41864013671875
control_0_to_1,000,001,2,0.5,1233.600329399109,1233.60036277771,-3.337860107421875e-05,13,0.559,4219.748046875,4528.91259765625,4929.97998046875,181.16812133789062,156.5482635498047,160.90988159179688,795.7764282226562,801.7736206054688,667.314208984375,1205.86474609375,768.6922607421875,489.7138366699219,243.6768798828125,205.03231811523438,141.184814453125,241.30979919433594
control_0_to_1,000,001,2,0.525,1237.8656482696533,1237.8656482696533,0.0,13,0.654,4219.62109375,4529.24072265625,4929.9365234375,190.22149658203125,165.160888671875,167.4594268798828,800.5836791992188,806.6633911132812,673.5250854492188,1207.1485595703125,768.4666748046875,490.4405517578125,248.4093475341797,209.8404541015625,150.89544677734375,248.23703002929688
control_0_to_1,000,001,2,0.55,1242.4680452346802,1242.4680452346802,0.0,13,0.691,4219.26416015625,4529.375,4929.68701171875,199.72076416015625,174.36395263671875,174.77566528320312,805.5772705078125,811.7191162109375,679.9609985351562,1208.6959228515625,768.45166015625,491.3881530761719,253.67530822753906,215.5578155517578,161.37060546875,255.9053192138672
control_0_to_1,000,001,2,0.6,1249.526071548462,1249.5260725021362,-9.5367431640625e-07,13,0.561,4215.51904296875,4526.77099609375,4926.3359375,213.86903381347656,188.11106872558594,185.6885223388672,815.0059204101562,821.662841796875,692.1358032226562,1212.2518310546875,767.275146484375,491.4684753417969,261.7301940917969,224.71804809570312,179.21966552734375,270.6546325683594
control_0_to_1,000,001,2,0.65,1252.0563335418701,1252.0563354492188,-1.9073486328125e-06,13,0.552,4206.3125,4519.05859375,4917.8544921875,218.93304443359375,192.90338134765625,188.61630249023438,823.213623046875,831.1399536132812,702.7874145507812,1216.2156982421875,763.4523315429688,487.1325378417969,263.9316711425781,227.74777221679688,190.572265625,283.02978515625
control_0_to_1,000,001,2,0.7,1250.6842069625854,1250.684181213379,2.574920654296875e-05,13,0.667,4191.58984375,4506.37548828125,4904.39794921875,217.14752197265625,191.1172637939453,185.58470153808594,829.8670654296875,839.9317016601562,711.8357543945312,1220.8040771484375,757.2540893554688,478.34051513671875,261.3408508300781,225.3048095703125,196.85702514648438,293.1982421875
control_0_to_1,000,001,2,0.75,1245.9430446624756,1245.943042755127,1.9073486328125e-06,13,0.554,4171.94140625,4489.71484375,4887.0634765625,210.08071899414062,184.7457275390625,178.9204864501953,833.6729736328125,846.8045043945312,718.2025146484375,1226.460205078125,749.3775634765625,465.386962890625,255.1728973388672,218.38385009765625,198.81802368164062,300.342529296875
control_0_to_1,000,001,2,0.8,1230.6535844802856,1230.6535844802856,0.0,13,0.563,4160.5673828125,4480.669921875,4879.30615234375,185.13075256347656,160.80792236328125,159.37838745117188,819.1234741210938,833.6115112304688,701.6026611328125,1227.634033203125,745.0775146484375,455.79620361328125,239.70791625976562,194.41622924804688,169.01443481445312,278.61285400390625
control_0_to_1,000,001,2,0.85,1227.1487264633179,1227.148717880249,8.58306884765625e-06,13,0.557,4174.97265625,4492.994140625,4887.3271484375,181.54164123535156,162.5359649658203,168.12911987304688,791.0936889648438,805.2044067382812,675.5999755859375,1223.95654296875,757.4282836914062,465.9593811035156,242.49317932128906,198.2914276123047,152.5300750732422,254.3218536376953
control_0_to_1,000,001,2,0.9,1247.9244842529297,1247.9244031906128,8.106231689453125e-05,13,0.58,4155.689453125,4482.29541015625,4872.4697265625,239.6270751953125,223.76852416992188,226.8916015625,781.3217163085938,797.420166015625,679.8423461914062,1240.3779296875,773.498779296875,481.0290222167969,283.87823486328125,246.1186981201172,201.21792602539062,281.3438415527344
control_0_to_1,000,001,2,0.95,1220.568881034851,1220.5689249038696,-4.38690185546875e-05,13,0.745,4083.16796875,4429.81884765625,4825.4814453125,214.74734497070312,197.77090454101562,200.54391479492188,751.3310546875,776.430908203125,649.0742797851562,1228.13818359375,761.464111328125,486.8307189941406,298.7916564941406,209.41128540039062,155.9647979736328,260.1353759765625
control_0_to_1,000,001,2,1.0,1143.9770812988281,1143.9769835472107,9.775161743164062e-05,13,0.553,3944.190185546875,4325.85546875,4725.1455078125,103.7530288696289,99.13786315917969,120.11683654785156,686.3890991210938,700.76513671875,555.7072143554688,1186.863037109375,677.2040405273438,448.38153076171875,231.83065795898438,186.2564697265625,114.47988891601562,197.55577087402344
extra_0prime_to_1,900,001,1,0.0,1160.9823546409607,1160.982343196869,1.1444091796875e-05,,0.413,4068.65869140625,4381.736328125,4782.38427734375,92.47386169433594,82.71761322021484,111.84891510009766,708.2150268554688,721.499755859375,586.8901977539062,1184.1031494140625,669.8834838867188,450.3482971191406,219.4831085205078,184.9997100830078,115.18924713134766,215.28582763671875
extra_0prime_to_1,900,001,1,0.05,1218.9420852661133,1218.942087650299,-2.384185791015625e-06,,0.408,4154.5244140625,4467.28857421875,4874.58251953125,92.55500030517578,83.56546783447266,117.99723052978516,784.095947265625,801.3074340820312,645.6633911132812,1204.9808349609375,753.8057861328125,487.0067138671875,227.65150451660156,302.9783935546875,228.87945556640625,276.19073486328125
extra_0prime_to_1,900,001,1,0.1,1208.7272510528564,1208.727282524109,-3.147125244140625e-05,,0.401,4173.54443359375,4481.29638671875,4888.75341796875,95.88764190673828,87.93668365478516,122.09660339355469,780.9302978515625,797.5689086914062,645.3225708007812,1204.7388916015625,756.970458984375,488.9642333984375,228.5791015625,192.1256866455078,142.5406494140625,252.38055419921875
extra_0prime_to_1,900,001,1,0.15,1208.7772636413574,1208.7772636413574,0.0,,0.409,4183.32763671875,4489.19580078125,4895.490234375,100.21031951904297,93.45954132080078,127.34939575195312,776.2354736328125,791.795166015625,641.8926391601562,1204.60888671875,760.3456420898438,491.1453857421875,230.0312042236328,183.0447998046875,128.5993194580078,243.70477294921875
extra_0prime_to_1,900,001,1,0.2,1209.6297464370728,1209.62974691391,-4.76837158203125e-07,,0.404,4189.00146484375,4494.07080078125,4899.95166015625,105.06510925292969,99.43702697753906,132.99949645996094,771.3680419921875,785.9024047851562,637.5077514648438,1204.551025390625,763.697265625,493.331298828125,231.71229553222656,184.26661682128906,123.94561004638672,237.26808166503906
extra_0prime_to_1,900,001,1,0.25,1210.7100110054016,1210.7100086212158,2.384185791015625e-06,,0.406,4193.18701171875,4497.77197265625,4903.3349609375,110.19744110107422,105.54505157470703,138.72972106933594,766.9036865234375,780.6201782226562,633.1369018554688,1204.4901123046875,766.960693359375,495.4616394042969,233.54806518554688,187.5540313720703,122.02000427246094,231.89866638183594
extra_0prime_to_1,900,001,1,0.3,1211.9453086853027,1211.945309638977,-9.5367431640625e-07,,0.419,4197.0185546875,4501.142578125,4906.0615234375,115.26725006103516,111.2926254272461,144.10647583007812,762.9915771484375,776.0687255859375,629.2076416015625,1204.14990234375,770.0177612304688,497.4956359863281,235.39443969726562,191.37283325195312,121.92994689941406,227.60748291015625
extra_0prime_to_1,900,001,1,0.35,1213.1442499160767,1213.1442503929138,-4.76837158203125e-07,,0.41,4200.54150390625,4504.3779296875,4908.138671875,119.48193359375,115.35324096679688,147.8522186279297,760.1608276367188,772.6111450195312,626.1355590820312,1203.033203125,772.6837158203125,499.3009948730469,236.78517150878906,195.63644409179688,123.58661651611328,224.6288299560547
extra_0prime_to_1,900,001,1,0.4,1214.017638683319,1214.017638206482,4.76837158203125e-07,,0.411,4203.19189453125,4507.1484375,4910.068359375,121.72909545898438,116.52400207519531,148.8112030029297,758.4425659179688,770.211181640625,623.9219970703125,1200.7945556640625,774.7327880859375,500.7723693847656,237.26242065429688,200.47557067871094,126.96835327148438,223.2274169921875
extra_0prime_to_1,900,001,1,0.45,1214.6810007095337,1214.6810007095337,0.0,,0.408,4205.4580078125,4509.79931640625,4912.29541015625,122.5190200805664,115.80175018310547,147.70684814453125,757.45947265625,768.18603515625,622.1460571289062,1198.182373046875,776.1646118164062,501.6668395996094,236.9005584716797,205.75001525878906,131.77110290527344,223.08859252929688
extra_0prime_to_1,900,001,1,0.475,1214.851894378662,1214.8518948554993,-4.76837158203125e-07,,0.366,4206.42529296875,4511.23486328125,4913.56494140625,122.74940490722656,115.2576675415039,146.96475219726562,757.0003051757812,767.228759765625,621.3590698242188,1197.2061767578125,776.6539306640625,501.7784118652344,236.5068817138672,207.61512756347656,133.1689453125,222.91578674316406
extra_0prime_to_1,900,001,1,0.5,1214.90101146698,1214.9010105133057,9.5367431640625e-07,,0.416,4207.400390625,4512.62939453125,4914.7734375,123.08295440673828,114.87810516357422,146.3756866455078,756.3907470703125,766.3632202148438,620.6503295898438,1196.546875,776.8538818359375,501.6492919921875,236.14076232910156,208.5732421875,133.49795532226562,222.60989379882812
extra_0prime_to_1,900,001,1,0.525,1214.638732433319,1214.6387028694153,2.956390380859375e-05,,0.358,4208.19921875,4513.42822265625,4915.7734375,123.52364349365234,114.60972595214844,145.87477111816406,755.5297241210938,765.4326171875,620.0247192382812,1196.2672119140625,776.7921142578125,501.2785949707031,235.71408081054688,208.36354064941406,131.6958770751953,221.7117462158203
extra_0prime_to_1,900,001,1,0.55,1214.1353316307068,1214.1353268623352,4.76837158203125e-06,,0.408,4208.52685546875,4513.69873046875,4916.37646484375,124.0361557006836,114.51995849609375,145.5069122314453,754.2692260742188,764.2508544921875,619.329833984375,1196.331787109375,776.5783081054688,500.6549987792969,235.4027557373047,207.42897033691406,129.00497436523438,220.24844360351562
extra_0prime_to_1,900,001,1,0.6,1213.1427516937256,1213.1427488327026,2.86102294921875e-06,,0.405,4209.1953125,4514.626953125,4917.1640625,125.55258178710938,115.18672180175781,145.3602294921875,750.7057495117188,760.6658935546875,616.5925903320312,1196.566650390625,776.1304931640625,499.9930725097656,235.5803985595703,206.40560913085938,124.74853515625,215.8091278076172
extra_0prime_to_1,900,001,1,0.65,1212.4285368919373,1212.4285373687744,-4.76837158203125e-07,,0.428,4209.12548828125,4515.38916015625,4917.6884765625,126.67465209960938,116.6029281616211,145.9637908935547,747.8768920898438,757.2764892578125,613.6038818359375,1196.3314208984375,775.6046142578125,499.86663818359375,236.3240966796875,206.4519500732422,122.14270782470703,211.93341064453125
extra_0prime_to_1,900,001,1,0.7,1211.1084628105164,1211.1084580421448,4.76837158203125e-06,,0.408,4207.6630859375,4515.3095703125,4917.81396484375,126.59474182128906,117.16751861572266,145.7613067626953,745.146484375,753.4021606445312,610.9385986328125,1195.9547119140625,775.2691040039062,499.6341552734375,236.59414672851562,206.04034423828125,116.87924194335938,207.56619262695312
extra_0prime_to_1,900,001,1,0.75,1209.5023007392883,1209.5022721290588,2.86102294921875e-05,,0.41,4202.71435546875,4513.27490234375,4916.2880859375,126.16602325439453,117.44171142578125,145.57772827148438,742.9003295898438,749.7157592773438,608.3018188476562,1195.737548828125,775.4183349609375,499.03179931640625,236.6089630126953,205.41189575195312,112.23286437988281,205.2142333984375
extra_0prime_to_1,900,001,1,0.8,1207.9337940216064,1207.9337635040283,3.0517578125e-05,,0.412,4194.0576171875,4508.70263671875,4912.5419921875,127.29855346679688,119.81951141357422,148.17532348632812,741.0582885742188,746.373046875,605.5292358398438,1195.9464111328125,775.4984130859375,498.1431579589844,237.18348693847656,202.05029296875,109.80570220947266,204.7565460205078
extra_0prime_to_1,900,001,1,0.85,1205.6258716583252,1205.6258697509766,1.9073486328125e-06,,0.405,4176.736328125,4498.26953125,4902.80859375,128.97854614257812,123.39546203613281,152.8035125732422,739.496826171875,744.0023803710938,603.1090698242188,1201.2025146484375,773.20654296875,493.7724609375,236.8280029296875,199.10499572753906,110.28030395507812,206.0188446044922
extra_0prime_to_1,900,001,1,0.9,1199.8841032981873,1199.8841047286987,-1.430511474609375e-06,,0.426,4139.501953125,4474.57958984375,4881.294921875,130.65267944335938,128.0508270263672,158.50221252441406,735.9300537109375,739.7633056640625,599.0813598632812,1210.1939697265625,763.1700439453125,483.1168212890625,237.45220947265625,197.49546813964844,111.84403991699219,207.51622009277344
extra_0prime_to_1,900,001,1,0.95,1177.190923690796,1177.1909608840942,-3.719329833984375e-05,,0.419,4046.3515625,4416.37353515625,4828.45458984375,112.30667114257812,111.72522735595703,141.91336059570312,720.1153564453125,724.1758422851562,583.8146362304688,1208.884521484375,728.5964965820312,458.68817138671875,231.90321350097656,198.4477081298828,114.46172332763672,208.84275817871094
extra_0prime_to_1,900,001,1,1.0,1144.6361966133118,1144.6361994743347,-2.86102294921875e-06,,0.426,3935.1767578125,4312.6337890625,4714.099609375,105.06287384033203,103.01045989990234,123.5876235961914,692.60546875,706.9353637695312,559.3322143554688,1190.2056884765625,678.2033081054688,446.22039794921875,230.719482421875,184.67373657226562,121.17344665527344,210.53897094726562
extra_0prime_to_1,900,001,2,0.0,1159.4325070381165,1159.4324917793274,1.52587890625e-05,13,0.638,4068.82421875,4381.13427734375,4781.43603515625,91.26861572265625,79.07315063476562,107.09153747558594,708.3143310546875,720.5601196289062,589.0485229492188,1178.928955078125,665.2574462890625,448.44744873046875,217.44039916992188,185.334228515625,116.0169906616211,212.74359130859375
extra_0prime_to_1,900,001,2,0.05,1294.6970376968384,1294.6970419883728,-4.291534423828125e-06,13,0.634,4156.94873046875,4469.392578125,4864.29296875,98.88008880615234,86.79216766357422,119.87606048583984,795.177734375,810.8045654296875,616.8394165039062,1201.6734619140625,755.3707885742188,485.36663818359375,223.0368194580078,823.4784545898438,717.7713012695312,489.4508972167969
extra_0prime_to_1,900,001,2,0.1,1258.2511320114136,1258.2511057853699,2.6226043701171875e-05,13,0.641,4170.54443359375,4483.45751953125,4882.50830078125,103.027587890625,92.39427947998047,123.36585998535156,783.9482421875,800.9569091796875,622.3435668945312,1201.3104248046875,759.0436401367188,488.5314636230469,225.14122009277344,575.1675415039062,461.089111328125,359.1875915527344
extra_0prime_to_1,900,001,2,0.15,1234.136028766632,1234.136019706726,9.059906005859375e-06,13,0.618,4182.33251953125,4494.91162109375,4898.2021484375,109.99713134765625,101.15826416015625,130.69192504882812,774.0081787109375,789.4903564453125,623.0455932617188,1201.152099609375,764.1834716796875,493.0780944824219,228.7447052001953,383.09478759765625,290.7073669433594,281.3780517578125
extra_0prime_to_1,900,001,2,0.2,1221.8492431640625,1221.8492398262024,3.337860107421875e-06,13,0.653,4189.65283203125,4501.3525390625,4906.7939453125,116.10828399658203,108.37983703613281,136.9866485595703,768.703125,782.6988525390625,624.5236206054688,1201.2608642578125,767.9884643554688,496.1463928222656,231.4390411376953,267.5064392089844,202.17373657226562,247.8732147216797
extra_0prime_to_1,900,001,2,0.25,1217.7598085403442,1217.75981092453,-2.384185791015625e-06,13,0.635,4194.84228515625,4505.3798828125,4911.2900390625,121.78707122802734,114.66546630859375,142.64303588867188,765.3155517578125,778.6036987304688,625.35546875,1201.304443359375,771.0490112304688,498.3511657714844,233.60516357421875,220.23468017578125,165.1947479248047,234.53526306152344
extra_0prime_to_1,900,001,2,0.3,1217.410056591034,1217.4100489616394,7.62939453125e-06,13,0.627,4199.36572265625,4508.443359375,4913.90673828125,127.42892456054688,120.15094757080078,147.70179748535156,762.0580444335938,775.4927978515625,625.6148071289062,1200.660400390625,773.8521728515625,500.4937438964844,235.74057006835938,205.4508514404297,153.12074279785156,229.07916259765625
extra_0prime_to_1,900,001,2,0.35,1218.4896149635315,1218.4896178245544,-2.86102294921875e-06,13,0.634,4204.00439453125,4512.1015625,4916.697265625,134.57333374023438,125.5049819946289,152.25820922851562,756.5556030273438,769.4523315429688,622.3059692382812,1198.399658203125,777.71337890625,504.20526123046875,239.04283142089844,206.15052795410156,152.43765258789062,224.43092346191406
extra_0prime_to_1,900,001,2,0.4,1219.534203529358,1219.5342054367065,-1.9073486328125e-06,13,0.626,4206.30859375,4513.982421875,4918.32373046875,139.98663330078125,129.1413116455078,155.79310607910156,748.5654907226562,760.3538818359375,614.7652587890625,1195.20458984375,781.107666015625,508.0546875,242.69931030273438,217.68887329101562,159.3390655517578,221.232666015625
extra_0prime_to_1,900,001,2,0.45,1220.2289123535156,1220.2289142608643,-1.9073486328125e-06,13,0.629,4204.23876953125,4510.99755859375,4916.3544921875,142.0295867919922,131.05859375,158.044921875,742.5653686523438,753.293212890625,608.5979614257812,1193.188720703125,782.2291259765625,509.50506591796875,244.35464477539062,233.67039489746094,170.89991760253906,222.63429260253906
extra_0prime_to_1,900,001,2,0.475,1219.9090480804443,1219.9090423583984,5.7220458984375e-06,13,0.561,4202.2958984375,4508.75146484375,4914.20556640625,142.26519775390625,131.55868530273438,158.84483337402344,740.742431640625,751.1079711914062,606.6884765625,1192.8094482421875,782.3418579101562,509.23883056640625,244.23629760742188,238.0971221923828,172.68899536132812,222.67160034179688
extra_0prime_to_1,900,001,2,0.5,1218.973427772522,1218.9734354019165,-7.62939453125e-06,13,0.639,4200.95947265625,4507.099609375,4911.71630859375,142.2436981201172,131.68324279785156,159.19009399414062,739.8687133789062,750.08349609375,605.8554077148438,1192.8277587890625,781.7666625976562,508.481201171875,243.96473693847656,237.7440643310547,168.45831298828125,221.63218688964844
extra_0prime_to_1,900,001,2,0.525,1217.7490797042847,1217.7490816116333,-1.9073486328125e-06,13,0.563,4198.38330078125,4504.30322265625,4907.998046875,142.00845336914062,131.3762664794922,159.08660888671875,740.0325317382812,750.2080688476562,606.31298828125,1193.318115234375,780.7030639648438,507.0214538574219,243.35687255859375,235.7849884033203,162.4679718017578,221.62335205078125
extra_0prime_to_1,900,001,2,0.55,1216.731146812439,1216.7311382293701,8.58306884765625e-06,13,0.63,4195.466796875,4501.4501953125,4904.5322265625,141.9558868408203,130.8787841796875,158.42572021484375,740.5645751953125,750.4119873046875,607.3040161132812,1193.9808349609375,779.40087890625,505.0365295410156,243.02659606933594,233.4486541748047,160.46188354492188,221.35264587402344
extra_0prime_to_1,900,001,2,0.6,1215.5348634719849,1215.5348634719849,0.0,13,0.626,4189.74658203125,4496.9658203125,4898.27294921875,142.29412841796875,130.600830078125,157.59426879882812,740.9320068359375,749.4528198242188,607.5011596679688,1195.72509765625,777.2388916015625,501.65771484375,243.0185089111328,234.21461486816406,164.0874481201172,219.25497436523438
extra_0prime_to_1,900,001,2,0.65,1214.3190622329712,1214.3190670013428,-4.76837158203125e-06,13,0.638,4183.494140625,4492.96044921875,4892.001953125,140.98648071289062,129.8095703125,156.1053924560547,742.4505615234375,749.3124389648438,607.5648193359375,1198.12939453125,773.891357421875,498.45587158203125,242.7499542236328,236.71060180664062,167.6975555419922,216.78453063964844
extra_0prime_to_1,900,001,2,0.7,1212.605050086975,1212.6050462722778,3.814697265625e-06,13,0.623,4174.9267578125,4488.0361328125,4885.1259765625,137.40521240234375,127.03150939941406,152.57684326171875,745.9136962890625,750.8175659179688,609.603271484375,1200.427978515625,771.2411499023438,494.58245849609375,240.4396514892578,238.3388214111328,169.10678100585938,216.10693359375
extra_0prime_to_1,900,001,2,0.75,1210.7903790473938,1210.7903776168823,1.430511474609375e-06,13,0.636,4161.87646484375,4481.16748046875,4877.4208984375,134.01100158691406,123.97552490234375,149.1759490966797,750.0582275390625,753.2890625,612.3690185546875,1201.9710693359375,769.6256103515625,489.6817321777344,236.7349395751953,240.28001403808594,171.28414916992188,219.7248992919922
extra_0prime_to_1,900,001,2,0.8,1207.6134462356567,1207.6134495735168,-3.337860107421875e-06,13,0.63,4142.9921875,4471.322265625,4867.181640625,131.26260375976562,121.69066619873047,146.97628784179688,754.3404541015625,756.6079711914062,615.7990112304688,1203.6197509765625,765.5001831054688,482.73712158203125,231.77694702148438,234.33058166503906,170.44374084472656,225.23377990722656
extra_0prime_to_1,900,001,2,0.85,1203.022644519806,1203.0226011276245,4.3392181396484375e-05,13,0.62,4115.85400390625,4456.396484375,4854.3583984375,130.33627319335938,121.70355224609375,147.25613403320312,756.592041015625,758.4478149414062,618.367431640625,1212.296875,755.2603149414062,471.90533447265625,226.49461364746094,225.50308227539062,166.99069213867188,230.59857177734375
extra_0prime_to_1,900,001,2,0.9,1197.2242965698242,1197.2242975234985,-9.5367431640625e-07,13,0.639,4067.83935546875,4430.498046875,4835.642578125,134.0550079345703,126.30181884765625,149.9629364013672,757.3961181640625,757.4126586914062,619.5667114257812,1225.7340087890625,733.9625244140625,456.47991943359375,225.63482666015625,223.63693237304688,171.03248596191406,240.43283081054688
extra_0prime_to_1,900,001,2,0.95,1171.6932468414307,1171.6932649612427,-1.811981201171875e-05,13,0.623,3979.910400390625,4378.12744140625,4794.92333984375,121.99602508544922,116.53942108154297,132.44293212890625,730.5345458984375,733.2341918945312,596.6530151367188,1216.5567626953125,693.435791015625,435.86334228515625,224.90481567382812,208.53826904296875,150.7964324951172,232.63551330566406
extra_0prime_to_1,900,001,2,1.0,1143.977047920227,1143.9769759178162,7.200241088867188e-05,13,0.635,3944.190185546875,4325.85546875,4725.1455078125,103.75303649902344,99.13804626464844,120.11685943603516,686.3890991210938,700.7650756835938,555.7071533203125,1186.8629150390625,677.2039794921875,448.381591796875,231.83062744140625,186.25643920898438,114.47984313964844,197.5557861328125
main_0_to_0prime,000,900,1,0.0,1148.807415485382,1148.8075003623962,-8.487701416015625e-05,,0.715,4048.84521484375,4363.81494140625,4764.62158203125,93.36491394042969,79.38644409179688,104.8982162475586,687.7188110351562,690.9063110351562,546.343994140625,1181.232666015625,679.7901611328125,445.06915283203125,208.05987548828125,183.49952697753906,101.54234313964844,201.8258514404297
main_0_to_0prime,000,900,1,0.025,1225.9385480880737,1225.9385433197021,4.76837158203125e-06,,0.794,4138.7587890625,4487.32763671875,4926.4755859375,140.42222595214844,109.68531036376953,122.45629119873047,832.3632202148438,828.1227416992188,650.5407104492188,1194.3763427734375,742.58837890625,512.015869140625,254.03099060058594,207.83924865722656,168.36732482910156,299.6460266113281
main_0_to_0prime,000,900,1,0.05,1260.8668146133423,1260.8668060302734,8.58306884765625e-06,,0.61,4177.50341796875,4501.10791015625,4936.171875,212.50051879882812,182.51605224609375,181.71014404296875,875.0762329101562,878.7413330078125,717.0130004882812,1171.3919677734375,747.5164184570312,536.2050170898438,304.1000061035156,220.84645080566406,199.5542449951172,331.914306640625
main_0_to_0prime,000,900,1,0.075,1245.430624961853,1245.4306058883667,1.9073486328125e-05,,0.631,4208.919921875,4525.76123046875,4930.697265625,181.18429565429688,158.91409301757812,173.7910919189453,810.2890014648438,822.2315063476562,675.33349609375,1189.91015625,767.3038940429688,510.16888427734375,281.7839660644531,235.6804656982422,171.31031799316406,283.610107421875
main_0_to_0prime,000,900,1,0.1,1251.5014019012451,1251.501371383667,3.0517578125e-05,,0.944,4217.11767578125,4530.748046875,4930.142578125,199.20599365234375,186.21287536621094,202.6146240234375,794.7981567382812,797.2574462890625,654.2228393554688,1204.3773193359375,787.2260131835938,519.0553588867188,279.3231506347656,269.28387451171875,178.1370391845703,274.2989501953125
main_0_to_0prime,000,900,1,0.125,1259.299295425415,1259.2992181777954,7.724761962890625e-05,,0.63,4220.3212890625,4534.115234375,4931.94091796875,210.1853485107422,202.6796875,219.5717010498047,797.042724609375,795.5183715820312,651.0578002929688,1209.2711181640625,793.6103515625,523.96435546875,284.616943359375,288.9723205566406,199.38880920410156,286.530517578125
main_0_to_0prime,000,900,1,0.15,1262.5057277679443,1262.5058708190918,-0.0001430511474609375,,0.953,4220.86474609375,4534.48193359375,4932.2421875,217.5775604248047,211.4980926513672,230.02650451660156,797.5703125,793.8667602539062,648.1847534179688,1211.2686767578125,797.6007080078125,525.3054809570312,289.82110595703125,294.81103515625,205.19712829589844,289.7769470214844
main_0_to_0prime,000,900,1,0.175,1249.3071365356445,1249.307349205017,-0.00021266937255859375,,0.649,4216.9716796875,4527.54638671875,4926.12890625,193.2344512939453,186.55947875976562,206.96063232421875,791.7632446289062,790.0032348632812,642.2402954101562,1207.5628662109375,790.6057739257812,516.04931640625,272.71771240234375,268.17901611328125,178.98123168945312,273.4133605957031
main_0_to_0prime,000,900,1,0.2,1227.3978815078735,1227.3978662490845,1.52587890625e-05,,0.908,4213.83447265625,4519.83642578125,4918.8984375,140.54058837890625,135.58941650390625,155.4995574951172,786.7408447265625,791.6053466796875,643.7341918945312,1200.9591064453125,771.6431884765625,502.39697265625,242.3907012939453,223.8298797607422,139.80149841308594,251.0652313232422
main_0_to_0prime,000,900,1,0.225,1221.4795699119568,1221.4795570373535,1.2874603271484375e-05,,0.706,4213.56396484375,4518.28662109375,4917.54296875,123.40563201904297,119.51004791259766,139.302734375,785.317138671875,792.8291625976562,646.5137329101562,1199.9962158203125,765.7810668945312,498.066650390625,234.81637573242188,212.06004333496094,130.5944061279297,246.08615112304688
main_0_to_0prime,000,900,1,0.25,1218.0697321891785,1218.0697355270386,-3.337860107421875e-06,,0.862,4212.81591796875,4517.23779296875,4916.64990234375,117.02679443359375,111.80699920654297,134.1184844970703,782.8572387695312,790.1618041992188,644.2536010742188,1199.60400390625,765.1575927734375,495.3733215332031,230.62091064453125,206.30755615234375,123.5079574584961,241.6158905029297
main_0_to_0prime,000,900,1,0.275,1215.9269766807556,1215.926959514618,1.71661376953125e-05,,0.606,4212.35888671875,4516.52099609375,4915.9912109375,114.0422134399414,106.64380645751953,130.59689331054688,781.5703125,789.229248046875,643.6749877929688,1198.8897705078125,764.1370849609375,493.64154052734375,228.42181396484375,201.25241088867188,118.88555145263672,238.97462463378906
main_0_to_0prime,000,900,1,0.3,1214.584068775177,1214.5840668678284,1.9073486328125e-06,,0.649,4212.02294921875,4516.01806640625,4915.5498046875,112.70052337646484,102.89642333984375,127.75004577636719,781.098876953125,789.4024047851562,644.3269653320312,1198.05712890625,763.0057983398438,492.62701416015625,227.1424560546875,197.0883026123047,116.07958984375,237.57872009277344
main_0_to_0prime,000,900,1,0.325,1213.8094429969788,1213.8094410896301,1.9073486328125e-06,,0.637,4211.58447265625,4515.4931640625,4915.13916015625,112.64561462402344,100.65592956542969,125.96028137207031,780.9393920898438,789.9115600585938,645.4257202148438,1197.2681884765625,762.0933227539062,491.9945983886719,226.4060516357422,193.6773223876953,114.7590560913086,236.99722290039062
main_0_to_0prime,000,900,1,0.35,1213.5737957954407,1213.573802471161,-6.67572021484375e-06,,0.478,4211.00146484375,4514.9951171875,4914.8525390625,113.11799621582031,100.10506439208984,125.47266387939453,780.9553833007812,790.3870239257812,646.3185424804688,1196.8660888671875,761.8795776367188,491.6916809082031,225.91847229003906,191.96340942382812,114.69918060302734,236.95663452148438
main_0_to_0prime,000,900,1,0.375,1213.4463572502136,1213.4463591575623,-1.9073486328125e-06,,0.625,4210.14794921875,4514.43603515625,4914.51953125,113.0919189453125,100.08724975585938,125.41191864013672,781.0228881835938,790.795654296875,646.9790649414062,1196.823974609375,762.2364501953125,491.4329528808594,225.0972900390625,190.99057006835938,114.98635864257812,237.08193969726562
main_0_to_0prime,000,900,1,0.4,1213.6654682159424,1213.665503025055,-3.4809112548828125e-05,,0.536,4209.38037109375,4513.76806640625,4913.9501953125,116.15656280517578,100.88253784179688,125.93480682373047,781.2804565429688,792.4888916015625,650.4556884765625,1195.9085693359375,761.11962890625,490.9236145019531,225.99835205078125,185.97998046875,116.36673736572266,238.0535888671875
main_0_to_0prime,000,900,1,0.425,1214.970675945282,1214.9706678390503,8.106231689453125e-06,,0.63,4208.24951171875,4512.92626953125,4913.2958984375,122.16161346435547,104.72789001464844,128.8908233642578,781.9891967773438,794.9281005859375,654.4408569335938,1195.131591796875,760.328369140625,490.7701416015625,227.93455505371094,182.0658721923828,120.9389419555664,240.7510528564453
main_0_to_0prime,000,900,1,0.45,1220.0547618865967,1220.0553226470947,-0.000560760498046875,,0.907,4207.5986328125,4512.60791015625,4912.89111328125,139.0769805908203,116.27972412109375,138.97003173828125,783.7022705078125,798.5939331054688,664.4057006835938,1194.4520263671875,759.3955078125,492.6038818359375,237.6675567626953,179.64984130859375,133.8419189453125,249.14813232421875
main_0_to_0prime,000,900,1,0.475,1247.0731687545776,1247.0731477737427,2.09808349609375e-05,,0.567,4210.8388671875,4515.642578125,4914.787109375,207.4188690185547,169.78323364257812,190.18333435058594,794.3343505859375,814.434326171875,701.5029296875,1195.6005859375,756.3755493164062,507.33953857421875,297.1839904785156,201.12010192871094,189.62478637695312,287.0002136230469
main_0_to_0prime,000,900,1,0.5,1326.7218399047852,1326.7217807769775,5.91278076171875e-05,,0.604,4224.4130859375,4529.1591796875,4924.06298828125,354.7439880371094,314.5533752441406,330.5389099121094,841.0330810546875,874.6018676757812,793.8283081054688,1207.996337890625,766.5784301757812,565.2265625,448.81158447265625,317.33953857421875,333.5230712890625,401.13818359375
main_0_to_0prime,000,900,1,0.525,1409.063705444336,1409.0637760162354,-7.05718994140625e-05,,0.56,4235.62451171875,4542.9990234375,4934.0126953125,490.1571960449219,451.4053649902344,465.22198486328125,904.6019897460938,946.440673828125,884.728515625,1237.6849365234375,805.67431640625,642.6485595703125,580.2911376953125,441.4559631347656,464.12664794921875,517.9468994140625
main_0_to_0prime,000,900,1,0.55,1474.6614036560059,1474.6609344482422,0.000469207763671875,,0.608,4241.90283203125,4553.5068359375,4942.142578125,592.4033813476562,553.5885620117188,566.8399658203125,963.518310546875,1009.1395263671875,957.8320922851562,1268.73876953125,847.4525146484375,710.7511596679688,681.5523681640625,535.8521728515625,561.1824340820312,608.1714477539062
main_0_to_0prime,000,900,1,0.575,1519.718906402588,1519.719337463379,-0.000431060791015625,,0.559,4241.13525390625,4558.00439453125,4945.57275390625,660.704345703125,622.975830078125,636.4429931640625,1009.6777954101562,1056.6549072265625,1009.6990356445312,1294.1807861328125,880.1492309570312,759.4086303710938,749.453857421875,597.7501831054688,625.3325805664062,668.3668212890625
main_0_to_0prime,000,900,1,0.6,1535.033893585205,1535.033058166504,0.000835418701171875,,0.602,4231.85498046875,4553.50048828125,4942.85107421875,685.6079711914062,647.8875122070312,661.4459838867188,1029.7830810546875,1077.5654296875,1032.539794921875,1304.332275390625,890.3912353515625,775.2357177734375,775.0255737304688,616.7238159179688,646.8535766601562,688.930419921875
main_0_to_0prime,000,900,1,0.625,1529.9503593444824,1529.9504852294922,-0.000125885009765625,,0.758,4213.4306640625,4541.17431640625,4933.43017578125,681.0935668945312,643.2491455078125,656.8056640625,1032.67236328125,1081.7252197265625,1034.0145263671875,1304.2989501953125,883.2267456054688,767.5185546875,771.1511840820312,609.4138793945312,641.656982421875,684.3458251953125
main_0_to_0prime,000,900,1,0.65,1509.7364692687988,1509.7362747192383,0.000194549560546875,,0.603,4192.060546875,4526.0166015625,4920.22314453125,654.0709838867188,616.282470703125,630.0650024414062,1021.6311645507812,1070.5634765625,1018.053466796875,1294.40380859375,865.2611694335938,743.1304321289062,744.65380859375,583.1268310546875,615.8409423828125,660.3965454101562
main_0_to_0prime,000,900,1,0.675,1478.2371520996094,1478.2370834350586,6.866455078125e-05,,0.85,4168.068359375,4508.25634765625,4905.00048828125,610.274658203125,570.6138305664062,585.156005859375,999.4686889648438,1046.9346923828125,990.3536987304688,1278.9827880859375,840.1477661132812,705.1565551757812,701.4160766601562,542.2708129882812,575.2423706054688,624.4501953125
main_0_to_0prime,000,900,1,0.7,1437.4615077972412,1437.4617099761963,-0.000202178955078125,,0.61,4145.482421875,4491.42041015625,4890.32861328125,548.4437866210938,508.6690673828125,523.4133911132812,970.7271728515625,1014.7353515625,950.6083984375,1256.766357421875,812.6013793945312,656.723876953125,640.5425415039062,491.8455505371094,523.3021850585938,573.77685546875
main_0_to_0prime,000,900,1,0.725,1391.4802265167236,1391.4803371429443,-0.000110626220703125,,0.743,4127.85400390625,4477.2939453125,4878.658203125,474.70416259765625,435.1015319824219,449.9559020996094,934.5789184570312,975.91455078125,901.3291625976562,1234.186767578125,786.0125732421875,604.419189453125,568.8331298828125,433.7068176269531,463.78228759765625,517.354248046875
main_0_to_0prime,000,900,1,0.75,1340.161111831665,1340.1611614227295,-4.9591064453125e-05,,0.606,4114.6552734375,4465.775390625,4866.7880859375,391.4896240234375,352.68133544921875,366.97808837890625,893.293212890625,932.95361328125,846.5292358398438,1215.6861572265625,764.0657958984375,552.7102661132812,486.8819274902344,357.8507385253906,384.1394958496094,450.100341796875
main_0_to_0prime,000,900,1,0.775,1290.4087142944336,1290.4087162017822,-1.9073486328125e-06,,0.701,4106.49169921875,4456.4814453125,4857.11376953125,304.3841247558594,268.0209655761719,281.26800537109375,856.3883666992188,891.1663818359375,790.6292724609375,1201.702392578125,750.8262329101562,508.6367492675781,399.2937927246094,287.6665344238281,305.20361328125,381.26611328125
main_0_to_0prime,000,900,1,0.8,1252.0319833755493,1252.0319375991821,4.57763671875e-05,,0.669,4102.75732421875,4450.90966796875,4852.0751953125,227.12603759765625,195.28416442871094,209.0612030029297,833.0452880859375,862.0157470703125,748.0408325195312,1195.327880859375,747.305419921875,479.877685546875,323.960693359375,236.6600799560547,239.91793823242188,329.1458435058594
main_0_to_0prime,000,900,1,0.825,1224.033992767334,1224.033974647522,1.811981201171875e-05,,0.564,4107.27099609375,4452.0341796875,4854.4208984375,159.60804748535156,133.43414306640625,150.90293884277344,814.512939453125,838.5628051757812,712.6203002929688,1194.3594970703125,750.2598876953125,465.6060485839844,261.6238098144531,207.29861450195312,190.9853057861328,291.0431823730469
main_0_to_0prime,000,900,1,0.85,1210.2782111167908,1210.2781834602356,2.765655517578125e-05,,0.667,4113.4970703125,4454.6806640625,4859.5751953125,118.6958236694336,99.98187255859375,123.26034545898438,804.1304931640625,824.1845092773438,689.1734008789062,1197.35986328125,755.4796752929688,462.832763671875,222.8136749267578,202.65274047851562,166.09170532226562,270.0411376953125
main_0_to_0prime,000,900,1,0.875,1205.7377667427063,1205.7377915382385,-2.47955322265625e-05,,0.604,4120.1298828125,4458.29833984375,4866.5712890625,103.28876495361328,91.05857849121094,117.14030456542969,796.4501953125,814.64111328125,674.3934936523438,1199.542236328125,757.3809204101562,464.6183166503906,209.4996337890625,205.38897705078125,155.408935546875,257.9936828613281
main_0_to_0prime,000,900,1,0.9,1202.4502053260803,1202.4502205848694,-1.52587890625e-05,,0.554,4124.81005859375,4461.0478515625,4872.62646484375,98.11422729492188,87.85958862304688,115.26351165771484,789.1552734375,807.5256958007812,663.986328125,1200.1842041015625,755.4149780273438,465.8111877441406,209.14004516601562,198.0687713623047,141.06288146972656,249.13246154785156
main_0_to_0prime,000,900,1,0.925,1197.8585319519043,1197.8585457801819,-1.3828277587890625e-05,,0.559,4122.130859375,4459.494140625,4874.63037109375,96.16770935058594,86.18217468261719,114.54534912109375,779.1822509765625,797.8085327148438,652.2933349609375,1200.295654296875,750.60400390625,464.24627685546875,211.96029663085938,187.72772216796875,126.91307830810547,241.5549774169922
main_0_to_0prime,000,900,1,0.95,1190.6242060661316,1190.624204158783,1.9073486328125e-06,,0.632,4111.10595703125,4450.3828125,4865.31640625,96.025634765625,86.24024200439453,115.30398559570312,763.9829711914062,779.989990234375,634.1639404296875,1199.710205078125,738.6344604492188,460.4354553222656,214.4777374267578,181.8876953125,117.64518737792969,234.68458557128906
main_0_to_0prime,000,900,1,0.975,1177.269124031067,1177.2691431045532,-1.9073486328125e-05,,0.583,4093.654052734375,4422.80322265625,4835.77197265625,95.63451385498047,85.1001968383789,114.63699340820312,739.3609619140625,753.0596923828125,608.1936645507812,1195.7071533203125,698.259033203125,455.8958435058594,217.4388885498047,179.7527313232422,113.03816223144531,227.99920654296875
main_0_to_0prime,000,900,1,1.0,1160.982361793518,1160.9823660850525,-4.291534423828125e-06,,0.54,4068.658935546875,4381.736328125,4782.38427734375,92.47392272949219,82.71762084960938,111.84893035888672,708.2150268554688,721.4996337890625,586.8902587890625,1184.1031494140625,669.883544921875,450.34832763671875,219.4831085205078,184.99974060058594,115.18922424316406,215.28582763671875
main_0_to_0prime,000,900,2,0.0,1145.4078459739685,1145.407917022705,-7.104873657226562e-05,13,0.817,4045.18017578125,4355.5625,4752.82666015625,93.54778289794922,78.7115707397461,103.76712799072266,682.8810424804688,683.01123046875,542.824951171875,1176.9844970703125,672.8297119140625,443.3634948730469,206.90586853027344,185.6450958251953,103.18309783935547,199.30186462402344
main_0_to_0prime,000,900,2,0.025,1208.6161212921143,1208.6161437034607,-2.2411346435546875e-05,13,0.891,4125.935546875,4473.134765625,4890.3623046875,108.00432586669922,82.72453308105469,109.92251586914062,793.151611328125,792.0315551757812,635.175048828125,1226.04541015625,746.76513671875,486.72760009765625,226.29766845703125,205.3528289794922,156.8192138671875,279.4082336425781
main_0_to_0prime,000,900,2,0.05,1242.3156003952026,1242.3156309127808,-3.0517578125e-05,13,0.909,4183.52490234375,4506.2724609375,4909.44287109375,158.36972045898438,149.59129333496094,171.4462890625,811.6251220703125,815.227294921875,670.333740234375,1222.8328857421875,777.7880249023438,504.9432067871094,255.3075714111328,245.15518188476562,192.4644317626953,302.72509765625
main_0_to_0prime,000,900,2,0.075,1255.1496515274048,1255.1496877670288,-3.62396240234375e-05,13,0.871,4218.00537109375,4534.19140625,4936.81494140625,186.53208923339844,181.40342712402344,204.82029724121094,792.1491088867188,795.125,649.6962890625,1209.3173828125,798.2391357421875,529.88330078125,280.24322509765625,272.70758056640625,199.4295654296875,293.8368835449219
main_0_to_0prime,000,900,2,0.1,1256.0184526443481,1256.0184154510498,3.719329833984375e-05,13,0.934,4242.89453125,4549.78369140625,4952.34375,195.9036102294922,193.5385284423828,219.68753051757812,769.3133544921875,768.093505859375,621.3677978515625,1199.758056640625,811.86083984375,545.70458984375,287.9377136230469,279.1033020019531,190.93661499023438,268.0672302246094
main_0_to_0prime,000,900,2,0.125,1248.5055828094482,1248.5055856704712,-2.86102294921875e-06,13,0.958,4252.99658203125,4554.60205078125,4958.32958984375,189.54290771484375,188.33233642578125,216.2505645751953,750.9965209960938,749.0170288085938,602.8245849609375,1195.5804443359375,811.7972412109375,544.5360107421875,281.4969177246094,268.6913146972656,171.41952514648438,239.67575073242188
main_0_to_0prime,000,900,2,0.15,1241.0067386627197,1241.006736755371,1.9073486328125e-06,13,0.912,4252.93212890625,4552.5830078125,4956.55712890625,180.84716796875,179.4306640625,207.87521362304688,742.436279296875,742.0969848632812,596.8131713867188,1195.00341796875,807.1907348632812,538.7820434570312,274.277587890625,255.32424926757812,153.46824645996094,220.48976135253906
main_0_to_0prime,000,900,2,0.175,1235.9438829421997,1235.9438858032227,-2.86102294921875e-06,13,1.004,4250.86279296875,4550.6103515625,4954.9267578125,174.7256622314453,173.01028442382812,201.61920166015625,738.16455078125,739.5303955078125,594.8011474609375,1195.437744140625,803.54052734375,533.663818359375,269.0379943847656,245.43096923828125,141.15223693847656,208.58773803710938
main_0_to_0prime,000,900,2,0.2,1232.4854459762573,1232.485445022583,9.5367431640625e-07,13,0.897,4248.54541015625,4548.5400390625,4953.14599609375,170.320068359375,168.23422241210938,196.7977294921875,736.5939331054688,739.2125244140625,594.680908203125,1195.8037109375,800.70361328125,529.8748168945312,265.2861633300781,238.1846466064453,132.45664978027344,201.38668823242188
main_0_to_0prime,000,900,2,0.225,1229.9821939468384,1229.982190132141,3.814697265625e-06,13,0.963,4246.4912109375,4546.7216796875,4951.470703125,166.90440368652344,164.4385223388672,192.89002990722656,736.188232421875,739.7577514648438,595.3212280273438,1196.11474609375,798.3694458007812,526.923095703125,262.3985900878906,232.7545166015625,126.09535217285156,196.8755340576172
main_0_to_0prime,000,900,2,0.25,1228.1336913108826,1228.1336922645569,-9.5367431640625e-07,13,0.866,4244.8720703125,4545.32275390625,4950.1416015625,164.2942352294922,161.43226623535156,189.73422241210938,736.3038330078125,740.5886840820312,596.2097778320312,1196.3289794921875,796.46630859375,524.6053466796875,260.15045166015625,228.59645080566406,121.25557708740234,193.83651733398438
main_0_to_0prime,000,900,2,0.275,1226.6977248191833,1226.6977257728577,-9.5367431640625e-07,13,0.954,4243.5986328125,4544.22509765625,4949.06787109375,162.17030334472656,158.913818359375,187.0491943359375,736.6837768554688,741.5240478515625,597.1945190429688,1196.4488525390625,794.8526000976562,522.7409057617188,258.3175354003906,225.2623748779297,117.4017562866211,191.7123260498047
main_0_to_0prime,000,900,2,0.3,1225.5635523796082,1225.563548564911,3.814697265625e-06,13,0.956,4242.63623046875,4543.41650390625,4948.25,160.44937133789062,156.80625915527344,184.76248168945312,737.19970703125,742.4509887695312,598.1824951171875,1196.5064697265625,793.4806518554688,521.2031860351562,256.7813415527344,222.5492401123047,114.2182846069336,190.12356567382812
main_0_to_0prime,000,900,2,0.325,1224.648057460785,1224.6480569839478,4.76837158203125e-07,13,0.967,4241.90576171875,4542.81103515625,4947.60888671875,159.02760314941406,154.9948272705078,182.76028442382812,737.7968139648438,743.3778076171875,599.1775512695312,1196.5040283203125,792.2779541015625,519.919677734375,255.4847869873047,220.28269958496094,111.529052734375,188.91014099121094
main_0_to_0prime,000,900,2,0.35,1223.9193377494812,1223.919334411621,3.337860107421875e-06,13,1.006,4241.39599609375,4542.40771484375,4947.1484375,157.91429138183594,153.50144958496094,181.0628662109375,738.3952026367188,744.236328125,600.1051025390625,1196.45703125,791.248046875,518.862060546875,254.40769958496094,218.4166259765625,109.23269653320312,187.9178009033203
main_0_to_0prime,000,900,2,0.375,1223.3452653884888,1223.345266342163,-9.5367431640625e-07,13,0.904,4241.09814453125,4542.20849609375,4946.8828125,157.0604705810547,152.26759338378906,179.6090545654297,738.9986572265625,745.0645751953125,600.9989624023438,1196.362548828125,790.3483276367188,517.9931030273438,253.5093994140625,216.8402099609375,107.22219848632812,187.05970764160156
main_0_to_0prime,000,900,2,0.4,1222.9109301567078,1222.9109239578247,6.198883056640625e-06,13,0.961,4240.986328125,4542.17626953125,4946.77392578125,156.48831176757812,151.3253173828125,178.4377899169922,739.5294799804688,745.7755737304688,601.7919311523438,1196.2269287109375,789.5767822265625,517.3161010742188,252.8134002685547,215.58233642578125,105.50697326660156,186.267333984375
main_0_to_0prime,000,900,2,0.425,1222.6040329933167,1222.6040225028992,1.049041748046875e-05,13,1.001,4241.01708984375,4542.31689453125,4946.8408203125,156.164794921875,150.65997314453125,177.54718017578125,739.9537353515625,746.3091430664062,602.4625244140625,1196.088623046875,788.9598999023438,516.7612915039062,252.28036499023438,214.612548828125,104.09561920166016,185.59385681152344
main_0_to_0prime,000,900,2,0.45,1222.44757938385,1222.4475865364075,-7.152557373046875e-06,13,0.923,4241.2685546875,4542.6611328125,4947.09814453125,156.1279754638672,150.3143768310547,176.98794555664062,740.2467651367188,746.6815185546875,603.019775390625,1195.91357421875,788.518310546875,516.4039916992188,251.98538208007812,213.92921447753906,102.98523712158203,185.0194854736328
main_0_to_0prime,000,900,2,0.475,1222.3501448631287,1222.3501362800598,8.58306884765625e-06,13,1.115,4241.58447265625,4543.05908203125,4947.404296875,156.19644165039062,150.0919189453125,176.53770446777344,740.5209350585938,747.04931640625,603.5773315429688,1195.7122802734375,788.1005859375,516.135498046875,251.78770446777344,213.36337280273438,101.98973846435547,184.4915008544922
main_0_to_0prime,000,900,2,0.5,1222.316665172577,1222.3166637420654,1.430511474609375e-06,13,0.981,4241.97412109375,4543.53466796875,4947.77001953125,156.40492248535156,150.0380859375,176.24343872070312,740.739990234375,747.3783569335938,604.1090698242188,1195.49853515625,787.7298583984375,515.9449462890625,251.68638610839844,212.9329071044922,101.11749267578125,183.9638214111328
main_0_to_0prime,000,900,2,0.525,1222.3357648849487,1222.3357601165771,4.76837158203125e-06,13,0.922,4242.41796875,4544.06591796875,4948.1796875,156.70631408691406,150.09414672851562,176.04774475097656,740.9281616210938,747.7055053710938,604.6517333984375,1195.2501220703125,787.3704833984375,515.8345336914062,251.67413330078125,212.61761474609375,100.35578918457031,183.47230529785156
main_0_to_0prime,000,900,2,0.55,1222.41663646698,1222.4166288375854,7.62939453125e-06,13,1.017,4242.92529296875,4544.66552734375,4948.65478515625,157.16236877441406,150.3370819091797,176.02743530273438,741.0310668945312,747.9813842773438,605.1646728515625,1194.9832763671875,787.0467529296875,515.8037109375,251.77163696289062,212.4442901611328,99.70196533203125,182.96481323242188
main_0_to_0prime,000,900,2,0.575,1222.5403861999512,1222.5403938293457,-7.62939453125e-06,13,1.157,4243.44775390625,4545.29248046875,4949.1474609375,157.73153686523438,150.72633361816406,176.1536865234375,741.0543823242188,748.2208251953125,605.6704711914062,1194.710693359375,786.7267456054688,515.8182373046875,251.96139526367188,212.3831329345703,99.1414794921875,182.45968627929688
main_0_to_0prime,000,900,2,0.6,1222.7153902053833,1222.7153902053833,0.0,13,1.194,4243.9970703125,4545.953125,4949.6630859375,158.447021484375,151.2890625,176.435546875,740.99755859375,748.439208984375,606.1957397460938,1194.4183349609375,786.4010009765625,515.892822265625,252.2738037109375,212.4213409423828,98.67413330078125,181.9473876953125
main_0_to_0prime,000,900,2,0.625,1222.9305925369263,1222.930621623993,-2.9087066650390625e-05,13,0.957,4244.53955078125,4546.62890625,4950.1669921875,159.26803588867188,151.98397827148438,176.83035278320312,740.9262084960938,748.7066650390625,606.8031616210938,1194.138671875,786.0409545898438,515.955810546875,252.63514709472656,212.53680419921875,98.27582550048828,181.452880859375
main_0_to_0prime,000,900,2,0.65,1223.1916427612305,1223.191641330719,1.430511474609375e-06,13,1.102,4245.09033203125,4547.31103515625,4950.60205078125,160.1982879638672,152.82260131835938,177.35031127929688,740.7886962890625,748.98291015625,607.5040283203125,1193.8436279296875,785.6201171875,516.0344848632812,253.08290100097656,212.76364135742188,98.03699493408203,181.03424072265625
main_0_to_0prime,000,900,2,0.675,1223.4945921897888,1223.4946193695068,-2.7179718017578125e-05,13,1.066,4245.57275390625,4547.96533203125,4950.94580078125,161.25808715820312,153.85215759277344,178.0443115234375,740.5532836914062,749.2899780273438,608.328857421875,1193.552490234375,785.1275634765625,516.044189453125,253.58982849121094,213.11888122558594,97.96809387207031,180.70230102539062
main_0_to_0prime,000,900,2,0.7,1223.7968521118164,1223.7968454360962,6.67572021484375e-06,13,1.301,4245.87939453125,4548.4716796875,4951.04833984375,162.28433227539062,154.9263153076172,178.7510223388672,740.3810424804688,749.8088989257812,609.4481201171875,1193.173583984375,784.4334106445312,515.9034423828125,254.10275268554688,213.4977569580078,98.03570556640625,180.60372924804688
main_0_to_0prime,000,900,2,0.725,1224.1345691680908,1224.1345686912537,4.76837158203125e-07,13,1.118,4246.02392578125,4548.78125,4950.857421875,163.44703674316406,156.2428741455078,179.66781616210938,740.1798706054688,750.40869140625,610.8120727539062,1192.7203369140625,783.5516357421875,515.6243896484375,254.68948364257812,214.0089569091797,98.3633041381836,180.77403259277344
main_0_to_0prime,000,900,2,0.75,1224.4118165969849,1224.4118213653564,-4.76837158203125e-06,13,1.268,4245.8349609375,4548.71044921875,4950.18798828125,164.42758178710938,157.4665985107422,180.43507385253906,740.1712036132812,751.3754272460938,612.6729125976562,1192.177490234375,782.3878173828125,514.9007568359375,255.09886169433594,214.4838104248047,98.87718200683594,181.3810272216797
main_0_to_0prime,000,900,2,0.775,1224.3882403373718,1224.388240814209,-4.76837158203125e-07,13,1.152,4244.77490234375,4547.9580078125,4948.70458984375,164.3010711669922,157.77011108398438,180.24855041503906,740.5699462890625,752.94091796875,615.3333740234375,1191.5045166015625,780.6217651367188,513.1569213867188,254.6193389892578,214.86253356933594,99.8160400390625,183.02926635742188
main_0_to_0prime,000,900,2,0.8,1224.194640636444,1224.1946377754211,2.86102294921875e-06,13,1.109,4242.43603515625,4546.5087890625,4946.25634765625,163.05145263671875,157.18077087402344,179.04721069335938,741.7840576171875,755.5556640625,619.4844360351562,1190.80126953125,778.0286254882812,510.0174865722656,253.1049346923828,215.2596435546875,101.97403717041016,186.62344360351562
main_0_to_0prime,000,900,2,0.825,1224.3576736450195,1224.357669353485,4.291534423828125e-06,13,0.912,4238.80126953125,4544.76318359375,4942.4609375,160.92002868652344,156.2362518310547,177.2470703125,744.5089721679688,759.5359497070312,625.7281494140625,1189.0848388671875,774.4714965820312,505.956298828125,251.5865478515625,216.79736328125,107.85343170166016,193.7709197998047
main_0_to_0prime,000,900,2,0.85,1224.4940304756165,1224.4940104484558,2.002716064453125e-05,13,1.003,4230.9169921875,4540.5927734375,4935.6298828125,155.077392578125,152.314697265625,172.29519653320312,751.8099975585938,767.848876953125,636.365234375,1187.171875,768.3938598632812,499.0057373046875,248.62417602539062,218.27403259277344,119.87871551513672,207.70472717285156
main_0_to_0prime,000,900,2,0.875,1223.9066305160522,1223.9066286087036,1.9073486328125e-06,13,0.875,4213.37109375,4530.07568359375,4923.14794921875,144.5637664794922,143.9112091064453,164.08973693847656,763.63037109375,781.0152587890625,650.176513671875,1188.7740478515625,759.6174926757812,486.3782043457031,243.45050048828125,220.24220275878906,140.7945556640625,229.26747131347656
main_0_to_0prime,000,900,2,0.9,1223.3096237182617,1223.3096075057983,1.621246337890625e-05,13,1.172,4183.169921875,4509.29638671875,4903.25439453125,134.2152862548828,133.24093627929688,154.48301696777344,777.5823364257812,797.7298583984375,664.1412963867188,1195.6409912109375,749.4873046875,470.3270568847656,237.73204040527344,229.9720916748047,174.11863708496094,258.5621643066406
main_0_to_0prime,000,900,2,0.925,1217.1331057548523,1217.133071422577,3.4332275390625e-05,13,0.969,4145.31396484375,4476.9853515625,4876.4951171875,116.06881713867188,112.4770736694336,135.23765563964844,782.899658203125,805.0460205078125,664.2350463867188,1199.663330078125,738.5319213867188,458.11566162109375,227.64996337890625,248.17979431152344,207.9697265625,279.2600402832031
main_0_to_0prime,000,900,2,0.95,1198.593554019928,1198.593581199646,-2.7179718017578125e-05,13,1.095,4111.03076171875,4439.482421875,4845.80517578125,100.29977416992188,93.27466583251953,120.39017486572266,764.294189453125,782.24267578125,633.5272827148438,1199.6171875,721.0762939453125,453.8082275390625,219.95741271972656,234.11354064941406,192.453857421875,266.1236572265625
main_0_to_0prime,000,900,2,0.975,1173.6333966255188,1173.63339138031,5.245208740234375e-06,13,0.944,4085.808349609375,4406.08935546875,4816.6650390625,95.4899673461914,85.62539672851562,114.60298919677734,726.085693359375,741.2581176757812,599.3235473632812,1194.01513671875,685.289794921875,451.1053161621094,219.03369140625,190.72154235839844,133.02732849121094,233.9929962158203
main_0_to_0prime,000,900,2,1.0,1159.4325160980225,1159.432508945465,7.152557373046875e-06,13,1.066,4068.824462890625,4381.13427734375,4781.43603515625,91.2685775756836,79.07315826416016,107.09154510498047,708.314453125,720.5601806640625,589.04833984375,1178.928955078125,665.2574462890625,448.4473876953125,217.44041442871094,185.33425903320312,116.01704406738281,212.7436065673828
self_0_to_0,000,000,1,0.0,1148.807406425476,1148.8074202537537,-1.3828277587890625e-05,,0.351,4048.844482421875,4363.81494140625,4764.62109375,93.36492919921875,79.38642120361328,104.89817810058594,687.71875,690.906494140625,546.343994140625,1181.2325439453125,679.7901611328125,445.0690612792969,208.05990600585938,183.49949645996094,101.54240417480469,201.82586669921875
self_0_to_0,000,000,1,0.05,1148.8074226379395,1148.8074617385864,-3.910064697265625e-05,,0.353,4048.844970703125,4363.81494140625,4764.62109375,93.36491394042969,79.386474609375,104.8981704711914,687.71875,690.9063110351562,546.3440551757812,1181.232666015625,679.7902221679688,445.06915283203125,208.05990600585938,183.49952697753906,101.54235076904297,201.8258819580078
self_0_to_0,000,000,1,0.1,1148.8074321746826,1148.807396888733,3.528594970703125e-05,,0.348,4048.844482421875,4363.814453125,4764.62109375,93.36492919921875,79.38642883300781,104.898193359375,687.7188110351562,690.906494140625,546.343994140625,1181.2325439453125,679.7901611328125,445.06915283203125,208.05984497070312,183.49952697753906,101.54231262207031,201.825927734375
self_0_to_0,000,000,1,0.15,1148.8074550628662,1148.807454586029,4.76837158203125e-07,,0.465,4048.8447265625,4363.81494140625,4764.62109375,93.36495208740234,79.38642883300781,104.89822387695312,687.71875,690.9063720703125,546.3441162109375,1181.232666015625,679.7901611328125,445.06915283203125,208.05990600585938,183.49951171875,101.54234313964844,201.825927734375
self_0_to_0,000,000,1,0.2,1148.807463645935,1148.8074464797974,1.71661376953125e-05,,0.413,4048.8447265625,4363.81494140625,4764.62109375,93.36491394042969,79.3864517211914,104.89817810058594,687.7186889648438,690.9064331054688,546.3441162109375,1181.232666015625,679.7901611328125,445.0691223144531,208.05990600585938,183.49949645996094,101.54239654541016,201.8258514404297
self_0_to_0,000,000,1,0.25,1148.8075037002563,1148.8074259757996,7.772445678710938e-05,,0.417,4048.8447265625,4363.81494140625,4764.62109375,93.36489868164062,79.38642883300781,104.89820098876953,687.7186889648438,690.90625,546.343994140625,1181.232666015625,679.7901000976562,445.0692138671875,208.0599365234375,183.49951171875,101.54231262207031,201.8258514404297
self_0_to_0,000,000,1,0.3,1148.8074207305908,1148.8074202537537,4.76837158203125e-07,,0.463,4048.844970703125,4363.814453125,4764.62109375,93.36491394042969,79.38644409179688,104.898193359375,687.71875,690.9063720703125,546.3440551757812,1181.2325439453125,679.7902221679688,445.069091796875,208.05990600585938,183.49945068359375,101.54236602783203,201.82589721679688
self_0_to_0,000,000,1,0.35,1148.807436466217,1148.8074231147766,1.33514404296875e-05,,0.367,4048.8447265625,4363.814453125,4764.62109375,93.36491394042969,79.38643646240234,104.8981704711914,687.7188110351562,690.9065551757812,546.3440551757812,1181.232666015625,679.7901000976562,445.0692138671875,208.05987548828125,183.49949645996094,101.54235076904297,201.8258514404297
self_0_to_0,000,000,1,0.4,1148.8074531555176,1148.8074402809143,1.2874603271484375e-05,,0.381,4048.8447265625,4363.81494140625,4764.62109375,93.36493682861328,79.38644409179688,104.89818572998047,687.7188720703125,690.9063720703125,546.3440551757812,1181.2325439453125,679.7901000976562,445.0691223144531,208.05990600585938,183.49951171875,101.5423812866211,201.8258514404297
self_0_to_0,000,000,1,0.45,1148.8073868751526,1148.8074750900269,-8.821487426757812e-05,,0.364,4048.844970703125,4363.81494140625,4764.62109375,93.36491394042969,79.38644409179688,104.89818572998047,687.7188720703125,690.9063720703125,546.3440551757812,1181.232666015625,679.7902221679688,445.0692138671875,208.05992126464844,183.49952697753906,101.54232025146484,201.8258819580078
self_0_to_0,000,000,1,0.475,1148.8074049949646,1148.8074560165405,-5.1021575927734375e-05,,0.486,4048.844970703125,4363.81494140625,4764.62109375,93.36492156982422,79.38645935058594,104.89822387695312,687.7188110351562,690.9064331054688,546.3439331054688,1181.2325439453125,679.7902221679688,445.06915283203125,208.05987548828125,183.49949645996094,101.54236602783203,201.8258514404297
self_0_to_0,000,000,1,0.5,1148.8074202537537,1148.807433605194,-1.33514404296875e-05,,0.434,4048.8447265625,4363.814453125,4764.62109375,93.36492919921875,79.38642883300781,104.898193359375,687.71875,690.9064331054688,546.3441162109375,1181.232666015625,679.7902221679688,445.0693054199219,208.05987548828125,183.49951171875,101.54241180419922,201.82582092285156
self_0_to_0,000,000,1,0.525,1148.807448387146,1148.807415485382,3.2901763916015625e-05,,0.504,4048.8447265625,4363.814453125,4764.62109375,93.36494445800781,79.38644409179688,104.89820098876953,687.7188110351562,690.9064331054688,546.343994140625,1181.232666015625,679.7902221679688,445.0690612792969,208.05990600585938,183.49949645996094,101.54234313964844,201.8258514404297
self_0_to_0,000,000,1,0.55,1148.8074884414673,1148.8075013160706,-1.2874603271484375e-05,,0.414,4048.8447265625,4363.81494140625,4764.62158203125,93.36494445800781,79.38644409179688,104.89820098876953,687.7188110351562,690.9064331054688,546.3441772460938,1181.232666015625,679.7902221679688,445.0692138671875,208.05990600585938,183.49951171875,101.54234313964844,201.82589721679688
self_0_to_0,000,000,1,0.6,1148.8074016571045,1148.807375907898,2.574920654296875e-05,,0.415,4048.84423828125,4363.814453125,4764.62109375,93.36495208740234,79.38642120361328,104.89818572998047,687.71875,690.9063720703125,546.3440551757812,1181.232666015625,679.7901611328125,445.0691223144531,208.05984497070312,183.4994659423828,101.54235076904297,201.8258819580078
self_0_to_0,000,000,1,0.65,1148.807460308075,1148.807430267334,3.0040740966796875e-05,,0.409,4048.8447265625,4363.81494140625,4764.62109375,93.36495208740234,79.38641357421875,104.89820861816406,687.71875,690.90625,546.3440551757812,1181.2325439453125,679.7901611328125,445.0691833496094,208.05987548828125,183.49952697753906,101.5423355102539,201.82586669921875
self_0_to_0,000,000,1,0.7,1148.80743932724,1148.80743932724,0.0,,0.41,4048.844970703125,4363.814453125,4764.62109375,93.36495208740234,79.38641357421875,104.89817810058594,687.7188110351562,690.906494140625,546.343994140625,1181.2325439453125,679.7901611328125,445.0692443847656,208.05992126464844,183.49952697753906,101.54238891601562,201.8258819580078
self_0_to_0,000,000,1,0.75,1148.807427406311,1148.8073930740356,3.4332275390625e-05,,0.419,4048.844482421875,4363.814453125,4764.62109375,93.36491394042969,79.38644409179688,104.89813995361328,687.7188110351562,690.906494140625,546.343994140625,1181.2325439453125,679.7902221679688,445.0690612792969,208.05987548828125,183.49951171875,101.5423812866211,201.82586669921875
self_0_to_0,000,000,1,0.8,1148.8073916435242,1148.8074307441711,-3.910064697265625e-05,,0.415,4048.844482421875,4363.81494140625,4764.62109375,93.36491394042969,79.38641357421875,104.898193359375,687.7186279296875,690.906494140625,546.343994140625,1181.232666015625,679.7901611328125,445.0692443847656,208.05992126464844,183.49951171875,101.54235076904297,201.8258819580078
self_0_to_0,000,000,1,0.85,1148.8074479103088,1148.807454109192,-6.198883056640625e-06,,0.416,4048.8447265625,4363.81494140625,4764.62109375,93.36495971679688,79.38643646240234,104.89820098876953,687.7188110351562,690.9063720703125,546.3441162109375,1181.232666015625,679.7902221679688,445.069091796875,208.0598907470703,183.49949645996094,101.54238891601562,201.8258514404297
self_0_to_0,000,000,1,0.9,1148.8074254989624,1148.8074398040771,-1.430511474609375e-05,,0.415,4048.8447265625,4363.81494140625,4764.62109375,93.36493682861328,79.38642883300781,104.898193359375,687.7188110351562,690.9063720703125,546.3439331054688,1181.2325439453125,679.7902221679688,445.0692138671875,208.0599365234375,183.4994659423828,101.5423355102539,201.8258819580078
self_0_to_0,000,000,1,0.95,1148.8074493408203,1148.807433128357,1.621246337890625e-05,,0.411,4048.844482421875,4363.81494140625,4764.62109375,93.36493682861328,79.38644409179688,104.89822387695312,687.7188110351562,690.9063720703125,546.3440551757812,1181.2325439453125,679.7901611328125,445.0692138671875,208.05990600585938,183.49949645996094,101.54235076904297,201.82589721679688
self_0_to_0,000,000,1,1.0,1148.8074164390564,1148.8074426651,-2.6226043701171875e-05,,0.412,4048.8447265625,4363.814453125,4764.62158203125,93.36495208740234,79.386474609375,104.8981704711914,687.71875,690.906494140625,546.343994140625,1181.2325439453125,679.7902221679688,445.069091796875,208.05990600585938,183.49951171875,101.54232788085938,201.8258819580078
self_0_to_0,000,000,2,0.0,1145.4077501296997,1145.4078431129456,-9.298324584960938e-05,13,0.63,4045.18017578125,4355.5625,4752.82568359375,93.54779052734375,78.71157836914062,103.76710510253906,682.8809814453125,683.01123046875,542.8248901367188,1176.9844970703125,672.8296508789062,443.36346435546875,206.90585327148438,185.6450653076172,103.18311309814453,199.30191040039062
self_0_to_0,000,000,2,0.05,1145.4078674316406,1145.4078226089478,4.482269287109375e-05,13,0.642,4045.1796875,4355.5625,4752.82568359375,93.5478515625,78.7115478515625,103.76705169677734,682.8809814453125,683.0111694335938,542.8250732421875,1176.9844970703125,672.8297119140625,443.3634338378906,206.90585327148438,185.64511108398438,103.18306732177734,199.30194091796875
self_0_to_0,000,000,2,0.1,1145.407868862152,1145.4078373908997,3.147125244140625e-05,13,0.625,4045.18017578125,4355.5625,4752.82568359375,93.54781341552734,78.71156311035156,103.76710510253906,682.8810424804688,683.0112915039062,542.8248291015625,1176.984619140625,672.82958984375,443.36346435546875,206.90577697753906,185.64505004882812,103.18302917480469,199.30186462402344
self_0_to_0,000,000,2,0.15,1145.4077954292297,1145.407793521881,1.9073486328125e-06,13,0.62,4045.17919921875,4355.5625,4752.82568359375,93.54782104492188,78.7115707397461,103.76708984375,682.8810424804688,683.0110473632812,542.8250122070312,1176.9844970703125,672.829833984375,443.36358642578125,206.9058074951172,185.6450958251953,103.18302917480469,199.3018798828125
self_0_to_0,000,000,2,0.2,1145.4078435897827,1145.4078388214111,4.76837158203125e-06,13,0.623,4045.179931640625,4355.56201171875,4752.826171875,93.54780578613281,78.7115707397461,103.7671127319336,682.8809204101562,683.0114135742188,542.8248901367188,1176.984619140625,672.8296508789062,443.3634948730469,206.90585327148438,185.64505004882812,103.18305969238281,199.30186462402344
self_0_to_0,000,000,2,0.25,1145.407799243927,1145.4078478813171,-4.863739013671875e-05,13,0.632,4045.179931640625,4355.5625,4752.826171875,93.54784393310547,78.7115478515625,103.76708221435547,682.8809814453125,683.0111083984375,542.824951171875,1176.9844970703125,672.82958984375,443.363525390625,206.9058380126953,185.64508056640625,103.1830062866211,199.30191040039062
self_0_to_0,000,000,2,0.3,1145.4078636169434,1145.4078359603882,2.765655517578125e-05,13,0.625,4045.179931640625,4355.56201171875,4752.826171875,93.5478515625,78.7115478515625,103.76708984375,682.8809204101562,683.01123046875,542.8248901367188,1176.9844970703125,672.829833984375,443.3635559082031,206.90582275390625,185.64508056640625,103.18305969238281,199.3018798828125
self_0_to_0,000,000,2,0.35,1145.4078497886658,1145.4078440666199,5.7220458984375e-06,13,0.625,4045.1796875,4355.5625,4752.826171875,93.54779052734375,78.71156311035156,103.76707458496094,682.8809204101562,683.0112915039062,542.824951171875,1176.9844970703125,672.8296508789062,443.3634338378906,206.90585327148438,185.64515686035156,103.18305206298828,199.30191040039062
self_0_to_0,000,000,2,0.4,1145.4078245162964,1145.4078164100647,8.106231689453125e-06,13,0.62,4045.18017578125,4355.56201171875,4752.826171875,93.54780578613281,78.7115707397461,103.76710510253906,682.8809814453125,683.01123046875,542.8248291015625,1176.9844970703125,672.82958984375,443.3632507324219,206.90582275390625,185.64511108398438,103.18302917480469,199.3018798828125
self_0_to_0,000,000,2,0.45,1145.4078044891357,1145.4078617095947,-5.7220458984375e-05,13,0.625,4045.1796875,4355.5625,4752.826171875,93.54780578613281,78.71158599853516,103.76709747314453,682.8810424804688,683.0111694335938,542.8250732421875,1176.9844970703125,672.8298950195312,443.3633728027344,206.90585327148438,185.64508056640625,103.18304443359375,199.30191040039062
self_0_to_0,000,000,2,0.475,1145.4077997207642,1145.4078521728516,-5.245208740234375e-05,13,0.577,4045.179443359375,4355.5625,4752.82666015625,93.54782104492188,78.71158599853516,103.76705932617188,682.8809204101562,683.01123046875,542.8248901367188,1176.9844970703125,672.8296508789062,443.36346435546875,206.9058380126953,185.6451416015625,103.18302154541016,199.30191040039062
self_0_to_0,000,000,2,0.5,1145.4077911376953,1145.4078588485718,-6.771087646484375e-05,13,0.628,4045.18017578125,4355.5625,4752.826171875,93.54781341552734,78.71151733398438,103.7671127319336,682.8809204101562,683.0111083984375,542.8250122070312,1176.9844970703125,672.82958984375,443.3634948730469,206.9058074951172,185.64511108398438,103.18307495117188,199.3018341064453
self_0_to_0,000,000,2,0.525,1145.4078660011292,1145.407877922058,-1.1920928955078125e-05,13,0.572,4045.1796875,4355.5625,4752.82666015625,93.54782104492188,78.71154022216797,103.76708984375,682.8809204101562,683.0112915039062,542.824951171875,1176.9844970703125,672.8296508789062,443.3635559082031,206.9058074951172,185.6450958251953,103.18306732177734,199.30191040039062
self_0_to_0,000,000,2,0.55,1145.4078307151794,1145.4078130722046,1.7642974853515625e-05,13,0.624,4045.179443359375,4355.5625,4752.82568359375,93.5478744506836,78.7115249633789,103.76712036132812,682.8809814453125,683.01123046875,542.824951171875,1176.9844970703125,672.8297119140625,443.36358642578125,206.9058074951172,185.64511108398438,103.18305969238281,199.3019256591797
self_0_to_0,000,000,2,0.6,1145.4078130722046,1145.4078273773193,-1.430511474609375e-05,13,0.635,4045.179931640625,4355.5625,4752.82568359375,93.54779052734375,78.71156311035156,103.76710510253906,682.8810424804688,683.01123046875,542.8250122070312,1176.9844970703125,672.8296508789062,443.3634948730469,206.9058074951172,185.64505004882812,103.18301391601562,199.30186462402344
self_0_to_0,000,000,2,0.65,1145.4078450202942,1145.407832145691,1.2874603271484375e-05,13,0.628,4045.179443359375,4355.5625,4752.826171875,93.54777526855469,78.7115478515625,103.76707458496094,682.8809204101562,683.0111694335938,542.8250732421875,1176.9844970703125,672.8297119140625,443.363525390625,206.9058380126953,185.6450958251953,103.18304443359375,199.3019256591797
self_0_to_0,000,000,2,0.7,1145.4078102111816,1145.407859325409,-4.9114227294921875e-05,13,0.623,4045.179931640625,4355.5625,4752.826171875,93.54782104492188,78.7115478515625,103.76712036132812,682.8809204101562,683.0111083984375,542.824951171875,1176.9844970703125,672.8297729492188,443.3634948730469,206.9058380126953,185.6450958251953,103.18306732177734,199.30191040039062
self_0_to_0,000,000,2,0.75,1145.4078164100647,1145.4078059196472,1.049041748046875e-05,13,0.63,4045.1796875,4355.5625,4752.8251953125,93.54785919189453,78.71157836914062,103.76708221435547,682.8809204101562,683.0113525390625,542.8250122070312,1176.9844970703125,672.829833984375,443.36346435546875,206.90579223632812,185.64508056640625,103.18309783935547,199.30194091796875
self_0_to_0,000,000,2,0.8,1145.407877445221,1145.407850265503,2.7179718017578125e-05,13,0.621,4045.18017578125,4355.56201171875,4752.826171875,93.54784393310547,78.7115478515625,103.76708984375,682.8809204101562,683.0111083984375,542.8250732421875,1176.9844970703125,672.8297119140625,443.363525390625,206.9058074951172,185.64508056640625,103.18309783935547,199.30194091796875
self_0_to_0,000,000,2,0.85,1145.4078288078308,1145.4078555107117,-2.6702880859375e-05,13,0.62,4045.179443359375,4355.56298828125,4752.82568359375,93.54782104492188,78.71156311035156,103.76708984375,682.8809814453125,683.01123046875,542.8250122070312,1176.9844970703125,672.8298950195312,443.363525390625,206.9058380126953,185.64511108398438,103.18306732177734,199.30194091796875
self_0_to_0,000,000,2,0.9,1145.4078154563904,1145.4078297615051,-1.430511474609375e-05,13,0.642,4045.1796875,4355.5625,4752.826171875,93.54782104492188,78.71155548095703,103.76712799072266,682.8809204101562,683.0111083984375,542.824951171875,1176.9844970703125,672.82958984375,443.36358642578125,206.90576171875,185.64508056640625,103.18303680419922,199.3018798828125
self_0_to_0,000,000,2,0.95,1145.407804965973,1145.4078078269958,-2.86102294921875e-06,13,0.653,4045.1796875,4355.5625,4752.82568359375,93.54781341552734,78.7115478515625,103.7671127319336,682.8809204101562,683.0111694335938,542.824951171875,1176.9844970703125,672.8297119140625,443.3634948730469,206.9058380126953,185.64508056640625,103.18297576904297,199.30194091796875
self_0_to_0,000,000,2,1.0,1145.407817363739,1145.4078788757324,-6.151199340820312e-05,13,0.627,4045.18017578125,4355.5625,4752.826171875,93.54777526855469,78.71155548095703,103.76709747314453,682.8809814453125,683.01123046875,542.8250122070312,1176.9844970703125,672.829833984375,443.36346435546875,206.90582275390625,185.6450653076172,103.18301391601562,199.30186462402344
